choice,weight,voter.id
FOR,5164221915842609152,0x001dc27961f97a04bcecd829a12895ccf8ca3b3c
FOR,5999185787532386304,0x0049a94810c1a9df3b248a41c72b6de01c6536f6
FOR,0,0x00843213a104a752ec360108688979e378204137
FOR,5332925661105856512,0x0086aacadf181b168f94f9a637d56d5f87eaa36d
FOR,17597127063318083584,0x00df99e12315cac90f49527b07d753b7fe9faccd
FOR,5715332361134587904,0x0157455ebb035907b8d794a542764f5941b6cae9
FOR,5415607043896639488,0x01dd9673458f3581331f1880ab79497bf7f287ab
FOR,0,0x02766e3d25bda6badcd34d7bcea5bf054990444a
FOR,2000000000000000000,0x0279e4db6596933aab0d7d3a11c74b01fd44e344
FOR,2629872076482576384,0x039c7320956110b7e9e350d382a354d6ace8d2c0
FOR,1000000000000000000,0x03dd5a390f1cdd203f41bfc681a98e741f3e5ac3
FOR,0,0x046a65107b7f4ca5ba7742b928303c0f0917d843
FOR,0,0x049bc926899b3c35ff3787865d5041aa1ec815c3
FOR,0,0x04dd59e3a1e58f5ccc51ecec0db2a0817506e79c
FOR,0,0x04fda72d3a0dbbfa6793a604cedb5e5631750df2
FOR,0,0x056d6b0c371a05d309915fb746b7ad7bcf470135
FOR,0,0x0586fcc2d0d400596ff326f30debaa3a79e33c25
FOR,3000000000000000140,0x06c4865ab16c9c760622f19a313a2e637e2e66a2
FOR,0,0x06fb028ba0cb89f9b9049a066e784fd3b8662030
FOR,0,0x0813e1b0a5b1d0d67ceac68696591f5aecc613c7
FOR,0,0x082a7745762a21089d79b7ae877d77481adb823e
FOR,0,0x08309a845868301b64d90b3c3280c205329abe6a
FOR,118946751672932827136,0x0a1a354bfdf71f3da7353497b5d3917d3b19a81c
FOR,5495162663746191360,0x0a3c515b3b8e621f826089d4783554935d1cba40
FOR,5052787527948820480,0x0a4deea0d78599f79f346db7855e47cf250d1126
FOR,0,0x0a95d8ae3c78b779d5aff68764a195a6c634be92
FOR,5042193856808517632,0x0ad5881b80a756555b8ef9cb63074e72117422a0
FOR,5479375279799762944,0x0c5da262ba0567ed8a80dc13e98712e6e1e3e3be
FOR,0,0x0d802279a8c178750e5aa08c6eae97c4ac03aee5
FOR,5659893809681915904,0x0ddb19eb891791cc28a061690e6c5f5f0b9084b8
FOR,0,0x0f62d09cd84b4469f58e14c32180d1d7ffc5e87c
FOR,0,0x0f7e46d4a4397d06d43567c9f161ec2bba57cf8e
FOR,2899557140111548416,0x101aff216865f56e7653b2a0c6f714980606f072
FOR,5072025510572015616,0x10cea1cb642315e4d2375c20d22e858a6d082ccc
FOR,148411629760696146131,0x10e5fdfc4f07b9747a99aa2aa0e154011c84a9c2
FOR,1686517388121063424,0x113406a66a9c41b9899f9bf08c39931cd7437ac3
FOR,5901750813393674240,0x11ea1587479e343ed96479740874025357fe0612
FOR,5803761775626985472,0x139ee0c080e8fc626e27dded61869a811ad2b2dc
FOR,14200000000000000000,0x1415f4f436ee87cd1e839f281ba248794d33e921
FOR,5231073006027964416,0x14c7585ce7daf554d8852278fd2ad20e976c59d1
FOR,0,0x14d7c606d985fbe3188ea90831b5e0fbdb3b9a17
FOR,5861594961946243072,0x161f3a011f67f20bab41e19be80938219c35a8fc
FOR,5656136918206423040,0x165e2a588b5516f80799361f7b8437bd9fbc3496
FOR,1136355678428422144,0x1665deabb5f7711034601d8eeb31be333d3f88a0
ABSTAIN,0,0x1684c382352fa8992e2d12264b08cbfd8e06b7b1
FOR,5502528650205134848,0x1725416155f0f6e80fde63fd628032bfa45908f7
FOR,0,0x172ccfa1484142356bc54edc7073b03eae10e2f6
FOR,5476180968519835648,0x173e831d2d22e237593736784eacc3bb80c3b0f0
FOR,1294307940000000000,0x177821cbe97b3eb0a20de1fd534bc7160cbcd76e
FOR,5229962148523155456,0x179a510e7042a1ebcfebb3d9b79ab03277d4bfe3
FOR,0,0x17cc5605710640444082b13b2fdcfc36a16ccc51
FOR,12431913771008,0x18108b6c46ce2a0b67d40e60f12c63c75cd7c88a
FOR,5746199190854426624,0x187e340b197205b70203fd5d00da05ed21088f7e
FOR,1000000000000000000,0x1a5da809b313ee593b3bba6b063f747e2288acb6
FOR,0,0x1ba1ff69f03d38af7ef40e3afdc53ad073eb4642
FOR,5663970132285399040,0x1bc13582dd4654a21336a4118bc7fe8a47c09cc7
FOR,0,0x1d45c9fe2846063c9c0954781f1c8031bd39776a
FOR,339506306204245967872,0x1d5460f896521ad685ea4c3f2c679ec0b6806359
FOR,2600000000000000000,0x1f5e9701091b54457b573f9b9720f87b3fbc97c4
FOR,0,0x1f63690d46ac591366508eb66ff585f6d0bfc42e
FOR,0,0x1f6e2fdc8d2f6e49db48f6c1dd95f8d7c1061bfc
FOR,118948058003217462272,0x1f70ebbd87dbe62f323864c982f89c9e81539574
FOR,2761180943674507264,0x2168577af945529fc223e3a2f6d55cc68d8f294a
FOR,1000000000000000000,0x21eae6e365aeb7cd907473ec12176d0976914e68
FOR,0,0x21f14394d1eb6cf83743a1cfb78f1fb1049e7d6c
FOR,5326422615455375360,0x223efbe646858470c2e28da6c929331ecf855dab
FOR,5196285420385214464,0x22d61cd1ddc8b9f951fdb74eae533dadcf4bb196
FOR,0,0x23523c7ede0e71b55ee7433da1734c710d2d292f
FOR,0,0x23690d5be941fdf2573fad8cfec3fdef26805f9a
FOR,125000000000000000000,0x23c4111d6f85de542dd8ad911c7c3cc66e98faa7
FOR,5899982023117766656,0x23dec0dc706eae176f69e871f08d58124cd96e57
FOR,5775995669680619520,0x24a7cbb557cb0c1498f77e70a28dc7cb01e2a2d3
FOR,5204695517546102784,0x2574f999bb26b326a255a1c48fe4a4089e723493
FOR,0,0x25ad2667b19e866109c1a93102b816730a6aec3f
FOR,5084371328724123648,0x264cd18f0572da20152cab327800c1a854f61f66
FOR,0,0x26d04699e336c04ed8d95c9483a1c73c60c8169e
FOR,5909154940882837504,0x26fd86bc1a2e0b174f55c15184e731984e424ec0
FOR,5207675285531123712,0x27806099295c0b77eebaefc6479100732d3ecf8b
FOR,1261551648743931904,0x27b0fc6c4a5a0cf213a570097279a5bde61214d2
FOR,10524226128764796928,0x29a5fd6598bb9fb462d8d129e8b37c8b1f03515e
FOR,3190944934161295670153,0x29a82e07b96c405ac99a8023f767d2971546de70
FOR,392462114343519453184,0x2a23cdfb9dbc0c068fea278d8952bf2c5a8d30d1
FOR,0,0x2a9339fb76f6020fd6ca46119e5c0ea95630e001
FOR,5751199232416563200,0x2aa78e16ca499325211d6b21341739fa41afbb28
FOR,5818460375143440384,0x2b82d34269a5c664d6db43b4fba854093a8220d5
FOR,208579142721142514723566,0x2b888954421b424c5d3d9ce9bb67c9bd47537d12
FOR,0,0x2babe76345d7eb15f6a1c0cddba04d8ee44491d5
FOR,5911934468459233280,0x2c1999e5f068096e89fefdad4f02a2a28ca7a4d2
FOR,0,0x2cacc378a6f35fb71f0da766fa690029c19c01a6
FOR,5675153788370051072,0x2ccc8db02e237c06cf60c0ce1247bbbc5881152b
FOR,0,0x2d8d1e3174b581a70e4fdedca1f10560e8dd744c
FOR,0,0x2de7cd65a12da97a76851e2e2878328185eff51b
FOR,5313544649619406848,0x2e1bb323bd98b398b4a4935e207dbcff956cbfd9
FOR,0,0x2ede0ccebfb3bf307dafc57ff700183391620a69
FOR,5982065723709292544,0x2f545b1ca236226cbb99d9c5804def40df699ecf
FOR,0,0x2f78331668877229cbd74ae1d83ae2bc3a0b92f4
FOR,5225656979738427392,0x2fa21d4321f4b2ee9b06240260675c0b7779e6af
FOR,0,0x301b1d29d164db632c30aead9354c3cb48d6f71d
FOR,1104275955054981506048,0x30c7f4f7504d6366916f669cd8e731ed4df6c702
FOR,0,0x30eea6d5e72cbe7b816602a50da78e959adefd47
FOR,0,0x005f62cc4cef39d29841937914e923454b31e50d
FOR,1200000000000000000,0x0120447fca0cbfcf4feebd3c0d5ae74e03adb4aa
FOR,1480862900000000000,0x0250c36303ad8e56d48e90e884983121a9c826be
FOR,1300000000000000000,0x02709fc703b1ccabeffacb73afbb84f1b1d3eada
FOR,10000000000000000,0x03154b9e76b3e6eb27357ccfd638f9ac9085e8b3
FOR,1200000000000000000,0x04815bd54d6711f4b7e322a650a8b9095f2ba205
FOR,10000000000000000,0x0586cc847c82397c443992facdc8cae0dba46956
FOR,10000000000000000,0x068db2a4655158bc61e6147c0015bd2c63b4cf08
FOR,3000000000000000140,0x06c4865ab16c9c760622f19a313a2e637e2e66a2
FOR,0,0x0813e1b0a5b1d0d67ceac68696591f5aecc613c7
FOR,100000000000000000,0x08e0f0d1b8bfd20c60a622e4a17fb345508b4e4f
FOR,0,0x08e990b5f526775a870994476eb97c423fb95e5b
FOR,0,0x08fecb006f7edce664edf7b21f61f5efc4d7acf9
FOR,76213010000000000,0x09f9c362b852b7d6fafaad5d1cbf72d852c063fb
FOR,1200000000000000000,0x0a2c8c8f97e087a5b2bbf9c85df17ca7ff1fbf0c
FOR,0,0x0b81083c5f308886c9dd88441d54b0299d545de6
FOR,1200000000000000000,0x0c33ca2f4cd0d1caa09a452392d3dfa816378658
FOR,0,0x0d9f7a14edc702f77f56e597847f5777d6ec889f
FOR,1080000000000000000,0x0f6f4af413baffa1414841bbce810dda68cf609d
FOR,0,0x1094e2baa49104d1925f8fec5940a37cee6303ec
FOR,1200000000000000000,0x11c5bdf24786f02d1ddc7406475253b092be624e
FOR,1300000000000000000,0x1282a05046138aa4020864b85485b7dce58e54bd
FOR,1200000000000000000,0x13789c957af7c2f21b554a8398a2b29bf58dafe8
FOR,10000000000000000,0x13ac0d7bb293163922ca296a0c3fb1b236c815f0
FOR,0,0x13b0d33acce3826405a524e95ef176efe38576e8
FOR,1098029745704402841,0x14fd9303bf2386b47c6ad72631fed472a43214c6
FOR,826741906491740160,0x155546c165ab3300c46686cc895ad31df3cc6096
FOR,855563288250511360,0x15d04e818d6ec37a8572383be0f414645f382471
FOR,0,0x164a26a4d959154d03cafb012eccbbe205cbdc36
FOR,0,0x16df32d3d2d6c63cd6f1b97e87536bfbf7113794
FOR,2170000000000000000000,0x179a862703a4adfb29896552df9e307980d19285
FOR,500000000000000000,0x19eade6e4e5cf16fe0b15e47c39ab565fb8e734e
FOR,2125923542810292291299,0x1d5460f896521ad685ea4c3f2c679ec0b6806359
FOR,1200000000000000000,0x1dc38fed99ec6da19f7901ceb9bd53e7e84f0ab9
FOR,1100000000000000000,0x1f2e3a00e1476e47c9c82736473058b190fc9bfa
FOR,1200000000000000000,0x1f75209d149a4730342b12289b414aa1e9dc42d8
FOR,1200000000000000000,0x224d864fc83fb288bd00b8ea76bd2d3e2e9a9cb4
FOR,125000000000000000000,0x23c4111d6f85de542dd8ad911c7c3cc66e98faa7
FOR,1006000000000000000,0x247bcac51c514d28e683d6811ab57c71b5395127
FOR,0,0x273166e9bd62bdd953397bbdf065e16d56d727b3
FOR,1000000000000000000,0x27b96c5808e1f6ce132d69b029dff69ff5b71973
FOR,0,0x2835600819dc2633611d600c488a52c6af4908f2
FOR,1124630162559422464,0x28888b5b8e4080b1faaabcbc07b638c9603a73a6
FOR,1030000000000000000,0x28b80f763a03280f38354dd919b8ca604610a1e1
FOR,1507480238183958058,0x2908790cec0da7786c8e954162d753a07a98b344
FOR,6908371805896075736457,0x29a82e07b96c405ac99a8023f767d2971546de70
FOR,1070000000000000000,0x2a2290a90ac0e541d12a560f59f5d11eb4170c89
FOR,100000000000000000,0x2a8f0b04458f18dd8ae883e669c4962756ddfd36
FOR,1011100000000000000,0x2ad369f25161506526bc10c72ebeca2bc8c4fa0d
FOR,0,0x2b28eac28d19cc94e1bc6ea997dbfe890b384c95
FOR,1200000000000000000,0x2b5f4aa77c695d769cf703c117703657dc89aaac
FOR,188308911714823101615501,0x2b888954421b424c5d3d9ce9bb67c9bd47537d12
FOR,1718704650000000000,0x2b98be26901e7cc74282c95be7ef73891ad109ff
FOR,0,0x2c6141c6c7aaf27dd1be50bfdf5409f0ca986ee2
FOR,1100000000000000000,0x2ea3081bc1d01ed257b9bb93b05bc18e2846e1af
FOR,1000000000000000000,0x3016a4a41d1ba5c82ae6d1217742467c9b3c5900
FOR,0,0x301b3410f3c3fedf8f90ad465964a45861b1773e
FOR,0,0x303bdf32d4ca78e82c617cc0cd94c0b0b118564e
FOR,1200000000000000000,0x3138b46c07b90524a8658660647f90396aa71431
FOR,0,0x3310a7bbb3c3cea890abc5eca79122f48d3513c3
FOR,14762911884667665986482,0x3335cc8bda40fb5a5f8db1d0011dec98728d81e1
FOR,1200000000000000000,0x34748a6d7a89e73fbb3eee52be91787f29078754
FOR,1100000000000000000,0x35ea9e124843e33ed71fe6029bd8df5d5e066730
AGAINST,100000000000000000,0x3617f9e9d601483cba5239aaf5a3912edf752d0b
FOR,1010000000000000000,0x38a05492029ef8cd1fe9e1193bbed1d3eef2f31a
FOR,131838835103698619857685,0x399e0ae23663f27181ebb4e66ec504b3aab25541
FOR,1100000000000000000,0x39a8b4e223db211eb239d1e89392c65c432e4a33
FOR,1000000000000000000,0x3adfcfe5d6322fd621eafdd1a5ac2fd670f0b72b
FOR,118622506824152187198618,0x3b3525f60eeea4a1ef554df5425912c2a532875d
FOR,1022000000000000000,0x3b7139715935682c3fc6e4bbd449ba549d3f9946
FOR,0,0x3d5e234b544c57e79b7f624e544b90aa974b79c9
FOR,0,0x3f8515525f48e415eb3ab0305ae3ffb130f277a4
FOR,1200000000000000000,0x3fab6eebdd4d1646d621c86040d7330b75483203
FOR,1004509365669330944,0x4131826eafdcb7dcd855fae9098ec693165f157d
FOR,10000000000000000,0x413fd6b18910e516da68d3292ab9b2dd3a87971d
FOR,0,0x42c4c10473106bf40aa8a68eb84e2d9eb63e745d
FOR,1100000000000000000,0x4321e05088b798f5151e0cbdecffdff7a8fb8db6
FOR,0,0x44cceaedf4cdf32b96464cf3c18c9361633a7c1f
FOR,0,0x469eda50b4295dd9357766763f44d097a080ca6a
FOR,434680949177797168,0x485b0c5e93947010f9fda2ba50de23fcefd58f29
FOR,13690130109598995597032,0x48a63097e1ac123b1f5a8bbffafa4afa8192fab0
FOR,1300000000000000000,0x49302d19021846b5026c98c2b039ca4463d854a5
FOR,10000000000000000,0x4a1d9e3b1a543601a7550d9490cb41936265f715
FOR,100000000000000000000,0x4b131a5b4c42cb703f360377beb262262821ca66
FOR,0,0x4cb780fd3286f2d10199b61423d1c804bd2a5d2b
FOR,700373858522054656,0x4d477f1aabcfc2fc3fc9b802e861c013e0123ad9
FOR,1080074900000000000,0x4e9558632e418ccd4f5b946f9132e04c369462d6
FOR,2645978128205967802231,0x521aacb43d89e1b8ffd64d9ef76b0a1074dedaf8
FOR,1100000000000000000,0x52290d92cf7469fa3da2830fe2db4f76ac7832c1
FOR,200000000000000000,0x52407a233ac443e2c43b1cb08aa9f7c50d23708f
FOR,2129924867980813797,0x529408a6962bae6ca5328874d633738116b89b05
FOR,109056280312313543800871,0x534631bcf33bdb069fb20a93d2fdb9e4d4dd42cf
FOR,134002686894488287774177,0x54becc7560a7be76d72ed76a1f5fee6c5a2a7ab6
FOR,0,0x556cd8524475d675447bc4fde924d614d15ec724
FOR,0,0x564367c229ac8606ba8ae4fb15c9e0e66305380e
FOR,1100000000000000000,0x5644e013f76763d3442d9c091330fd3bd7b59d8c
FOR,0,0x574486bf183f048228b22f5c58a874e42ff13d01
FOR,0,0x58e3cc2a0bd6c4007da69b4f00e45480231d1dc1
FOR,0,0x59eb900fa275e20c7b8099b55a91775a795e9c88
FOR,0,0x5b060d8c21b60d6904052be0dc6c2eb1888de74c
FOR,10000970751726304972224,0x000000dcf1190af44f7149b85299f18ce7221024
FOR,198874793537406992384,0x018f865bb0d0d0c9bd6940d2287d976a62da0748
FOR,10000000000000000,0x03154b9e76b3e6eb27357ccfd638f9ac9085e8b3
FOR,10000000000000000,0x0586cc847c82397c443992facdc8cae0dba46956
FOR,0,0x0586fcc2d0d400596ff326f30debaa3a79e33c25
FOR,10000000000000000,0x068db2a4655158bc61e6147c0015bd2c63b4cf08
FOR,3000000000000000140,0x06c4865ab16c9c760622f19a313a2e637e2e66a2
FOR,6625024870000000000,0x0c9e25f360807da04549a69baec94c9fda1d41a7
FOR,0,0x0e4cb981aa087847ef0c9f0c0989d884a86d04c3
FOR,57796886631273226240,0x0eeb15cada5996ae022d72ef5a1cf3f6a4f3a017
FOR,10080000000000000000,0x0f6f4af413baffa1414841bbce810dda68cf609d
FOR,1100000000000000000,0x110ef3690d553584073016287f3406955430c8ab
FOR,10000000000000000,0x13ac0d7bb293163922ca296a0c3fb1b236c815f0
FOR,1294307940000000000,0x177821cbe97b3eb0a20de1fd534bc7160cbcd76e
FOR,0,0x1ba1ff69f03d38af7ef40e3afdc53ad073eb4642
FOR,120601117014746415104,0x1ccb144b700ec726d37db38c617e154de6d9c0d0
FOR,339506306204245967872,0x1d5460f896521ad685ea4c3f2c679ec0b6806359
FOR,1100000000000000000,0x2069fb2721738b4c38e5d916ca9a9e3a5a35a62d
FOR,250000000000000000000,0x23c4111d6f85de542dd8ad911c7c3cc66e98faa7
FOR,10006000000000000000,0x247bcac51c514d28e683d6811ab57c71b5395127
FOR,5084371328724123648,0x264cd18f0572da20152cab327800c1a854f61f66
FOR,2945983672299521719036,0x29a82e07b96c405ac99a8023f767d2971546de70
FOR,10011100000000000000,0x2ad369f25161506526bc10c72ebeca2bc8c4fa0d
FOR,213686036186993178806522,0x2b888954421b424c5d3d9ce9bb67c9bd47537d12
FOR,1104275955054981506048,0x30c7f4f7504d6366916f669cd8e731ed4df6c702
FOR,17297139469708661068862,0x3335cc8bda40fb5a5f8db1d0011dec98728d81e1
FOR,100000000000000000,0x371ea1e8fcb52083a2a6ee8bb44bb5540939fb82
FOR,10010000000000000000,0x38a05492029ef8cd1fe9e1193bbed1d3eef2f31a
FOR,137338696892533405172684,0x399e0ae23663f27181ebb4e66ec504b3aab25541
FOR,0,0x3aa6605d87f611e43ad0a64740d6bef9b80fcd2c
FOR,109773534955790532815858,0x3b3525f60eeea4a1ef554df5425912c2a532875d
FOR,6496061762339021824,0x3b59e42d9f33906ff58813f9bb8be58b185d22f2
FOR,10022000000000000000,0x3b7139715935682c3fc6e4bbd449ba549d3f9946
FOR,1100000000000000000,0x3c807af9ab4b6be4b0740bfe464dc0df2a8e519b
FOR,10004509365669330944,0x4131826eafdcb7dcd855fae9098ec693165f157d
FOR,10000000000000000,0x413fd6b18910e516da68d3292ab9b2dd3a87971d
FOR,8264141513577364347129,0x48a63097e1ac123b1f5a8bbffafa4afa8192fab0
FOR,58247002587802729769850,0x48dbb9b7b562acf3c38e53deaff4686e24c3d85d
FOR,10000000000000000,0x4a1d9e3b1a543601a7550d9490cb41936265f715
FOR,0,0x4d246e41d7131ff60cd533c13bd2aafce7ab1265
FOR,700373858522054656,0x4d477f1aabcfc2fc3fc9b802e861c013e0123ad9
FOR,56298618636204443704002,0x534631bcf33bdb069fb20a93d2fdb9e4d4dd42cf
FOR,10008000000000000000,0x5d65c31d7a8236f2f65ed5f9688e16a4feca1e0f
FOR,10088800000000000000,0x6162800427ec914856f033a3d865936085d2073b
FOR,10005000000000000000,0x6ad33463e5fd3a1fb6980eb8c631c0a1f05207f3
FOR,10000000000000000,0x6bf3b32c6cd3d657f602347666244377793282e3
FOR,1100000000000000000,0x6de8b641b9b2b22f272d65106f0c471b612091c8
FOR,1837000000000000000,0x72b2cb558bf17f9e5aa40754a4e26ec480c07554
FOR,10007000000000000000,0x733d0b4d7e2b0068493522782bde55d57d56f77d
FOR,1100000000000000000,0x7343847fad3912bb7081d477b2e15c8f8c69f28a
FOR,177675143195374234887884,0x7a3d05c70581bd345fe117c06e45f9669205384f
FOR,101880346499505476953,0x7bc4d94c7bf180800b90af45d6b00aeb2cb687b5
FOR,10018800000000000000,0x7e3d51d1b82b9d60705223c639f0f87dd4a79026
FOR,212002649669570592532594,0x809fa673fe2ab515faa168259cb14e2bedebf68e
FOR,10008000000000000000,0x81ad80992ef7fb3e6282bb360d12ed71ae07d145
FOR,50031105969133584384,0x82eb45562f991329ed2867f43fc60f0ba52c3dab
FOR,164704742477979051542703,0x839395e20bbb182fa440d08f850e6c7a8f6f0780
FOR,437405032763849596928,0x83c9440dc34da00c47a0d4dc2b598d7bdb1b53f7
FOR,0,0x86505baa2ffac3444fbb9a53c6c75833d088c6c6
FOR,1554722807875131567764,0x86c62a0dd8690fa2ba6e3e3d9a18d021dbd2565a
FOR,63091834290926619855062,0x8b3347fd0b8c3a619d1f1fdc90caf4f335c03742
FOR,22542805660471966262951,0x8d07d225a769b7af3a923481e1fdf49180e6a265
FOR,2305828393678586232832,0x8f5906963ae276e1631efa8ff1a9cae6499ec5e3
FOR,20000000000000000000,0x910c60c049d833a7fd2f5bda310bbea1c5fa3598
FOR,649680921690977370112,0x95d9bed31423eb7d5b68511e0352eae39a3cdd20
FOR,1100000000000000000,0x9830037d21c8651ed1958ee414f42ea0a6a50475
FOR,347328933335113061034518,0x983110309620d911731ac0932219af06091b6744
FOR,10001000000000000000,0x9e3b0d4afe15c442174ca62081d0dd6b4c565ca8
FOR,431560312612987281408,0x9f12efbfbf0960c63ccbc2a2b11f919bbd80713c
FOR,1250000000000000000,0xa38f82506c3ab79816d625ad286574133fc6f4e9
FOR,10004000000000000000,0xa68be0da0bc8ede1e8e85029244072083a808428
FOR,6696962780398464333634,0xaa01dec5307cf17f20881a3286dcaa062578cea7
FOR,15360075900000000000,0xab06e86d240a5f515ea6d16c3530c6596f8bb774
FOR,151978775964393164800,0xb55c20a9883b2866486d345d754e73290cf444ce
FOR,240291045806988415669448,0xb8c2c29ee19d8307cb7255e1cd9cbde883a267d5
FOR,261926578828342474736508,0xbdb41bff7e828e2dc2d15eb67257455db818f1dc
FOR,4207431907307841231412,0xc43473fa66237e9af3b2d886ee1205b81b14b2c8
FOR,1517626795396809572352,0xc4dc1d6b0b226d982d99a8d948c0bc408e2fc543
FOR,10008000000000000000,0xc9c67f49d8261d41795f288cb92fff5ae3e6ecd9
FOR,49214695999276955648,0xcb30571e2f305584fc8b49b61ebc455343a82926
FOR,10000000000000000,0xcdd05bae4c5ba7dc483d092903aaf3036e91efdf
FOR,856019153999895443631,0xcef0b1bbec22edc3d07eac2f5f1053359a96a5e2
FOR,0,0xcf61ebd3613684a53e48ee85d8fbc80c5156c479
FOR,0,0xcfc36d000ef5f72d212bbeb6c847a9a78d9b169b
FOR,1100000000000000000,0xd06acbe86bb06c731e4892d14243450c7c3bdd97
FOR,257618560009198043136,0xd0c590877dd06d4f702af0805bde5091825a5e61
FOR,47984098300245443942174,0xd1324ada7e026211d0cacd90cae5777e340de948
FOR,32905513835188692110196,0xd5d171a9aa125af13216c3213b5a9fc793fccf2c
FOR,1100000000000000000,0xd67516c09c4fcb8289806a7f1602508a0d435df8
FOR,1000000000000000000,0xd83a5a8852049ca286f234b594d7f2b022565fc5
FOR,50125047123596468224,0xda165beb500b58ee5dd07303e3d1fb7029afbb84
FOR,9893979400000000000,0xda6eb172f3d7ed38a9a97ee11309515e29c062a6
FOR,983087952004229888143,0xdd999be32f28064952f4f00c37fd1d66fe21ee87
FOR,100000000000000000,0xe04a9418cffe0f43fd42527bd3cfc05593eac052
FOR,10702319627489508799012,0xe11da9560b51f8918295edc5ab9c0a90e9ada20b
FOR,10829774670817394688,0xe40987f8ca51d3f72947400a7459e66db2715bc1
FOR,10219028002868969472,0xe7cf8fce5e83e07e56e2ebfeb7651f459c47217b
FOR,1154883042705149749,0xe84fec3f6418a154c742a5217eb496590ac22766
FOR,1000000000000000000,0xeaa19171c4ff0bc2a6379aa1ea8fc2eec869688b
FOR,587008044568936448,0xeac7824c2f633c53d2acfab0c8e483789b7e10e7
FOR,0,0x06436dbca7d59a31237aadbf131effd0d09ecaa7
FOR,3000000000000000140,0x06c4865ab16c9c760622f19a313a2e637e2e66a2
FOR,0,0x1018142957a9509f0f0f69c1d380a369ace15db3
FOR,0,0x14ee86c92e85bef3f7b19a7516f451305778cc13
FOR,0,0x173498eaec990a7d1f46e9fdb9bcab60a087448c
FOR,1701000000000000000000,0x179a862703a4adfb29896552df9e307980d19285
FOR,429623013711905753052,0x1d5460f896521ad685ea4c3f2c679ec0b6806359
FOR,0,0x1d921dff757610fbdb0073479e12c0a07d382677
FOR,120166910659475170,0x1e5af7b64cecd78f0141450e942f19b1935c495e
FOR,3982665062,0x202a27c4316aa72d587a5a4fb2c4cb2ee4bacbc8
FOR,0,0x227fd2fd881cc6c99dfccc0fb40f2b1dc2f3f36e
FOR,125000000000000000000,0x23c4111d6f85de542dd8ad911c7c3cc66e98faa7
FOR,0,0x2658520dced50615af67acc9477732fc46b2020e
FOR,5864669973106417664,0x2943ea8b50ba884a253286870b34279450bba4e1
FOR,7201658990875221349769,0x29a82e07b96c405ac99a8023f767d2971546de70
FOR,185411466490375140839399,0x2b888954421b424c5d3d9ce9bb67c9bd47537d12
FOR,1718704650000000000,0x2b98be26901e7cc74282c95be7ef73891ad109ff
FOR,1104275955054981506048,0x30c7f4f7504d6366916f669cd8e731ed4df6c702
FOR,0,0x33169a551ac808554acfec5f4a3e5ec37413f036
FOR,1000000000000000000,0x33b146a2cf561205ce523472a39e3b78420a37d0
FOR,0,0x39936278f0d3ccfe59daf1675bbc5b685724df25
FOR,124389641430319913539716,0x399e0ae23663f27181ebb4e66ec504b3aab25541
FOR,118516779236860074683179,0x3b3525f60eeea4a1ef554df5425912c2a532875d
FOR,562230866,0x3cbd286771c6abe25cb903caff30302123583402
FOR,82919437,0x3f9693d17af8f695e31582e096e5c1fd00b0f18f
FOR,7701933941,0x400e3ab48b2ccd2420ec04ba0ee9c94bb54a0b1c
FOR,0,0x41d5e108afa0abc074e4979839d994ad69df2d33
FOR,73236366987456609008,0x4254c53fc3b3b38df025ea30bcae410e11bb95b6
FOR,8679692115,0x43e7506bba86ad42d50ac3684d474a34907a35cb
FOR,1246817,0x43fd6f1865ba39e68624dbc1664320664df927f6
FOR,23801459583733961973906,0x48a63097e1ac123b1f5a8bbffafa4afa8192fab0
FOR,0,0x48b576c87e788a762d6f95a456f2a39113b46950
FOR,0,0x4c1b6eb9dd6452e8d39fc15f138105515a2f1c27
FOR,700373858522054656,0x4d477f1aabcfc2fc3fc9b802e861c013e0123ad9
FOR,1658786280615017,0x4dc2d4eb7bdbe04b9d70922a079ee1b8ed0306d6
FOR,165319823435721539584,0x4ec6bea134099b42f1cc9542aa26c98c0dfee264
FOR,2680390315449957940030,0x521aacb43d89e1b8ffd64d9ef76b0a1074dedaf8
FOR,109031705110850286968483,0x534631bcf33bdb069fb20a93d2fdb9e4d4dd42cf
FOR,128635178317377621910645,0x54becc7560a7be76d72ed76a1f5fee6c5a2a7ab6
FOR,0,0x580cc183aa705af2c07b367cb329b795fab1369b
FOR,5372431152695545480895,0x59ec0edb51ab373c94e1f93fa3cdaaa94aae582b
FOR,211930390218320488606031,0x5bfcb4be4d7b43437d5a0c57e908c048a4418390
FOR,991350449623,0x602005d6f9a7edf320c3ffb2c0b05e3e02f1f714
FOR,0,0x677fd0fe722947def85048627cc77243c40ea57c
FOR,0,0x67f3779712535f0ff7a4b7d10083d18a6187335b
FOR,0,0x6dbc1de925ed37d76bf6b00f4c0615f29aae790b
FOR,28013536429643885737830,0x6e0d9c6dd8a08509bb625caa35dc61a991406f62
FOR,2231710413,0x7400d4adca1971eafa4fd7e06e86b1dd657a2acf
FOR,0,0x753d8558a96b0ef4e92750c67908d73244f178b9
FOR,0,0x756ff41bbc6d9017a4831dcc96cc79df45d4cbf7
FOR,1023956339811933461504,0x75cac0ceb8a39ddb4942a83ad2aafaf0c2a3e13f
FOR,13809102816929498240,0x767a60f295aedd958932088f9cd6a4951d8739b6
FOR,144520305119948345262842,0x7a3d05c70581bd345fe117c06e45f9669205384f
FOR,183347230390826154512386,0x809fa673fe2ab515faa168259cb14e2bedebf68e
FOR,423415390562380775424,0x8289432acd5eb0214b1c2526a5edb480aa06a9ab
FOR,150031105969133584384,0x82eb45562f991329ed2867f43fc60f0ba52c3dab
FOR,138866180719563365846220,0x839395e20bbb182fa440d08f850e6c7a8f6f0780
FOR,5279687526867085475362,0x83c9440dc34da00c47a0d4dc2b598d7bdb1b53f7
FOR,137328327542059008,0x83d2e472495f408bd0bc85702f4be5ef1acaee80
FOR,0,0x8440a278bf45b693e28af16d33f89bc7e250cc4a
FOR,659322125,0x84adb7f3f352ae9faa52fd0653220b347dc2b697
FOR,0,0x875484207cb04c0e2cfe341033457b5abd5141e6
FOR,0,0x879ee7338f59c1f8d9d8e9ecf79247da29349563
FOR,0,0x87c699bdbae99e0029b5187c8001a4d1fbc3d4f3
FOR,72203524861036684904021,0x89ede5cbe53473a64d6c8df14176a0d658daaedc
FOR,83522551,0x8a7212140f1f4f29163050d76b7902118b8691a1
FOR,701003109668108921236,0x8b1f85a93ac6e4f62695ea8ef2410d248605feff
FOR,1609622847,0x8b316d16ff590120df174f6ea9abc02096053516
FOR,51173463329028320382655,0x8b3347fd0b8c3a619d1f1fdc90caf4f335c03742
FOR,18952288443549950306089,0x8d07d225a769b7af3a923481e1fdf49180e6a265
FOR,0,0x8d5237037a590a2db531f3cfb8f42605cf306f34
FOR,2000000000000000000000,0x8e8db5ccef88cca9d624701db544989c996e3216
FOR,2272222483,0x958021d5ec1e587920770438383430938c6920e9
FOR,237748605651628827379286,0x983110309620d911731ac0932219af06091b6744
FOR,5000000000000000000,0x987f05b5eeb8b30b02329d3888bebc3a7424e999
FOR,124111722,0x998c5e134d9d0b3415121c777b86cd9e819618b5
FOR,3000000000000000000,0x9be8302d10dfb2f756a3f60e6d25e527d7787259
FOR,106577858787641690112,0x9eddfe3a95aa77e4f6509927de67bb1eaae3b382
FOR,0,0xa1a2afc755b257f7f73cda6d55b509ed6525fd1c
FOR,5024998393495265570,0xa4303850aa2ae3e7396f28814402d22b1615810c
FOR,0,0xa7865b27d96619d23f7785f8ed75ad0543d5c57d
FOR,4889005103,0xaafdd78af4f90ab649b94e5ef8430d27174a084c
FOR,527791270,0xb0e04fad7366ae34ad92ee65895c270f97759e6f
FOR,3000000000000000000,0xb30e48a0eb2f1b7e2f9579c832aa26b5fde2c835
FOR,0,0xb5b58021aa8bda8ef08692180a13a51f13e11d20
FOR,746846650684,0xb68f9b60b5a75a63be2fcb4e8e009833fbf95e7e
FOR,209663348772430784527069,0xb8c2c29ee19d8307cb7255e1cd9cbde883a267d5
FOR,221147945993,0xc38315ba4131692879575717ac3321dcdefbc169
FOR,1458668397929,0xc560d89d663b31110e164354c6377d8845ed4db3
FOR,1003984585561058810589,0xc6058667a57374cd350280fcf06a5f0517682beb
FOR,0,0xc67310913cc25cf22a6a96ec0f93c283b1d4860f
FOR,0,0xcc3a94ec8c01594101cc276890420413f2b45b32
FOR,1000000000000000000,0xcdaa63e7762d078c07f344eb05b1d6c792fff2e5
FOR,355083446647143612416,0xcef0b1bbec22edc3d07eac2f5f1053359a96a5e2
FOR,5174598502535643136,0xd0ac50d9f7516be16e2449539394a3967bea03c7
AGAINST,469674775130416439296,0xd14b3bca42ec359fe65285ad31b8ab22e8ee5b68
FOR,22513619227669932359816,0xd5d171a9aa125af13216c3213b5a9fc793fccf2c
FOR,11000000000000000000,0xd83a5a8852049ca286f234b594d7f2b022565fc5
FOR,56292746708509047134680,0xdd00cc906b93419814443bb913949d503b3df3c4
FOR,2142450395650000000000,0xe52c39327ff7576baec3dbfef0787bd62db6d726
AGAINST,10000970751726304972224,0x000000dcf1190af44f7149b85299f18ce7221024
AGAINST,198874793537406992384,0x018f865bb0d0d0c9bd6940d2287d976a62da0748
FOR,10000000000000000,0x03154b9e76b3e6eb27357ccfd638f9ac9085e8b3
FOR,10000000000000000,0x0586cc847c82397c443992facdc8cae0dba46956
FOR,0,0x0586fcc2d0d400596ff326f30debaa3a79e33c25
FOR,10000000000000000,0x068db2a4655158bc61e6147c0015bd2c63b4cf08
FOR,3000000000000000140,0x06c4865ab16c9c760622f19a313a2e637e2e66a2
AGAINST,57796886631273226240,0x0eeb15cada5996ae022d72ef5a1cf3f6a4f3a017
FOR,10000000000000000,0x13ac0d7bb293163922ca296a0c3fb1b236c815f0
AGAINST,1294307940000000000,0x177821cbe97b3eb0a20de1fd534bc7160cbcd76e
AGAINST,0,0x1ba1ff69f03d38af7ef40e3afdc53ad073eb4642
AGAINST,339506306204245967872,0x1d5460f896521ad685ea4c3f2c679ec0b6806359
FOR,1100000000000000000,0x2069fb2721738b4c38e5d916ca9a9e3a5a35a62d
FOR,250000000000000000000,0x23c4111d6f85de542dd8ad911c7c3cc66e98faa7
FOR,2945983672299521719036,0x29a82e07b96c405ac99a8023f767d2971546de70
AGAINST,213686036186993178806522,0x2b888954421b424c5d3d9ce9bb67c9bd47537d12
FOR,1104275955054981506048,0x30c7f4f7504d6366916f669cd8e731ed4df6c702
AGAINST,17297139469708661068862,0x3335cc8bda40fb5a5f8db1d0011dec98728d81e1
AGAINST,137338696892533405172684,0x399e0ae23663f27181ebb4e66ec504b3aab25541
FOR,109773534955790532815858,0x3b3525f60eeea4a1ef554df5425912c2a532875d
FOR,1100000000000000000,0x3c807af9ab4b6be4b0740bfe464dc0df2a8e519b
FOR,10000000000000000,0x413fd6b18910e516da68d3292ab9b2dd3a87971d
AGAINST,8264141513577364347129,0x48a63097e1ac123b1f5a8bbffafa4afa8192fab0
AGAINST,58247002587802729769850,0x48dbb9b7b562acf3c38e53deaff4686e24c3d85d
FOR,10000000000000000,0x4a1d9e3b1a543601a7550d9490cb41936265f715
AGAINST,0,0x4d246e41d7131ff60cd533c13bd2aafce7ab1265
FOR,700373858522054656,0x4d477f1aabcfc2fc3fc9b802e861c013e0123ad9
AGAINST,56298618636204443704002,0x534631bcf33bdb069fb20a93d2fdb9e4d4dd42cf
AGAINST,154992819411828388732248,0x54becc7560a7be76d72ed76a1f5fee6c5a2a7ab6
AGAINST,161126989060520297921162,0x5bfcb4be4d7b43437d5a0c57e908c048a4418390
FOR,10000000000000000,0x6bf3b32c6cd3d657f602347666244377793282e3
FOR,1100000000000000000,0x6de8b641b9b2b22f272d65106f0c471b612091c8
FOR,45287267389738156032,0x78adb1b4707b4b75a407dd913238735382451481
AGAINST,177675143195374234887884,0x7a3d05c70581bd345fe117c06e45f9669205384f
FOR,101880346499505476953,0x7bc4d94c7bf180800b90af45d6b00aeb2cb687b5
AGAINST,212002649669570592532594,0x809fa673fe2ab515faa168259cb14e2bedebf68e
AGAINST,27746873242553161193028,0x815fd2ba302de5fa849469b1511e34e9d8fbb51d
FOR,164704742477979051542703,0x839395e20bbb182fa440d08f850e6c7a8f6f0780
AGAINST,437405032763849596928,0x83c9440dc34da00c47a0d4dc2b598d7bdb1b53f7
AGAINST,1554722807875131567764,0x86c62a0dd8690fa2ba6e3e3d9a18d021dbd2565a
AGAINST,51075646115026215159808,0x89ede5cbe53473a64d6c8df14176a0d658daaedc
AGAINST,63091834290926619855062,0x8b3347fd0b8c3a619d1f1fdc90caf4f335c03742
AGAINST,661126933324162330624,0x8eafb616e4519578195b32c2d5e07578f2e1cb87
FOR,0,0x8ef7f3651800194968e04030cb09c0d130514111
AGAINST,2305828393678586232832,0x8f5906963ae276e1631efa8ff1a9cae6499ec5e3
AGAINST,649680921690977370112,0x95d9bed31423eb7d5b68511e0352eae39a3cdd20
FOR,1100000000000000000,0x9830037d21c8651ed1958ee414f42ea0a6a50475
AGAINST,347328933335113061034518,0x983110309620d911731ac0932219af06091b6744
AGAINST,431560312612987281408,0x9f12efbfbf0960c63ccbc2a2b11f919bbd80713c
AGAINST,1250000000000000000,0xa38f82506c3ab79816d625ad286574133fc6f4e9
AGAINST,6696962780398464333634,0xaa01dec5307cf17f20881a3286dcaa062578cea7
FOR,151978775964393164800,0xb55c20a9883b2866486d345d754e73290cf444ce
FOR,240291045806988415669448,0xb8c2c29ee19d8307cb7255e1cd9cbde883a267d5
AGAINST,53911413166691091324750,0xbc8dafeaca658ae0857c80d8aa6de4d487577c63
AGAINST,261926578828342474736508,0xbdb41bff7e828e2dc2d15eb67257455db818f1dc
AGAINST,13309769162635126614964,0xc0deaf6bd3f0c6574a6a625ef2f22f62a5150eab
AGAINST,4207431907307841231412,0xc43473fa66237e9af3b2d886ee1205b81b14b2c8
AGAINST,1517626795396809572352,0xc4dc1d6b0b226d982d99a8d948c0bc408e2fc543
AGAINST,49214695999276955648,0xcb30571e2f305584fc8b49b61ebc455343a82926
FOR,10000000000000000,0xcdd05bae4c5ba7dc483d092903aaf3036e91efdf
AGAINST,856019153999895443631,0xcef0b1bbec22edc3d07eac2f5f1053359a96a5e2
AGAINST,0,0xcf61ebd3613684a53e48ee85d8fbc80c5156c479
AGAINST,0,0xcfc36d000ef5f72d212bbeb6c847a9a78d9b169b
FOR,1100000000000000000,0xd06acbe86bb06c731e4892d14243450c7c3bdd97
AGAINST,47984098300245443942174,0xd1324ada7e026211d0cacd90cae5777e340de948
AGAINST,32905513835188692110196,0xd5d171a9aa125af13216c3213b5a9fc793fccf2c
FOR,1100000000000000000,0xd67516c09c4fcb8289806a7f1602508a0d435df8
AGAINST,1000000000000000000,0xd83a5a8852049ca286f234b594d7f2b022565fc5
AGAINST,983087952004229888143,0xdd999be32f28064952f4f00c37fd1d66fe21ee87
FOR,10702319627489508799012,0xe11da9560b51f8918295edc5ab9c0a90e9ada20b
FOR,10219028002868969472,0xe7cf8fce5e83e07e56e2ebfeb7651f459c47217b
FOR,1154883042705149749,0xe84fec3f6418a154c742a5217eb496590ac22766
FOR,1000000000000000000,0xeaa19171c4ff0bc2a6379aa1ea8fc2eec869688b
FOR,587008044568936448,0xeac7824c2f633c53d2acfab0c8e483789b7e10e7
AGAINST,46508093734189875200,0xecc232d2bb22c9e0aa78534d33c27d6cca55f459
AGAINST,169490386296063744063347,0xed11e5ea95a5a3440fbaadc4cc404c56d0a5bb04
AGAINST,100000000000000000000,0xf8bbde27e8ebd26d652ab5db662e96f00af61316
FOR,0,0x00cbece4b56697dcf27e460cd851ab4c21185807
FOR,0,0x016d52dcc40ea584b5d13d4c4ab8c0466f82b853
FOR,0,0x046a9468c9534fe694c2eef167f80e440abde2ab
FOR,0,0x049b11712722d3847441fd0931aa1ee22efc50d3
FOR,0,0x0644fa8193dbcc97acab11f53f2ec0a3dff0ff39
FOR,3000000000000000140,0x06c4865ab16c9c760622f19a313a2e637e2e66a2
FOR,0,0x08024b0fc51c2ebba75c52d24b3cda843d92e8e0
FOR,0,0x090fe0e3b3e503b8c82bfab86c97022c2e62c1a7
FOR,0,0x09545ad51c84976d90e27683addd9a377674a61c
FOR,0,0x099d8e0e40da1429db88c604b1a516c1a6ca4e12
FOR,0,0x0ade7dceba958fa9274a7480ac3a3e235ca44484
FOR,0,0x0dc6723851020e88ce6c37db446fe7fabc3c224f
FOR,0,0x1018142957a9509f0f0f69c1d380a369ace15db3
FOR,0,0x1171579ccb6d2ba1e82a03bf7a27e5bbdccf934c
FOR,0,0x16a41cf1d32682be1474546721ea46c852550813
FOR,0,0x16cb99d65fc660cbb7161815437dad312db70a53
FOR,1701000000000000000000,0x179a862703a4adfb29896552df9e307980d19285
FOR,0,0x1a8efbf23c3990f8b88105d28e9b6897b1e630f8
FOR,0,0x1ae97ff4c118fd8fd754ce757343058c3554f77e
FOR,429623013711905753052,0x1d5460f896521ad685ea4c3f2c679ec0b6806359
FOR,120166910659475170,0x1e5af7b64cecd78f0141450e942f19b1935c495e
FOR,0,0x222d9fc84dc067b5d694975aec3bb686bef4cd62
FOR,0,0x227fd2fd881cc6c99dfccc0fb40f2b1dc2f3f36e
FOR,0,0x2282060279776183d895524868ddb853728191b4
FOR,125000000000000000000,0x23c4111d6f85de542dd8ad911c7c3cc66e98faa7
FOR,0,0x261d145a9e48cc3969841d8962fadcc32659038e
FOR,7201658990875221349769,0x29a82e07b96c405ac99a8023f767d2971546de70
FOR,0,0x29d40fd4d9414eeb99faf14667697604b51acb6e
FOR,185411466490375140839399,0x2b888954421b424c5d3d9ce9bb67c9bd47537d12
FOR,0,0x2dd46be9d76e21ee73f32936c560df9aa2e9cb27
FOR,1104275955054981506048,0x30c7f4f7504d6366916f669cd8e731ed4df6c702
FOR,0,0x317d16904df99d435c5b5f2db4105ddd56713e3d
FOR,0,0x323f888e8f9d9d8dd3ea9686a7b6f38d068f41f3
FOR,0,0x33169a551ac808554acfec5f4a3e5ec37413f036
FOR,0,0x33332914cd16eeba180fa9ce9f45945016b4e191
FOR,0,0x35d84f27af191b40813510f9df26e421fbdde1ff
FOR,0,0x39936278f0d3ccfe59daf1675bbc5b685724df25
FOR,124389641430319913539716,0x399e0ae23663f27181ebb4e66ec504b3aab25541
FOR,118516779236860074683179,0x3b3525f60eeea4a1ef554df5425912c2a532875d
FOR,73236366987456609008,0x4254c53fc3b3b38df025ea30bcae410e11bb95b6
FOR,0,0x45e3bd122b352e2979179d6ff37576e809fef3a0
FOR,0,0x4762a46fb8f6a35c31edf4c63f597d08e68d6111
FOR,23801459583733961973906,0x48a63097e1ac123b1f5a8bbffafa4afa8192fab0
FOR,0,0x48b576c87e788a762d6f95a456f2a39113b46950
FOR,0,0x4c1b6eb9dd6452e8d39fc15f138105515a2f1c27
FOR,0,0x4c6065627cb2ac9465c86a3e52a714aaf68690c0
FOR,700373858522054656,0x4d477f1aabcfc2fc3fc9b802e861c013e0123ad9
FOR,165319823435721539584,0x4ec6bea134099b42f1cc9542aa26c98c0dfee264
FOR,0,0x4fa426c8138e18e0427585d87ca50fb64379e993
FOR,109031705110850286968483,0x534631bcf33bdb069fb20a93d2fdb9e4d4dd42cf
FOR,128635178317377621910645,0x54becc7560a7be76d72ed76a1f5fee6c5a2a7ab6
FOR,0,0x54fb78f8611e4e6e1906d7a9635eb879a98af119
FOR,0,0x55c004e8d45856dc259d6b496badf6b012aa98d4
FOR,0,0x5692b698ffe502e18ef5870abfcce84f26251162
FOR,0,0x58b27a95ab360a85ba8ae5a202cd6e9d80a82064
FOR,5372431152695545480895,0x59ec0edb51ab373c94e1f93fa3cdaaa94aae582b
FOR,0,0x5b03ba47731186a768a3e8d94d5bb1040ba4350d
FOR,0,0x5c12375f0385d2a19dd6ec1ab2e5d618a97579ff
FOR,0,0x5d9e01ee083a24a1817f0c17f705deba10a203d2
FOR,0,0x6016cb64c34de1f71ebd7c0cef9ca94d1f6574be
FOR,0,0x6061211ffad9fb8fa5f0f9faaad4b59f19488789
FOR,0,0x677fd0fe722947def85048627cc77243c40ea57c
FOR,0,0x6a1409e5abcdc704a8834d2ab354eb2cc371e4b9
FOR,0,0x6dbc1de925ed37d76bf6b00f4c0615f29aae790b
FOR,28013536429643885737830,0x6e0d9c6dd8a08509bb625caa35dc61a991406f62
FOR,0,0x6e8ad135393078e29638218be6be79403346e4a2
FOR,226381254900000000,0x70b7454d7ba86666e9d29b551f2603a6acc8daac
FOR,1000000000000000000,0x74075d1a2481f25343b32bb1a7bf6336ee42b016
FOR,0,0x75462ec9ce975c694e6a99cb4f9663e4a99c560f
FOR,0,0x756ff41bbc6d9017a4831dcc96cc79df45d4cbf7
FOR,1023956339811933461504,0x75cac0ceb8a39ddb4942a83ad2aafaf0c2a3e13f
FOR,13809102816929498240,0x767a60f295aedd958932088f9cd6a4951d8739b6
FOR,0,0x79886e7fa7c47c32cdbbd21c6280ce506bb3be0d
FOR,144520305119948345262842,0x7a3d05c70581bd345fe117c06e45f9669205384f
FOR,0,0x7eab19d27e87dc61a0c322b3ebdd62b8458fee29
FOR,0,0x7fa3285673c0c813507acfaeea857e88c3f3062a
FOR,183347230390826154512386,0x809fa673fe2ab515faa168259cb14e2bedebf68e
FOR,0,0x80ac484fea77690fcbfc1ba4d57ee92328d8e7c0
FOR,423415390562380775424,0x8289432acd5eb0214b1c2526a5edb480aa06a9ab
FOR,0,0x835ede55307e78cadceb8f3386975205f4cd5620
FOR,138866180719563365846220,0x839395e20bbb182fa440d08f850e6c7a8f6f0780
FOR,5279687526867085475362,0x83c9440dc34da00c47a0d4dc2b598d7bdb1b53f7
FOR,137328327542059008,0x83d2e472495f408bd0bc85702f4be5ef1acaee80
FOR,0,0x8440a278bf45b693e28af16d33f89bc7e250cc4a
FOR,0,0x875484207cb04c0e2cfe341033457b5abd5141e6
FOR,72203524861036684904021,0x89ede5cbe53473a64d6c8df14176a0d658daaedc
FOR,0,0x8afdbc09c7e20dbf00b8762c26e99d7b368b18b1
FOR,701003109668108921236,0x8b1f85a93ac6e4f62695ea8ef2410d248605feff
FOR,51173463329028320382655,0x8b3347fd0b8c3a619d1f1fdc90caf4f335c03742
FOR,0,0x8b43ff5fd10bc25f9a2c2119361a1efff14eb727
FOR,0,0x8b9e91bcad6f7118a4df5633f258fa06e34a276a
FOR,18952288443549950306089,0x8d07d225a769b7af3a923481e1fdf49180e6a265
FOR,2000000000000000000000,0x8e8db5ccef88cca9d624701db544989c996e3216
FOR,0,0x8f5268ae396b8338c6f2a3e1175efb443dbf86ed
FOR,0,0x90788b61bd961defa21d8f53cab9750e9b3daeea
FOR,843023577443990863872,0x91628ddc3a6ff9b48a2f34fc315d243eb07a9501
FOR,238218919815368346240598,0x983110309620d911731ac0932219af06091b6744
FOR,0,0x99bcecf37b6ba953c2020e29595083e531e29dc2
FOR,401510990600000000,0x9ae6b470d238a4ab42cac5feb27caa5a19f89510
FOR,3000000000000000000,0x9be8302d10dfb2f756a3f60e6d25e527d7787259
FOR,3459798078318828152522,0x02736d5c8dcea65539993d143a3de90cebca9c3c
FOR,59559587659137180189081,0x0457d3ef89435f23d781f97495d1e3e6c93813db
FOR,2000000000000000721,0x06c4865ab16c9c760622f19a313a2e637e2e66a2
FOR,803357132291969941504,0x1213da60935679d412ef6fc512642e6f83988ec1
FOR,25285133610000000000,0x1d5460f896521ad685ea4c3f2c679ec0b6806359
FOR,15686782209561626637412,0x24e6d835f23b9716af984f6604625c6b074015cd
FOR,2862029122952691402862,0x29a82e07b96c405ac99a8023f767d2971546de70
FOR,227760684529710705932114,0x2b888954421b424c5d3d9ce9bb67c9bd47537d12
FOR,1354276357949877249024,0x30c7f4f7504d6366916f669cd8e731ed4df6c702
ABSTAIN,22461798398923393407196,0x3335cc8bda40fb5a5f8db1d0011dec98728d81e1
FOR,135073436161835706060373,0x399e0ae23663f27181ebb4e66ec504b3aab25541
FOR,2102051562497932134143,0x3d95d4a6dbae0cd0643a82b13a13b08921d6adf7
FOR,1102115702714441358330,0x4533d1f65906368ebfd61259daee561df3f3559d
FOR,9465769934440306046741,0x48a63097e1ac123b1f5a8bbffafa4afa8192fab0
FOR,55908855538232416067800,0x48dbb9b7b562acf3c38e53deaff4686e24c3d85d
FOR,54704321540196807602432,0x534631bcf33bdb069fb20a93d2fdb9e4d4dd42cf
FOR,177092912170818006476899,0x5bfcb4be4d7b43437d5a0c57e908c048a4418390
FOR,125131730819999994316,0x5fbf6275c86174d63282ae0c1c4bbee0bf5b5d80
FOR,3748723861275268755354,0x6091a224ec0e8bae16125603d179d9fce7aad641
FOR,10557333431276234136832,0x68f9d801c96ac6ccf562f3600cef77c4504449b6
FOR,1000038908107587584,0x6c51a5ef1b6736b63c965b3057ae5c5b50de76d3
FOR,31180148773876222333278,0x6e0d9c6dd8a08509bb625caa35dc61a991406f62
FOR,191394576100297649664,0x6fec6cb90d4bc025d5249f299d640d66fcbfb6eb
FOR,0,0x74374af542a9ce2414c83f975fe5dd10e1ce0bdc
FOR,2233242679412488162029,0x75cac0ceb8a39ddb4942a83ad2aafaf0c2a3e13f
FOR,47581267356267601575933,0x7ae94d7712b7edb9bb2c0ee6d71081a6d8710c0b
FOR,8565867841925655831431,0x7b75bc70b928472856047fdef0d08d5b5816aefd
FOR,233238216667477340629858,0x809fa673fe2ab515faa168259cb14e2bedebf68e
FOR,351135993272119515252602,0x81b287c0992b110adeb5903bf7e2d9350c80581a
FOR,11050116093635566150878,0x82eb45562f991329ed2867f43fc60f0ba52c3dab
FOR,173658081148450129482033,0x839395e20bbb182fa440d08f850e6c7a8f6f0780
FOR,0,0x89e4ddc8ffceaf8cc83e05407e5b2102fca96ced
FOR,61369720412862520802949,0x8ab1760889f26cbbf33a75fd2cf1696bfccdc9e6
FOR,73590881010649084592933,0x8b3347fd0b8c3a619d1f1fdc90caf4f335c03742
FOR,24649766811563837753145,0x8d07d225a769b7af3a923481e1fdf49180e6a265
FOR,442957100151369700875915,0x983110309620d911731ac0932219af06091b6744
ABSTAIN,0,0x98d713401ee3d06ca31041d8313bb99d51fb37ef
FOR,195319475825158782976,0x9a8542e1ccdc64a83356528c9739593c14b4e1ab
FOR,7770000000596355072,0xa3b9e4b2c18efb1c767542e8eb9419b840881467
FOR,6823763124810681081344,0xaa01dec5307cf17f20881a3286dcaa062578cea7
FOR,100087711616713666560,0xb11b5e3908ed251c69f40ae9ae53511aba488f53
FOR,256910697314653356700960,0xb8c2c29ee19d8307cb7255e1cd9cbde883a267d5
FOR,54973619665707758656846,0xbc8dafeaca658ae0857c80d8aa6de4d487577c63
FOR,287599669708347513685330,0xbdb41bff7e828e2dc2d15eb67257455db818f1dc
FOR,1500420695970712154973,0xbf24bb6ce53fe0ff68f08a24891cf40a4fe3dcf5
FOR,7494588821242079842337,0xc43473fa66237e9af3b2d886ee1205b81b14b2c8
FOR,100000055132727019520,0xc8972c3649522457f7573b94f86121c66229c80a
FOR,821346679819895443631,0xcef0b1bbec22edc3d07eac2f5f1053359a96a5e2
FOR,0,0xcf61ebd3613684a53e48ee85d8fbc80c5156c479
FOR,504603505051491978067,0xd63c2582b071f41090e89d975f738e87e7b8da50
FOR,983087952004229888143,0xdd999be32f28064952f4f00c37fd1d66fe21ee87
FOR,10551079327671027456775,0xe11da9560b51f8918295edc5ab9c0a90e9ada20b
FOR,271139039344682883327227,0xed11e5ea95a5a3440fbaadc4cc404c56d0a5bb04
FOR,6169799058199590074,0xeddd4ec5d3775de964416b7b9d4da885f530f90a
FOR,411620212766280957952,0xfef0c9f776aa48c4e732f5a3e941e03e809147e3
FOR,10000970751726304972224,0x000000dcf1190af44f7149b85299f18ce7221024
FOR,100000000000000000,0x00d2432e6af76a8150a7609d7ff11dbe44de8e14
FOR,198874793537406992384,0x018f865bb0d0d0c9bd6940d2287d976a62da0748
FOR,0,0x0586fcc2d0d400596ff326f30debaa3a79e33c25
FOR,3000000000000000140,0x06c4865ab16c9c760622f19a313a2e637e2e66a2
FOR,6625024870000000000,0x0c9e25f360807da04549a69baec94c9fda1d41a7
FOR,57796886631273226240,0x0eeb15cada5996ae022d72ef5a1cf3f6a4f3a017
FOR,10080000000000000000,0x0f6f4af413baffa1414841bbce810dda68cf609d
FOR,1100000000000000000,0x110ef3690d553584073016287f3406955430c8ab
FOR,803357132291969941504,0x1213da60935679d412ef6fc512642e6f83988ec1
FOR,1294307940000000000,0x177821cbe97b3eb0a20de1fd534bc7160cbcd76e
FOR,843666231567021,0x1982ac6974d8722779120204036b1b951d551bd6
FOR,100000000000000000,0x1b88bdd5954b221fac94619d28ab3b0b8c9d35a7
FOR,0,0x1ba1ff69f03d38af7ef40e3afdc53ad073eb4642
FOR,339506306204245967872,0x1d5460f896521ad685ea4c3f2c679ec0b6806359
FOR,1100000000000000000,0x2069fb2721738b4c38e5d916ca9a9e3a5a35a62d
FOR,250000000000000000000,0x23c4111d6f85de542dd8ad911c7c3cc66e98faa7
FOR,10006000000000000000,0x247bcac51c514d28e683d6811ab57c71b5395127
FOR,3112227961189591735177,0x29a82e07b96c405ac99a8023f767d2971546de70
FOR,10011100000000000000,0x2ad369f25161506526bc10c72ebeca2bc8c4fa0d
FOR,213491039194018951016698,0x2b888954421b424c5d3d9ce9bb67c9bd47537d12
FOR,1104275955054981506048,0x30c7f4f7504d6366916f669cd8e731ed4df6c702
FOR,100000000000000000,0x3617f9e9d601483cba5239aaf5a3912edf752d0b
FOR,10010000000000000000,0x38a05492029ef8cd1fe9e1193bbed1d3eef2f31a
FOR,137389187102430152983500,0x399e0ae23663f27181ebb4e66ec504b3aab25541
FOR,110018663438949502901234,0x3b3525f60eeea4a1ef554df5425912c2a532875d
FOR,10022000000000000000,0x3b7139715935682c3fc6e4bbd449ba549d3f9946
FOR,1100000000000000000,0x3c807af9ab4b6be4b0740bfe464dc0df2a8e519b
FOR,10004509365669330944,0x4131826eafdcb7dcd855fae9098ec693165f157d
FOR,1977420251745607680,0x481bb04f60dd1f7d6ec0a3611ed8023e618697cb
FOR,0,0x4d246e41d7131ff60cd533c13bd2aafce7ab1265
FOR,700373858522054656,0x4d477f1aabcfc2fc3fc9b802e861c013e0123ad9
FOR,56298618636204443704002,0x534631bcf33bdb069fb20a93d2fdb9e4d4dd42cf
FOR,0,0x5681ff2150b6e39e00d972598fdb8a19d761f506
FOR,10008000000000000000,0x5d65c31d7a8236f2f65ed5f9688e16a4feca1e0f
FOR,10088800000000000000,0x6162800427ec914856f033a3d865936085d2073b
FOR,720387886468548984832,0x66f5389c4ce7c9c0fc322eaa0106a8d665775489
FOR,100000000000000000,0x69423a88dbeab0177e935a5c63a79f5e576f5c06
FOR,10005000000000000000,0x6ad33463e5fd3a1fb6980eb8c631c0a1f05207f3
FOR,1068376559735652352,0x6b07d4ace5bc9a690fda9ddeb5a0f131fda0b257
FOR,1100000000000000000,0x6de8b641b9b2b22f272d65106f0c471b612091c8
FOR,100000000000000000,0x70ddc90b218bb7a6d710d9e2d498bb38ff499aed
FOR,49156634530217160773365,0x7265a60acaeaf3a5e18e10bc1128e72f27b2e176
FOR,1837000000000000000,0x72b2cb558bf17f9e5aa40754a4e26ec480c07554
FOR,0,0x72ddc7cf64f8b5c899262674f565e5a4d759d886
FOR,10007000000000000000,0x733d0b4d7e2b0068493522782bde55d57d56f77d
FOR,1100000000000000000,0x7343847fad3912bb7081d477b2e15c8f8c69f28a
FOR,177504103025039662251774,0x7a3d05c70581bd345fe117c06e45f9669205384f
FOR,101880346499505476953,0x7bc4d94c7bf180800b90af45d6b00aeb2cb687b5
FOR,10018800000000000000,0x7e3d51d1b82b9d60705223c639f0f87dd4a79026
FOR,100000000000000000,0x7ec062d194f87022a908f943c86b7b9cafa23662
FOR,212002649669570592532594,0x809fa673fe2ab515faa168259cb14e2bedebf68e
FOR,10008000000000000000,0x81ad80992ef7fb3e6282bb360d12ed71ae07d145
FOR,50031105969133584384,0x82eb45562f991329ed2867f43fc60f0ba52c3dab
FOR,164465731397776259893935,0x839395e20bbb182fa440d08f850e6c7a8f6f0780
FOR,0,0x85f948e773b37a972648dc119718ab20fe1d9a30
FOR,63017935845834748090582,0x8b3347fd0b8c3a619d1f1fdc90caf4f335c03742
FOR,22542805660471966262951,0x8d07d225a769b7af3a923481e1fdf49180e6a265
FOR,2305828393678586232832,0x8f5906963ae276e1631efa8ff1a9cae6499ec5e3
FOR,20000000000000000000,0x910c60c049d833a7fd2f5bda310bbea1c5fa3598
FOR,649680921690977370112,0x95d9bed31423eb7d5b68511e0352eae39a3cdd20
FOR,100000000000000000,0x97d5bd51a9ac3c42782dc0eee9edf2e4aecf0815
FOR,1100000000000000000,0x9830037d21c8651ed1958ee414f42ea0a6a50475
FOR,351610934070943818090885,0x983110309620d911731ac0932219af06091b6744
FOR,10001000000000000000,0x9e3b0d4afe15c442174ca62081d0dd6b4c565ca8
FOR,431560312612987281408,0x9f12efbfbf0960c63ccbc2a2b11f919bbd80713c
FOR,1250000000000000000,0xa38f82506c3ab79816d625ad286574133fc6f4e9
FOR,10004000000000000000,0xa68be0da0bc8ede1e8e85029244072083a808428
FOR,1375440565931329536,0xa9e63807a8e9d47901dea68ee7de75e43fb73fc8
FOR,6686138085470708944218,0xaa01dec5307cf17f20881a3286dcaa062578cea7
FOR,15360075900000000000,0xab06e86d240a5f515ea6d16c3530c6596f8bb774
FOR,100000000000000000,0xabca822e2dc539f2e106a933f362b807c0669567
FOR,138850469095391756288,0xaf6b78748723a51b15c33b959f40b9235e97006b
FOR,400000000000000000,0xb3a639757973ac341533344c78d457b934108c8d
FOR,151978775964393164800,0xb55c20a9883b2866486d345d754e73290cf444ce
FOR,240399882984311173539016,0xb8c2c29ee19d8307cb7255e1cd9cbde883a267d5
FOR,100000000000000000,0xb8fa465f176a95c9b0c757cac2985f2164a8e675
FOR,53911413166691091324750,0xbc8dafeaca658ae0857c80d8aa6de4d487577c63
FOR,261752141097328644763429,0xbdb41bff7e828e2dc2d15eb67257455db818f1dc
FOR,0,0xc208934e867dfcdc10e5ab58b631d2c3185edbc9
FOR,1517626795396809572352,0xc4dc1d6b0b226d982d99a8d948c0bc408e2fc543
FOR,0,0xc4fb550fa8f2a6e5178711e56d5b48dedf897e5e
FOR,31087191079803953317,0xc58d054217281e665412c45271319bf951f4fb2c
FOR,10008000000000000000,0xc9c67f49d8261d41795f288cb92fff5ae3e6ecd9
FOR,100000000000000000,0xcba8f9b1403737beb6cb1fbed205f20878f388c1
FOR,100000000000000000,0xcd78829b418e18b85d4e0acdf2fbfec610ff025e
FOR,856019153999895443631,0xcef0b1bbec22edc3d07eac2f5f1053359a96a5e2
FOR,0,0xcf61ebd3613684a53e48ee85d8fbc80c5156c479
FOR,0,0xcfc36d000ef5f72d212bbeb6c847a9a78d9b169b
FOR,1100000000000000000,0xd06acbe86bb06c731e4892d14243450c7c3bdd97
FOR,32894906354667048659828,0xd5d171a9aa125af13216c3213b5a9fc793fccf2c
FOR,1100000000000000000,0xd67516c09c4fcb8289806a7f1602508a0d435df8
FOR,1000000000000000000,0xd83a5a8852049ca286f234b594d7f2b022565fc5
FOR,9893979400000000000,0xda6eb172f3d7ed38a9a97ee11309515e29c062a6
FOR,10151166433591312384,0xdd1643978660870c354c33e6ac5adbb9eb7005d4
FOR,983087952004229888143,0xdd999be32f28064952f4f00c37fd1d66fe21ee87
FOR,10702319627489508799012,0xe11da9560b51f8918295edc5ab9c0a90e9ada20b
FOR,10829774670817394688,0xe40987f8ca51d3f72947400a7459e66db2715bc1
FOR,100000000000000000,0xe41e94b337a461fbbfb1921c89d322a999b920e9
FOR,1154883042705149749,0xe84fec3f6418a154c742a5217eb496590ac22766
FOR,1050000000000000000,0x018365374732403a5286de3ddc875f2fdaf00dfc
FOR,0,0x1122a796fcb9d6f76926bccc840ae858e788cd6d
FOR,63057132291969941504,0x1213da60935679d412ef6fc512642e6f83988ec1
FOR,0,0x13647c69f95b50572e2454777aa4d42b22a94409
FOR,0,0x14a7197bd38350a5432c1d814b40af0853d61abf
FOR,0,0x1730160dad28284a884683af648c4e10aabb7bc7
FOR,0,0x1b4db8fc2e79f79c7f7f5497e31ac9cc876a3f7c
FOR,2130923542810292291299,0x1d5460f896521ad685ea4c3f2c679ec0b6806359
FOR,22041383523397794354976,0x231a07c825f052b895de5fd1513ce40d18e14af5
ABSTAIN,0,0x2943ea8b50ba884a253286870b34279450bba4e1
FOR,6908371805896075736457,0x29a82e07b96c405ac99a8023f767d2971546de70
FOR,191858338638573548894841,0x2b888954421b424c5d3d9ce9bb67c9bd47537d12
FOR,1209050000000000000,0x2d4f27d56c17df538de16e601bdc44d365d0aab3
FOR,0,0x2e437ffc7605db1159f6f3e26f9579f6e0ac13e3
FOR,0,0x2e7796a8cf69b458a79963b35545f1744e682fec
FOR,1104275955054981506048,0x30c7f4f7504d6366916f669cd8e731ed4df6c702
FOR,350000000000000000,0x33ce1310e0e95bdb74fe3ba755231b0fe1849105
FOR,136254929400685793108861,0x399e0ae23663f27181ebb4e66ec504b3aab25541
FOR,10000000000000000000,0x39beb60bc4c1b8b0ebeedc515c7a56e7dfb3a5a9
FOR,1000000000000000000,0x3adfcfe5d6322fd621eafdd1a5ac2fd670f0b72b
FOR,118837890005465574961633,0x3b3525f60eeea4a1ef554df5425912c2a532875d
FOR,5000000000000000078,0x3ccd44bb20bc9c06fa8cce8f6aa207ae86d7dd5b
FOR,0,0x414ddb113f66169fae031a8cd45292a312da799f
FOR,73236366987456609008,0x4254c53fc3b3b38df025ea30bcae410e11bb95b6
FOR,64324930109598995597032,0x48a63097e1ac123b1f5a8bbffafa4afa8192fab0
FOR,56679629050376349956028,0x48dbb9b7b562acf3c38e53deaff4686e24c3d85d
FOR,0,0x4a7a7bb334d6044d202c2f8ffac21b770cfc536a
FOR,700373858522054656,0x4d477f1aabcfc2fc3fc9b802e861c013e0123ad9
FOR,0,0x4f49c34759b7e888ce77de9dd34fec63d63495cc
FOR,2482881937535150146574,0x521aacb43d89e1b8ffd64d9ef76b0a1074dedaf8
FOR,0,0x5237d4c234c143a325db2ccdcee1a7c618a10baa
FOR,60418602823310286968483,0x534631bcf33bdb069fb20a93d2fdb9e4d4dd42cf
FOR,0,0x57cfc93d06867f428eb38e20cb7eae7f4c2ed2f7
FOR,32720231056388051311753,0x58102da531738519d94ab6d1c7f6bdf31a685668
FOR,0,0x63a370abfc8ed6132025f6dc8244ddf6205c174b
FOR,0,0x63e884eea4d1a500f9903b7701d371b0cbae590f
FOR,0,0x642f0d8c508772c5a8a461d077b32ec812e0437f
FOR,0,0x692d89622c3e6f36dd898fc32c6568ea0ed00cee
FOR,29313858733047827296614,0x6e0d9c6dd8a08509bb625caa35dc61a991406f62
FOR,98850735959263170560,0x6e5d087893c6d5518c4c2f18650f2692ff96fbe6
FOR,0,0x715210da31165a05a2481a512e1c3d253d8e13ff
FOR,31060543290000000000,0x71e2fb38c2b9040d0014a629662b3c2b35f10d9a
FOR,0,0x7407d8ca32ef0eb76bf6d56b77d2bde5e2b3e659
FOR,1023956339811933461504,0x75cac0ceb8a39ddb4942a83ad2aafaf0c2a3e13f
FOR,7106600227746226176,0x760f55ad4ee58ff9bf39521d27acbcc184294a9d
FOR,155006666425727614669162,0x7a3d05c70581bd345fe117c06e45f9669205384f
FOR,0,0x7b51fc83c56ac3303fa2fe7ff565b96332a3f528
FOR,70880346499505476953,0x7bc4d94c7bf180800b90af45d6b00aeb2cb687b5
FOR,194128973689779913602957,0x809fa673fe2ab515faa168259cb14e2bedebf68e
FOR,1050000000000000000,0x8150b81338fa35a4375f1e84131894508a0f7ad8
FOR,260149821594996678188491,0x81b287c0992b110adeb5903bf7e2d9350c80581a
FOR,0,0x877821c440eec72383a7707cc3b3fca7beafdad7
FOR,51929563698898370560,0x8c580556fdb1f57853e49f409ae9b89f7658e7a2
FOR,19770543198271688214213,0x8d07d225a769b7af3a923481e1fdf49180e6a265
FOR,19402492848308642048835,0x8f73be66ca8c79382f72139be03746343bf5faa0
FOR,3000000000000000063,0x8fbb54606676ba5f8edc6c4c88ef29b86d58774c
FOR,259892148785170877208106,0x983110309620d911731ac0932219af06091b6744
FOR,5000000000000000000,0x987f05b5eeb8b30b02329d3888bebc3a7424e999
FOR,1050000000000000000,0x998a61c77757c5d3f9e825048f1add78316558e1
FOR,1000000000000000000,0x9a0ad62392c3d6ca98e7fd522473567528863a4e
FOR,1050000000000000000,0x9f8b8d36dabd8e4a6a9e667d1a5681d09e244eda
FOR,1959772391053227675117,0xa7860e99e3ce0752d1ac53b974e309fff80277c6
FOR,5836138085470708944218,0xaa01dec5307cf17f20881a3286dcaa062578cea7
FOR,0,0xac4361f56c82ed59d533d45129f407015d84702a
FOR,0,0xb110bd3f66f7692577e74f57adcae2576ead6702
FOR,0,0xb12fd3c3d8a2955e59f0eea306fdd6ec8b300464
FOR,0,0xb16c8dd25d61716e50fe9dc2c828060226b2f4cd
FOR,1110000000000000000,0xb78942224337f0dd43aaf570bac067d431f5f059
FOR,234995225231515269819115,0xb8c2c29ee19d8307cb7255e1cd9cbde883a267d5
FOR,1098919880158144796,0xb9861f77f2bafc58bfeb90153af6fdd7cafd6726
FOR,53128699498212319320991,0xbc8dafeaca658ae0857c80d8aa6de4d487577c63
FOR,299999999999999986884,0xbf4c796931727fce4b42e8a7f1b284681a0d5a7c
FOR,1050000000000000000,0xbf6c83c6a5473168630dcbe262aa7d7a5c525563
FOR,0,0xc2ace1e2fee2d1e4b33261913d89caf657e99734
FOR,4973494923260291842100,0xc43473fa66237e9af3b2d886ee1205b81b14b2c8
FOR,1050000000000000000,0xc7fcae1e32c6e2dca1403ddb4aac71c29905968b
FOR,0,0xcaa9743d454824ed06dc6bad7424dd32328d6644
AGAINST,859083446647143612416,0xcef0b1bbec22edc3d07eac2f5f1053359a96a5e2
FOR,47788912261262852739870,0xd1324ada7e026211d0cacd90cae5777e340de948
FOR,27699412808634439308515,0xd5d171a9aa125af13216c3213b5a9fc793fccf2c
FOR,504603505051491978067,0xd63c2582b071f41090e89d975f738e87e7b8da50
FOR,45000000000000000000,0xd83a5a8852049ca286f234b594d7f2b022565fc5
FOR,9946876751139329364671,0xe11da9560b51f8918295edc5ab9c0a90e9ada20b
FOR,141271411240714240,0xe33f1860eb6b335f0f961c95952e29941d09b5f7
FOR,2197313046810000000000,0xe52c39327ff7576baec3dbfef0787bd62db6d726
FOR,1759855038497893820091,0xe8332043e54a2470e148f0c1ac0af188d9d46524
FOR,0,0xe8ded3e09b2d02553feb804abfcc416ea57d137a
FOR,1050000000000000000,0xeac1081a61ff8ef3c19de8f1241a11ff2e0dabbe
FOR,4703430735158422962176,0xec5d8514738c472128f12a298956a57b8b1c8662
FOR,1050000000000000000,0xed2038ec58cfeec36ae682629d1d0133d9f93caf
FOR,497109716287086043510,0xf4844a06d4f995c4c03195afcb5aa59dcbb5b4fc
FOR,0,0xf623cbce211c638a2b639672c812dcda97ad1742
FOR,1050000000000000000,0xf868d462eda480b228ec0e3c0f4673f4d300b0b6
FOR,198874793537406992384,0x018f865bb0d0d0c9bd6940d2287d976a62da0748
FOR,59467183880998468965314,0x0457d3ef89435f23d781f97495d1e3e6c93813db
FOR,0,0x078ad5270b0240d8529f600f35a271fc6e2b2bd8
FOR,0,0x1213da60935679d412ef6fc512642e6f83988ec1
FOR,167914435014903917969756,0x190473b3071946df65306989972706a4c006a561
FOR,340416083120082747392,0x1a2cfb4e1ed487c94621c4c8cd73889679d09631
FOR,0,0x1acd043d55312f1d491fb5600d67f560aede7617
FOR,25285133610000000000,0x1d5460f896521ad685ea4c3f2c679ec0b6806359
FOR,0,0x1df4c04d9c4247bedf051e73730c46a03c3d3050
FOR,319792445200820740096,0x2292d4416a8ff57619cfa32be4aa5a392496b260
FOR,57470782713584676864,0x261db4e5783cecc65f05624c09fd37d4c883ad3f
FOR,2962374378744367157358,0x29a82e07b96c405ac99a8023f767d2971546de70
FOR,0,0x29ee39be789ada5cbb2051f4bdd70dd735aed7d0
FOR,234947640223130896335786,0x2b888954421b424c5d3d9ce9bb67c9bd47537d12
FOR,27897803936003854457577,0x3335cc8bda40fb5a5f8db1d0011dec98728d81e1
FOR,132569221019523406851883,0x399e0ae23663f27181ebb4e66ec504b3aab25541
FOR,10000000000000000000,0x39beb60bc4c1b8b0ebeedc515c7a56e7dfb3a5a9
FOR,48405224761992607744,0x436a257ab8f9d8579594f493ffb81fa5245ada26
AGAINST,1102115702714441358330,0x4533d1f65906368ebfd61259daee561df3f3559d
FOR,0,0x4811e6996291cd78b9f9272ead30da18774db174
FOR,10015294603622374636677,0x48a63097e1ac123b1f5a8bbffafa4afa8192fab0
FOR,56360033690302468991710,0x48dbb9b7b562acf3c38e53deaff4686e24c3d85d
FOR,265327391414944454656,0x4ec6bea134099b42f1cc9542aa26c98c0dfee264
FOR,0,0x5244736b3a8f898149ae33f013126a20ce7abc62
FOR,5052061132555669805312,0x534631bcf33bdb069fb20a93d2fdb9e4d4dd42cf
FOR,553920664702041528576,0x53c40473dcdfd927c4201ccfe24e314a7d7c3584
FOR,173935144672002478842638,0x54becc7560a7be76d72ed76a1f5fee6c5a2a7ab6
FOR,163710776777462898688,0x59d6779eca6c91ed7679e261b54299b5155eadf0
FOR,2781217217752941991496,0x62a43123fe71f9764f26554b3f5017627996816a
FOR,8260652918066625335552,0x68f9d801c96ac6ccf562f3600cef77c4504449b6
FOR,31384902895754903210389,0x6e0d9c6dd8a08509bb625caa35dc61a991406f62
FOR,1292734585320661899341,0x6e3c9dfe5413a98720e29f8245c63064f8687492
FOR,191394576100297649664,0x6fec6cb90d4bc025d5249f299d640d66fcbfb6eb
FOR,0,0x71213a9c9504e406d3242436a4bf69c6bfe74461
FOR,0,0x75d84dcb49022917dba07fca7ebe335667231a75
FOR,8534841845772972377065,0x782c93e1c530a283ef738a58b5671a8fc2d8153f
FOR,25273835520,0x78c0a25ccc21604b3d117100de7c9523f53236c7
AGAINST,45415289559668726201408,0x7ae94d7712b7edb9bb2c0ee6d71081a6d8710c0b
FOR,24140245287858227444448,0x7b3431db5a984c7a7a710175f6119a385070e9ec
FOR,258367231114682062514734,0x809fa673fe2ab515faa168259cb14e2bedebf68e
FOR,371594703890169752497596,0x81b287c0992b110adeb5903bf7e2d9350c80581a
FOR,0,0x830dd62d1ee769b054d2b921c0a57d4419d8c7b0
FOR,177275626820923348858621,0x839395e20bbb182fa440d08f850e6c7a8f6f0780
FOR,0,0x84061aeb74185476336798bf7f4e19e6604f003f
FOR,0,0x896002e29fe4cda28a3ae139b0bf7bac26b33a8c
FOR,61493294330731174894187,0x8ab1760889f26cbbf33a75fd2cf1696bfccdc9e6
FOR,451929563698898370560,0x8c580556fdb1f57853e49f409ae9b89f7658e7a2
FOR,25527184779108836963148,0x8d07d225a769b7af3a923481e1fdf49180e6a265
FOR,0,0x8f2a0c6bdd5c1f61552558d2c0d2afe6d3dc5272
FOR,470791338804958259565281,0x983110309620d911731ac0932219af06091b6744
FOR,0,0xa287c992edcc454f3c1a4278b1b9149a991a7b12
FOR,483359636984545527139,0xa89f778740c6562daac0fa1e09f48e0283a39611
FOR,467872373478418312192,0xa906c85b7e809b79c5e69d485693b44d65b1b252
FOR,6522551862984378553856,0xaa01dec5307cf17f20881a3286dcaa062578cea7
FOR,0,0xaae1d38fd89432f1462b753c5752ee1bb66d5659
FOR,602566564372163657728,0xb2668aa455d16ceeb90560d70118093d689a410d
FOR,321383825197273326719896,0xb8c2c29ee19d8307cb7255e1cd9cbde883a267d5
FOR,54732121552134997271886,0xbc8dafeaca658ae0857c80d8aa6de4d487577c63
FOR,298455183126835877490020,0xbdb41bff7e828e2dc2d15eb67257455db818f1dc
FOR,0,0xbe4aa0296b2b217d03ddfff792675cfca96a95b4
FOR,1651205862659868675933,0xbf24bb6ce53fe0ff68f08a24891cf40a4fe3dcf5
ABSTAIN,1163091040422423097344,0xc4dc1d6b0b226d982d99a8d948c0bc408e2fc543
FOR,805103059505744322560,0xcef0b1bbec22edc3d07eac2f5f1053359a96a5e2
FOR,0,0xd3be61cf16b11b4f0eedb8b031ec878cc067e825
FOR,0,0xd5d99e37b61c95e9c8ed263cfa2c7b7e6533d63d
FOR,983087952004229888143,0xdd999be32f28064952f4f00c37fd1d66fe21ee87
FOR,11397667768256883409671,0xe11da9560b51f8918295edc5ab9c0a90e9ada20b
FOR,362028115676962033664,0xe44b654c5ce0b63fed11692c0c8f6117cabf248a
FOR,273687205181386415859707,0xed11e5ea95a5a3440fbaadc4cc404c56d0a5bb04
FOR,6169799058199590074,0xeddd4ec5d3775de964416b7b9d4da885f530f90a
FOR,313456560272883265536,0xee620a0991d57f464aad452789a4564ba51245e8
AGAINST,36222623330080162137087,0xf07a2439296e07bc4320af924e655a01fb69d89c
FOR,0,0xf5aa24cc247ac13486bf3ae9346776bab439b31d
AGAINST,34558305689518837760,0xf5d6bacf23ef66f8ce260d4b799b7ef74494d53e
FOR,1808175179851454637888,0xf6d1b70718596f14870079dcc7da881c753563f5
FOR,101011146190761222144,0xf8bbde27e8ebd26d652ab5db662e96f00af61316
FOR,411620212766280957952,0xfef0c9f776aa48c4e732f5a3e941e03e809147e3
FOR,5164221915842609152,0x001dc27961f97a04bcecd829a12895ccf8ca3b3c
FOR,5999185787532386304,0x0049a94810c1a9df3b248a41c72b6de01c6536f6
FOR,5332925661105856512,0x0086aacadf181b168f94f9a637d56d5f87eaa36d
FOR,17597127063318083584,0x00df99e12315cac90f49527b07d753b7fe9faccd
FOR,5715332361134587904,0x0157455ebb035907b8d794a542764f5941b6cae9
FOR,198874793537406992384,0x018f865bb0d0d0c9bd6940d2287d976a62da0748
FOR,5415607043896639488,0x01dd9673458f3581331f1880ab79497bf7f287ab
FOR,0,0x031d2da6a39dfe83c314df7c2e7a74bfad01773b
FOR,0,0x036ff4f812f3bba28609a9de4ee18a6f5b2342e3
FOR,59672414649990998696409,0x0457d3ef89435f23d781f97495d1e3e6c93813db
FOR,0,0x0696cca4f346552e2a8b822ce9afa50413976a0f
FOR,5495162663746191360,0x0a3c515b3b8e621f826089d4783554935d1cba40
FOR,5052787527948820480,0x0a4deea0d78599f79f346db7855e47cf250d1126
FOR,5042193856808517632,0x0ad5881b80a756555b8ef9cb63074e72117422a0
FOR,0,0x0c2e9a64c9382bc2f99b092b3d0c3164375536d3
FOR,5479375279799762944,0x0c5da262ba0567ed8a80dc13e98712e6e1e3e3be
FOR,5659893809681915904,0x0ddb19eb891791cc28a061690e6c5f5f0b9084b8
FOR,0,0x0f4557462ed91ab7bf885ad9f542691ff5fe9d4c
FOR,5072025510572015616,0x10cea1cb642315e4d2375c20d22e858a6d082ccc
FOR,5901750813393674240,0x11ea1587479e343ed96479740874025357fe0612
FOR,5803761775626985472,0x139ee0c080e8fc626e27dded61869a811ad2b2dc
FOR,5231073006027964416,0x14c7585ce7daf554d8852278fd2ad20e976c59d1
FOR,5861594961946243072,0x161f3a011f67f20bab41e19be80938219c35a8fc
FOR,5656136918206423040,0x165e2a588b5516f80799361f7b8437bd9fbc3496
FOR,5502528650205134848,0x1725416155f0f6e80fde63fd628032bfa45908f7
FOR,5476180968519835648,0x173e831d2d22e237593736784eacc3bb80c3b0f0
FOR,5229962148523155456,0x179a510e7042a1ebcfebb3d9b79ab03277d4bfe3
FOR,0,0x18739f763edbc2d488ef37c876e8b644c57ed780
FOR,5746199190854426624,0x187e340b197205b70203fd5d00da05ed21088f7e
FOR,0,0x18cce26836d780287ba5f99a3a65779799c971f6
FOR,131993679782581847707653,0x190473b3071946df65306989972706a4c006a561
FOR,5663970132285399040,0x1bc13582dd4654a21336a4118bc7fe8a47c09cc7
FOR,339506306204245967872,0x1d5460f896521ad685ea4c3f2c679ec0b6806359
FOR,0,0x1f2910331d564341ba9a9762f2b7eca182230b2f
FOR,5326422615455375360,0x223efbe646858470c2e28da6c929331ecf855dab
FOR,5196285420385214464,0x22d61cd1ddc8b9f951fdb74eae533dadcf4bb196
FOR,5899982023117766656,0x23dec0dc706eae176f69e871f08d58124cd96e57
FOR,1000000000000000000,0x23ee739530231e7aff44a386dcbab639a6c04c92
FOR,5775995669680619520,0x24a7cbb557cb0c1498f77e70a28dc7cb01e2a2d3
FOR,0,0x252c3fac878668c7e03fb6409d03b3b4e7391245
FOR,5204695517546102784,0x2574f999bb26b326a255a1c48fe4a4089e723493
FOR,5909154940882837504,0x26fd86bc1a2e0b174f55c15184e731984e424ec0
FOR,5207675285531123712,0x27806099295c0b77eebaefc6479100732d3ecf8b
FOR,1261551648743931904,0x27b0fc6c4a5a0cf213a570097279a5bde61214d2
FOR,10524226128764796928,0x29a5fd6598bb9fb462d8d129e8b37c8b1f03515e
FOR,3867619413493195844489,0x29a82e07b96c405ac99a8023f767d2971546de70
FOR,5751199232416563200,0x2aa78e16ca499325211d6b21341739fa41afbb28
FOR,5818460375143440384,0x2b82d34269a5c664d6db43b4fba854093a8220d5
FOR,208163025672943310251683,0x2b888954421b424c5d3d9ce9bb67c9bd47537d12
FOR,5911934468459233280,0x2c1999e5f068096e89fefdad4f02a2a28ca7a4d2
FOR,0,0x2c3b3338543ec85a98f4cfae089d1821453bb62f
FOR,5675153788370051072,0x2ccc8db02e237c06cf60c0ce1247bbbc5881152b
FOR,5313544649619406848,0x2e1bb323bd98b398b4a4935e207dbcff956cbfd9
FOR,0,0x2ed0f4e9769591d8eff038abd884187c8101c7f3
FOR,5982065723709292544,0x2f545b1ca236226cbb99d9c5804def40df699ecf
FOR,5225656979738427392,0x2fa21d4321f4b2ee9b06240260675c0b7779e6af
FOR,0,0x31112d6e531bc418c819ef275355b83f3ac8486e
FOR,5005974890909442048,0x3296c471043b316a1aa49a6df711c354119d8864
FOR,5426663175028236288,0x32abad1002420d048075f7c703565711d1b04af1
FOR,0,0x32e523307d04cb6d7d62dac8ed65549350535bcc
FOR,5895977214945927168,0x32faa9b994c17a1ff4755c13d64f1188988e8894
FOR,0,0x3306af0be8d44b95539b156ddfcd634b94e1a7a5
FOR,16510024531055410558432,0x3335cc8bda40fb5a5f8db1d0011dec98728d81e1
FOR,0,0x337121ab97ec52daf36845fa6444be7f9bf7fff5
FOR,0,0x33c27d581a00cde679be9f105b3eac8fb237e727
FOR,5222095561042739200,0x36c4873cf552dba32ee9e1b0981e7fad542c89cb
FOR,0,0x36e278decce261c620a9acd7fa445f3573a431e1
FOR,5758002074634772480,0x37cb63c02f287c1ef7225cecf15ead8585ab788e
FOR,0,0x38aee5584c02fd0dab4f92d6f015ec3b3849a884
FOR,5986065764252368896,0x3a3a3cb8a3a97196c19f1f935bfd30bee317f812
FOR,0,0x3adfcfe5d6322fd621eafdd1a5ac2fd670f0b72b
FOR,5748695663263997952,0x3b33e40ababcbbadcb42bab214bce6d5424979b5
FOR,114486276094108942892905,0x3b3525f60eeea4a1ef554df5425912c2a532875d
FOR,5333916727379312640,0x3b9a3cf5bc1d90eca788205195d52716fedc1ebd
FOR,5068244180440678400,0x3c0aacd2254a5feafd31679e39e7d63a031d62f0
FOR,5959306264956477440,0x3c2249b7b218f247bc384c29e3d6d98d9ac24cec
FOR,5741019780934615040,0x3d613fcf64c7d1e44c8073ebd02d86ab6c09aaaa
FOR,0,0x3d8c71e8621ff9195edbe433f61f8d74eb6e7a49
FOR,5711360926364164096,0x3dbe0a1ac7e1617ea1c02086723521b9372546c7
FOR,5950656585332891648,0x3de9b8f167935926e9417ee722f220e3b9e4d56e
FOR,0,0x3e58dd42d7908d8924a599e5e28e15f4f58c4075
FOR,5536622600561164288,0x3f5c7d41c715a5fba93c9b6664a2e6588c72c74f
FOR,5008835468175056896,0x3fabe097333123e7f0c37bdbba56cb29c76124ef
FOR,5051247583854182400,0x3fb1f4272004cfd6debe60ffb33e948dafb79026
FOR,82402724873138984960,0x3fd2e00db399db1b83a1c2a4d1c908c376e42d76
FOR,0,0x3fdccccc27f307b532babad5481a2177b3693ada
FOR,5688475744194134016,0x406f9bbeb54041cde8e230c6968571af1d78ee47
FOR,5965383790622015488,0x4229459a5a9a2ea2f215dedd7492a674f0f6e339
FOR,0,0x4254c53fc3b3b38df025ea30bcae410e11bb95b6
FOR,1811948506823852032,0x4361b66fa886c89c2778f5cdcfa36582c1c2631c
FOR,5068388373861072896,0x44288cfd6df7abde92294243c30ae1fda970e1d4
FOR,1269350543665119232,0x448fda59cda7c93d8e4476acf0847f27e9e2c605
FOR,5741907123932102656,0x45264d560761821b1d1917d6496ba9949503a9b8
FOR,5961245488844423168,0x45798a3bd22ec4769e4e2c092707f48f899f0db7
FOR,0,0x4620e51748caf4dc73ffd42c31f8ccfcdab7f864
FOR,6021793883188248576,0x47e5d263778b1d6afb4468f92fc7b09b306d7997
FOR,5202621599028551680,0x47f0a60cdf25565dc558fdd4e5a188f88e76dcba
FOR,5760609967575261184,0x489cc102021d434d85a5ae6c838def45732aeefb
FOR,57956492633430383662265,0x48dbb9b7b562acf3c38e53deaff4686e24c3d85d
FOR,11618957714334638080,0x49087eb6f9529eb02a508fb820d7b4d0b52e4881
