,id,noun.id,previousDelegate.id,newDelegate.id
0,0xb012d9f4c87c27c8c2c1f8b5681ea2e54822c64f5e1b985bcd5be2d7acea0891_175,175,0x7f33beaa131a6896b97e27c505c532ce40f88f33,0x4754b7e3dede42d71d6c92978f25f306176ec7e9
1,0xb03ad8b83b4fbb62ff20dd8436ead831ae28410b4e3eb46ffd4f03730d8e83d1_141,141,0x830bd73e4184cef73443c15111a1df14e495c706,0x81974c1a09e53c5129c6e4f74e547fda0adf4d2d
2,0xb03ad8b83b4fbb62ff20dd8436ead831ae28410b4e3eb46ffd4f03730d8e83d1_142,142,0x0bc3807ec262cb779b38d65b38158acc3bfede10,0x830bd73e4184cef73443c15111a1df14e495c706
3,0xb083d087172c001836265ea3312d2b7bb46831f86845fd032769f183a6d5c597_162,162,0x47d4f20ae83bcd350105f199f900e6e6104dab6a,0x75ee6eb3d8dacf41ee2e5307090b197d3e1cca6e
4,0xb085709c730608e2ed7d57118aebedcc66ffd226f9a81255783f1254a53414a9_144,144,0x696ed7b26f4b019ceec78dc8b9140ad64a6f354b,0x6729de759c2d54bf547082f4fe57ddf3fd847ab4
5,0xb0ae715eebba36a5af182bcab322e63e65ae15b2825507c33177a467ea7d3bf7_375,375,0x830bd73e4184cef73443c15111a1df14e495c706,0x4e142fe48c71092e78be1f1082fa8ce0cb15c354
6,0xb0ae715eebba36a5af182bcab322e63e65ae15b2825507c33177a467ea7d3bf7_376,376,0x0bc3807ec262cb779b38d65b38158acc3bfede10,0x830bd73e4184cef73443c15111a1df14e495c706
7,0xb0fa71a09150221a89fe2589c6d35790579b9bd2ac6e01bb6e7ca0258356e9c3_19,19,0xed345b69b68086d2dfca17fc87e0e8909b858dd3,0xa397d02928acaaf6553fd7e832413c5a732cf559
8,0xb14b58c5c1a38e1754469543a28941b92db862e0a2b7c735b2d2bad1d75b0803_259,259,0x270b157a6bb0290484866383e14c1ef9375c6fe8,0x4754b7e3dede42d71d6c92978f25f306176ec7e9
9,0xb1aacdaa4e1a31be51025a20c45b903b284f250eed805f311949129d01029cdf_137,137,0xbf5a7f9ea27322c07a50c78a512a9972e5557c34,0x36a5bc205df1ed65c86301022cfc343a6ce546ff
10,0xb1e4555dba93ac768f8f1506a829e75a7051a60f78de3b1d16c164d953f39ecb_16,16,0x912a526852527dfb5d44c22a15b708aa493cda6b,0x48e3e06520ff208746b8555076f7af3e71af1a4f
11,0xb2161a1a3bb4be440835e9a7eb150e1d0d479cfc2435f338194c87620bf62c3b_153,153,0x270b157a6bb0290484866383e14c1ef9375c6fe8,0x4754b7e3dede42d71d6c92978f25f306176ec7e9
12,0xb2161a1a3bb4be440835e9a7eb150e1d0d479cfc2435f338194c87620bf62c3b_218,218,0x4754b7e3dede42d71d6c92978f25f306176ec7e9,0x270b157a6bb0290484866383e14c1ef9375c6fe8
13,0xb22253bdb7fbb16e800038f1ba0cb640b423eda3c57e31005e889728a8f6dbe8_277,277,0x830bd73e4184cef73443c15111a1df14e495c706,0x4754b7e3dede42d71d6c92978f25f306176ec7e9
14,0xb22253bdb7fbb16e800038f1ba0cb640b423eda3c57e31005e889728a8f6dbe8_278,278,0x0bc3807ec262cb779b38d65b38158acc3bfede10,0x830bd73e4184cef73443c15111a1df14e495c706
15,0xb225f22575682fded11ca191d63bc22b241efe8eca236120a954da23e0d69e28_388,388,0x5d802e2fe48392c104ce0401c7eca8a4456f1f16,0xa903c06bf35286f6d1cdad25396748353979a44c
16,0xb22931719a554c6a1c3349889353ac56638a13922857aac70728f8be2ba505aa_282,282,0x830bd73e4184cef73443c15111a1df14e495c706,0x90a9d3661b1963bc33ccf4d55d663df5856c1126
17,0xb22931719a554c6a1c3349889353ac56638a13922857aac70728f8be2ba505aa_283,283,0x0bc3807ec262cb779b38d65b38158acc3bfede10,0x830bd73e4184cef73443c15111a1df14e495c706
18,0xb38d4b7e6f10f148477cd14a70d7d6856ccd6e9757f344e3b0a7a1c384fe4421_372,372,0x830bd73e4184cef73443c15111a1df14e495c706,0x7fa020f063b3a06153ed755cee5923039efb86a3
19,0xb38d4b7e6f10f148477cd14a70d7d6856ccd6e9757f344e3b0a7a1c384fe4421_373,373,0x0bc3807ec262cb779b38d65b38158acc3bfede10,0x830bd73e4184cef73443c15111a1df14e495c706
20,0xb3c0f6eba492d3026270f3f45d2c3f6a39b5ba7b47245a92eb35c50ae44ecd79_125,125,0xfe0c4192a3fcf7b781c9adb3064d19dc40585f8d,0x83fcfe8ba2fece9578f0bbafed4ebf5e915045b9
21,0xb3ed4e353b58eb403546bee5c6a15aecde28b942c56702e394a502f95219439a_293,293,0x830bd73e4184cef73443c15111a1df14e495c706,0x89cbb15c7ab08a39328b0e3ddf8cffa8d7c50899
22,0xb3ed4e353b58eb403546bee5c6a15aecde28b942c56702e394a502f95219439a_294,294,0x0bc3807ec262cb779b38d65b38158acc3bfede10,0x830bd73e4184cef73443c15111a1df14e495c706
23,0xb45f0869c80c9a38b2a59f581397c972d977fff2897abb36d8e46e3c9d36be54_15,15,0x830bd73e4184cef73443c15111a1df14e495c706,0x2536c09e5f5691498805884fa37811be3b2bddb4
24,0xb45f0869c80c9a38b2a59f581397c972d977fff2897abb36d8e46e3c9d36be54_16,16,0x0bc3807ec262cb779b38d65b38158acc3bfede10,0x830bd73e4184cef73443c15111a1df14e495c706
25,0xb468abbcbb34a9bedb3a93f074adb3a18fbe0cb0926d40ee8edad14c213b0fc8_274,274,0x830bd73e4184cef73443c15111a1df14e495c706,0x90a9d3661b1963bc33ccf4d55d663df5856c1126
26,0xb468abbcbb34a9bedb3a93f074adb3a18fbe0cb0926d40ee8edad14c213b0fc8_275,275,0x0bc3807ec262cb779b38d65b38158acc3bfede10,0x830bd73e4184cef73443c15111a1df14e495c706
27,0xb47da123d20fdb38255fad893a3746427ac1c4600e3952aeac60f17ad7c36a86_146,146,0x4754b7e3dede42d71d6c92978f25f306176ec7e9,0x83fcfe8ba2fece9578f0bbafed4ebf5e915045b9
28,0xb47da123d20fdb38255fad893a3746427ac1c4600e3952aeac60f17ad7c36a86_310,310,0x4754b7e3dede42d71d6c92978f25f306176ec7e9,0x83fcfe8ba2fece9578f0bbafed4ebf5e915045b9
29,0xb48b216c03d65966ac282dc9d19dd794bf22afe76d5aedde2349cdd3ba10b14a_95,95,0xfe2f279d3679bac2d07cf46c93503410ef9ca448,0xcc6c1d21e8474b3578e69eb036c712ab08ffdfbb
30,0xb4d7d858ebaec910437378a63bb5bcd5110b49bbf2381b02748b8cf51d725632_49,49,0xf8d24586f793fab81248f0b23f47e5b6bc0a6c9a,0x43a330dec81bbd5e21f41c6b8354e54d481efc93
31,0xb61d94b5476a2c32794c7cf8d7e24fd4ab0c2949ced2285cec103c8c370ec61b_36,36,0x830bd73e4184cef73443c15111a1df14e495c706,0x17beaa158e68ff9225b4c85151831c7a0d8f258d
32,0xb61d94b5476a2c32794c7cf8d7e24fd4ab0c2949ced2285cec103c8c370ec61b_37,37,0x0bc3807ec262cb779b38d65b38158acc3bfede10,0x830bd73e4184cef73443c15111a1df14e495c706
33,0xb760206024d6aeba8a577572b2cbea00e4c26a403e66187796d597fe9a0f8425_84,84,0x1e267dc94135ce1bcbc0d840510daf5ae6f34c44,0x41a47ff6026f36773b145f40d7c735b0a633cee9
34,0xb7fb00d842175603df44e4a4468baad33a6900a79e37d06b9bcc311745c13605_233,233,0x4754b7e3dede42d71d6c92978f25f306176ec7e9,0x4754b7e3dede42d71d6c92978f25f306176ec7e9
35,0xb7fb00d842175603df44e4a4468baad33a6900a79e37d06b9bcc311745c13605_278,278,0x4754b7e3dede42d71d6c92978f25f306176ec7e9,0x4754b7e3dede42d71d6c92978f25f306176ec7e9
36,0xb84b39402c5fc8bbbf4d72be1f59b99c38d00fbbb98eaf35d2c9ac1ecc9ab60b_28,28,0xb88f61e6fbda83fbfffabe364112137480398018,0xa1e4f7dc1983fefe37e2175524ebad87f1c78c3c
37,0xb888fd5b126ebc4e3f6730c863b24e15b7be8e5e466fe40e5aa4f2aec4d135f0_263,263,0xd862bedfb3c49b7d5e71638ff96f1bed6ffc134c,0x4754b7e3dede42d71d6c92978f25f306176ec7e9
38,0xb8890fe5a47e39900f88c40f08ddd184f97bf595d476cd08d4f986ed09a0ad61_134,134,0xe7fc2c5bf4199ea58252583c1c4cbf7227f6019e,0x979135450371c24fdd3cbc5904298a92b372f6c8
39,0xb889f467e4a63016cc21175728bcd3c643519d5a04443435ae5fcb063b24c68b_135,135,0x585f4fbe2d2a889c286fa71fb81d01f30773f4b1,0x3496f3600070cc01d9665d1057f6f39afc0fe149
40,0xb889f467e4a63016cc21175728bcd3c643519d5a04443435ae5fcb063b24c68b_55,55,0x585f4fbe2d2a889c286fa71fb81d01f30773f4b1,0x3496f3600070cc01d9665d1057f6f39afc0fe149
41,0xb9095c2719ea0d2de6637e39fd01dd2bacb0779250014355556bf6141c0952fb_352,352,0x830bd73e4184cef73443c15111a1df14e495c706,0x4754b7e3dede42d71d6c92978f25f306176ec7e9
42,0xb9095c2719ea0d2de6637e39fd01dd2bacb0779250014355556bf6141c0952fb_353,353,0x0bc3807ec262cb779b38d65b38158acc3bfede10,0x830bd73e4184cef73443c15111a1df14e495c706
43,0xb92386a003417ea58380ada0b10a0e3eb807cdd2097053e7cae2aa6d018fe86b_78,78,0x830bd73e4184cef73443c15111a1df14e495c706,0x696ed7b26f4b019ceec78dc8b9140ad64a6f354b
44,0xb92386a003417ea58380ada0b10a0e3eb807cdd2097053e7cae2aa6d018fe86b_79,79,0x0bc3807ec262cb779b38d65b38158acc3bfede10,0x830bd73e4184cef73443c15111a1df14e495c706
45,0xba0cd047d1ac3b7df6cf33bed9ef06f8b3c1b7bcd55cde529e2096fb9468681c_175,175,0xdb94daa8bf1b6f45b122f442f922a2c4dd2f7ade,0xe5e4b1ec4061d6fc932207dfc5cf96bd27fb11da
46,0xba45e5d84d475ea0c390a192095b78ad637ae69ed18d23d13e648a7869cfeb9d_148,148,0xd879600d6e58ed385c9af4cad15bdf78a58889ae,0x9646e0f7544b8ee3649e7ac77eef0cf5b53b748a
47,0xba4fcfb2071b225cdda529468cc3bc24b199f81dee585b6e0247627062379893_207,207,0x55e1490a1878d0b61811726e2cb96560022e764c,0x29153510ae8fbd3b6ce1a0e3e2147f5ddf3da23a
48,0xba71d4e7ef102388d8282882f018934b6db110b206db047555bfeb7400d862be_279,279,0x830bd73e4184cef73443c15111a1df14e495c706,0x90a9d3661b1963bc33ccf4d55d663df5856c1126
49,0xba71d4e7ef102388d8282882f018934b6db110b206db047555bfeb7400d862be_280,280,0x0bc3807ec262cb779b38d65b38158acc3bfede10,0x2573c60a6d127755aa2dc85e342f7da2378a0cc5
50,0xba71d4e7ef102388d8282882f018934b6db110b206db047555bfeb7400d862be_281,281,0x0bc3807ec262cb779b38d65b38158acc3bfede10,0x830bd73e4184cef73443c15111a1df14e495c706
51,0xba8560127d046bb5b2c92cae027a8741f3301975ef37752e23e3b3b1e565cd07_46,46,0x830bd73e4184cef73443c15111a1df14e495c706,0xf8d24586f793fab81248f0b23f47e5b6bc0a6c9a
52,0xba8560127d046bb5b2c92cae027a8741f3301975ef37752e23e3b3b1e565cd07_47,47,0x0bc3807ec262cb779b38d65b38158acc3bfede10,0x830bd73e4184cef73443c15111a1df14e495c706
53,0xbaebd95fcc6714f5a5c0a9b7f5edfe56e184c8213540cd2df0bd4693e77e0e94_317,317,0x0c775fe687bc11f265899d40542d2d065d10ad0b,0xdead753f9b1eb8f2f7372e8587e7c6e342daac89
54,0xbb79281287dd25830f6e43ceedbe218ad3bc88ca657509b04323b57213fed991_97,97,0x1ff2875cd548eeae6d22f26bae2d72a50fd143c7,0x7fa020f063b3a06153ed755cee5923039efb86a3
55,0xbb9a3e663ac2508ae5518b2b33b8866dfd33a70851358b63b4e71cebbb8f48b6_388,388,0x830bd73e4184cef73443c15111a1df14e495c706,0x5d802e2fe48392c104ce0401c7eca8a4456f1f16
56,0xbb9a3e663ac2508ae5518b2b33b8866dfd33a70851358b63b4e71cebbb8f48b6_389,389,0x0bc3807ec262cb779b38d65b38158acc3bfede10,0x830bd73e4184cef73443c15111a1df14e495c706
57,0xbc15e2031c99f2db380ab99616ad972878b6afb6c3d817d7b0b7c758a9388390_334,334,0x5d802e2fe48392c104ce0401c7eca8a4456f1f16,0x4ba94314687a0bd02c9f1b944ff1a96efd88241b
58,0xbc48fda7244f2f8ecfad190b49127e979cb4b555e1aef18b94007ac6e410b791_157,157,0x024bcbcaad82e67f721799e259ca60bc7d363419,0xceb78abfad166c11e350156fd671b385265a6c87
59,0xbc7daff98e39913898251699b634b9fe5b5453bbad873ccefcd16ce0aeb322ea_168,168,0xf1544ba9a1ad3c8c8b507de3e1f5243c3697e367,0xa4c8d9e4ec5f2831701a81389465498b83f9457d
60,0xbc92ce131e7519e7414f74d7baa538d92335b66258146caf49f200391a008675_142,142,0xf6c625851d48fe26b50d96b821a87efc7e35c222,0x6937db08db977c734fc1ce884d2915b05147f845
61,0xbd7e85b06331f26f0e039933f50aaeabcab8801db1aa40bfe660a5dff9b58f92_177,177,0x6d40c2da94c6522e361904383c37c605f39b8e73,0xd79b31e43090fa967f5dd3495b7290aabeacb622
62,0xbe11756fd96963e5f82f438a159326fce324b7df1283ee4743dd1c9d10566569_116,116,0x021edd67d43b365a6401a5ee704aa6f264f3f4e4,0x8323f1c687f7e2296ec71ee3549a7430ea7ec730
63,0xbe385902ed9e6715147b59494bbfc6fbf38c03576a502fed8156da82e5f08287_321,321,0x830bd73e4184cef73443c15111a1df14e495c706,0x4754b7e3dede42d71d6c92978f25f306176ec7e9
64,0xbe385902ed9e6715147b59494bbfc6fbf38c03576a502fed8156da82e5f08287_322,322,0x0bc3807ec262cb779b38d65b38158acc3bfede10,0x830bd73e4184cef73443c15111a1df14e495c706
65,0xbee365f405730e7ba4ba2e7fd8b476464c617ddf9a780fa58098db5eaeeb22e6_382,382,0x830bd73e4184cef73443c15111a1df14e495c706,0xf627e5f4bad95a956468d8bb6ee20b119f992e96
66,0xbee365f405730e7ba4ba2e7fd8b476464c617ddf9a780fa58098db5eaeeb22e6_383,383,0x0bc3807ec262cb779b38d65b38158acc3bfede10,0x830bd73e4184cef73443c15111a1df14e495c706
67,0xbeffe0820b928925402bbeb39ae80a5f6e5bdfde628e13e41b507081b2b9e313_72,72,0x879253b5cc2b13bb976e075f0571f85454a315f6,0xce6404642bb08f897fce5317c1349656ca44f2d8
68,0xbeffe0820b928925402bbeb39ae80a5f6e5bdfde628e13e41b507081b2b9e313_93,93,0x879253b5cc2b13bb976e075f0571f85454a315f6,0xce6404642bb08f897fce5317c1349656ca44f2d8
69,0xbf13d52ee843548dcadddef5f3fd656bed0424a2fdd70fe2f3a40958b2f4cf70_325,325,0x920d5e8a6d314cd59eb5d9faf526fa7b24e127fa,0x9c34e60ac65ddf9fe822a2a8477f22bccb4463e2
70,0xbf3bd00577eaf1c24a198360e2912e0616dec28ccf36d17f97505c43c273c60d_142,142,0xbf5a7f9ea27322c07a50c78a512a9972e5557c34,0xf6c625851d48fe26b50d96b821a87efc7e35c222
71,0xbf6fc8c97c41bf5caf504655b1c0f54bee7fa7d84d553b41cdc04fd1d6b25fb1_6,6,0x2124bf73abd9a1a8d2d23633ccc28972da90c20d,0xf476cd75be8fdd197ae0b466a2ec2ae44da41897
72,0xbfb2c8846bc275cb02b43257048c8580c584a8569bb23dbaabb74cbf84e02e7f_140,140,0xfc9e8db5e255439f430e058462360dd52b87cb4f,0x2573c60a6d127755aa2dc85e342f7da2378a0cc5
73,0xbfb2c8846bc275cb02b43257048c8580c584a8569bb23dbaabb74cbf84e02e7f_20,20,0xfc9e8db5e255439f430e058462360dd52b87cb4f,0x2573c60a6d127755aa2dc85e342f7da2378a0cc5
74,0xbfb2c8846bc275cb02b43257048c8580c584a8569bb23dbaabb74cbf84e02e7f_220,220,0xfc9e8db5e255439f430e058462360dd52b87cb4f,0x2573c60a6d127755aa2dc85e342f7da2378a0cc5
75,0xbfb79745947ca79344f6288540b3f22cb7ce903c11bb881ffd6d36d5e05475a3_57,57,0x57524efc73e194e4f19dc1606fb7a3e1dbf719b3,0x91e371c3cd3aa81af27b1602d4d8cf9d81ec5a90
76,0xc04efb0d93cfea25e9f0d481b524811189bb95e09f73d74bc8325330d1a9ca6d_164,164,0xf896527c49b44aab3cf22ae356fa3af8e331f280,0xc3bb8481be69bbacd14ed278ea219eb0f19748ac
77,0xc13cd02e1a0dd3e20f3931a601cbe626f438087864cbb7cc565b4a3bea07d572_194,194,0x830bd73e4184cef73443c15111a1df14e495c706,0x1e32a859d69dde58d03820f8f138c99b688d132f
78,0xc13cd02e1a0dd3e20f3931a601cbe626f438087864cbb7cc565b4a3bea07d572_195,195,0x0bc3807ec262cb779b38d65b38158acc3bfede10,0x830bd73e4184cef73443c15111a1df14e495c706
79,0xc1f43b96f03a59ed7d357b83c55bf867db924f044689f3be9901823fe5e8611c_296,296,0x2ef9834de85f62f36fe39cb3387d30469762ad1b,0xa7f3f205fb211fbd8c94273d0b6cbff725fe6807
80,0xc257a176006d2b470b33ed13bddd70b6c025cff4637380782579affd05900b22_109,109,0x830bd73e4184cef73443c15111a1df14e495c706,0xaca3b4110403f3c4dacb35a7b3aa0a84efb6a3e9
81,0xc257a176006d2b470b33ed13bddd70b6c025cff4637380782579affd05900b22_110,110,0x0bc3807ec262cb779b38d65b38158acc3bfede10,0x2573c60a6d127755aa2dc85e342f7da2378a0cc5
82,0xc257a176006d2b470b33ed13bddd70b6c025cff4637380782579affd05900b22_111,111,0x0bc3807ec262cb779b38d65b38158acc3bfede10,0x830bd73e4184cef73443c15111a1df14e495c706
83,0xc29ec8dc4399bdf1367656a3d478a342e9e4ced22a87c4a62d784c8bf3029d95_95,95,0xcc6c1d21e8474b3578e69eb036c712ab08ffdfbb,0x3852471d266d9e2222ca9fdd922bafc904dc49e5
84,0xc3b9cb5f9e1d4bdc7843274cc1701ea3875f8aa5caded203b7236634273ab249_266,266,0x6403d0e123c9e0f73265ab3f3dfd4c8ba3599f85,0x6403d0e123c9e0f73265ab3f3dfd4c8ba3599f85
85,0xc3ece344702f8daa328b67cd93cb4a3af1fc2b348c77d523a680e2830f4975d2_242,242,0x830bd73e4184cef73443c15111a1df14e495c706,0x96342f72f2d51027347cba749e852a3e6518e1a9
86,0xc3ece344702f8daa328b67cd93cb4a3af1fc2b348c77d523a680e2830f4975d2_243,243,0x0bc3807ec262cb779b38d65b38158acc3bfede10,0x830bd73e4184cef73443c15111a1df14e495c706
87,0xc41f86d6d89b14f531547e07ce083b29c8ac4b7968beec7aaaae63815d25b0c3_104,104,0x830bd73e4184cef73443c15111a1df14e495c706,0x696ed7b26f4b019ceec78dc8b9140ad64a6f354b
88,0xc41f86d6d89b14f531547e07ce083b29c8ac4b7968beec7aaaae63815d25b0c3_105,105,0x0bc3807ec262cb779b38d65b38158acc3bfede10,0x830bd73e4184cef73443c15111a1df14e495c706
89,0xc43e2a2a6018fb4bf2ff5b2c1bf4aa111593b7f091450fa82ae82bfd0c522595_185,185,0x4754b7e3dede42d71d6c92978f25f306176ec7e9,0xa397d02928acaaf6553fd7e832413c5a732cf559
90,0xc45ae3ae6a092e318163c291c728a997f47507e8f6260514c26eaba4cd33012a_155,155,0x4754b7e3dede42d71d6c92978f25f306176ec7e9,0x7fa020f063b3a06153ed755cee5923039efb86a3
91,0xc495e19d264a9affe45beab6282ef29fe51994eb05c74e998817b8dac208c25b_24,24,0x830bd73e4184cef73443c15111a1df14e495c706,0x180e0db5c0c3204520a96c6d77c94402b5001241
92,0xc495e19d264a9affe45beab6282ef29fe51994eb05c74e998817b8dac208c25b_25,25,0x0bc3807ec262cb779b38d65b38158acc3bfede10,0x830bd73e4184cef73443c15111a1df14e495c706
93,0xc4f4f42247df01ba30aab4bc72669539939842555488f5d5fc65428f01411837_212,212,0x8266a38fae251cce7b11f86cb548fcab03bebfca,0xa1e4f7dc1983fefe37e2175524ebad87f1c78c3c
94,0xc4fad2688e55a1cf0454ed2e0caed5f2f94518d8b0ff4756d40259f957b47335_31,31,0xc94bb9a7485954e17f589e572346cd8b7deadbe1,0x696ed7b26f4b019ceec78dc8b9140ad64a6f354b
95,0xc569dc423d83600ecf5c492245c3de601ee59df8e71bed21b1929a82e7d1fff2_292,292,0xa7192525cb9fc74c5ce0ae714169cbd3073a229d,0x4754b7e3dede42d71d6c92978f25f306176ec7e9
96,0xc5b034f29c826558864bfe4b4fe8a21a6104505e69a85dfbf10d8377b5cbaa99_204,204,0x830bd73e4184cef73443c15111a1df14e495c706,0x4754b7e3dede42d71d6c92978f25f306176ec7e9
97,0xc5b034f29c826558864bfe4b4fe8a21a6104505e69a85dfbf10d8377b5cbaa99_205,205,0x0bc3807ec262cb779b38d65b38158acc3bfede10,0x830bd73e4184cef73443c15111a1df14e495c706
98,0xc5ba0fc0bcd0e6e587f4a519c7f672c73768605e2bfde103039aefb15ca6aa39_367,367,0x830bd73e4184cef73443c15111a1df14e495c706,0x2e32935bfd5b2718f99bc8fdf8b37c16811f7d97
99,0xc5ba0fc0bcd0e6e587f4a519c7f672c73768605e2bfde103039aefb15ca6aa39_368,368,0x0bc3807ec262cb779b38d65b38158acc3bfede10,0x830bd73e4184cef73443c15111a1df14e495c706
100,0xc603866a2df96ac57307afdfea73ff9d944b5274610dbae0b82d05e51e65fdce_314,314,0x65b5c1dc1021da1f8b2aa32464cf1976a1fcbaa9,0x501fea3b37837cde179d1c38595ea6d590becf2e
101,0xc6658a03eb2deb87ddadc484504664d97f0bbc70151546312d1c882bb13723e9_115,115,0xacba5e568bef10b2c160b48617348c79c070da37,0x4754b7e3dede42d71d6c92978f25f306176ec7e9
102,0xc6cf32b56fb68f129138503e2ef171adefde74b951a8bb031c15036951efe219_167,167,0x830bd73e4184cef73443c15111a1df14e495c706,0xd3e2e76e4ab0322614fe7aaa3be0b04bed83d0d0
103,0xc6cf32b56fb68f129138503e2ef171adefde74b951a8bb031c15036951efe219_168,168,0x0bc3807ec262cb779b38d65b38158acc3bfede10,0x830bd73e4184cef73443c15111a1df14e495c706
104,0xc733fb2b44411f6c801bd32ad447843319e4d6482d47d3214880b8fc6a7a6322_102,102,0x830bd73e4184cef73443c15111a1df14e495c706,0x4680cb63563472cac10236c07d288580d8d7b52a
105,0xc733fb2b44411f6c801bd32ad447843319e4d6482d47d3214880b8fc6a7a6322_103,103,0x0bc3807ec262cb779b38d65b38158acc3bfede10,0x830bd73e4184cef73443c15111a1df14e495c706
106,0xc75e71996a956c388b629dd9293ed0d902a7fbc9b6b2e337f1e3c4dc3a7b58ee_226,226,0x830bd73e4184cef73443c15111a1df14e495c706,0xd3e401814d1faa8ca0419ecccbfee93ac7b15b31
107,0xc75e71996a956c388b629dd9293ed0d902a7fbc9b6b2e337f1e3c4dc3a7b58ee_227,227,0x0bc3807ec262cb779b38d65b38158acc3bfede10,0x830bd73e4184cef73443c15111a1df14e495c706
108,0xc7e87a75684f1c6f11435bbaf8b6dd16e64daa41a0e11e8bfe65b2c31e790f07_67,67,0xec7641e298af02c19171451381c570327389b0c2,0x1915d20497269b19952ebdf5e020e73e34b66004
109,0xc86bd541ac8ce69af62b6876898ef2643f8f7318e08cb275f8a9b62a8940b08b_241,241,0x6237c88fe026b1b27f494f49ba399448aaaa93c0,0x717a578e4a157ea52ee989be75f15957f294d1a9
110,0xc86f5109ee6d3e4f0af3e0d8cc59ceae2224dcd06e5e4bb47f4baecbcfbbdc5e_304,304,0x57757e3d981446d585af0d9ae4d7df6d64647806,0xa86882277e69fbf0a51805cdc8b0a3a113079e63
111,0xc86f5109ee6d3e4f0af3e0d8cc59ceae2224dcd06e5e4bb47f4baecbcfbbdc5e_306,306,0x57757e3d981446d585af0d9ae4d7df6d64647806,0xa86882277e69fbf0a51805cdc8b0a3a113079e63
112,0xc883ed5eff69fef9bfe99090f654b7d92548548dff345eaff9cc6df02a93ba9e_141,141,0x47d4f20ae83bcd350105f199f900e6e6104dab6a,0xd1295fcbaf56bf1a6dff3e1df7e437f987f6feca
113,0xc8a666e0b8c091755d86caa81b100aed572406931207a0dbb26a344a4021fce9_152,152,0x830bd73e4184cef73443c15111a1df14e495c706,0xf0d6999725115e3ead3d927eb3329d63afaec09b
114,0xc8a666e0b8c091755d86caa81b100aed572406931207a0dbb26a344a4021fce9_153,153,0x0bc3807ec262cb779b38d65b38158acc3bfede10,0x830bd73e4184cef73443c15111a1df14e495c706
115,0xc8aaa187ad9a601a803d1a1a58c6c2c0f4a4c38d2cc3e6086b78656f9793dabf_31,31,0x696ed7b26f4b019ceec78dc8b9140ad64a6f354b,0x6d40c2da94c6522e361904383c37c605f39b8e73
116,0xc8c2a501f4aa3aba8f7e735d79964271da5277379f1cea1eb99c09a01a1746fd_267,267,0x830bd73e4184cef73443c15111a1df14e495c706,0xf6b6f07862a02c85628b3a9688beae07fea9c863
117,0xc8c2a501f4aa3aba8f7e735d79964271da5277379f1cea1eb99c09a01a1746fd_268,268,0x0bc3807ec262cb779b38d65b38158acc3bfede10,0x830bd73e4184cef73443c15111a1df14e495c706
118,0xc948d9ef83cf1947dfa14f196c1db41ab50c10199deb09af8cc6891f1e1c8f4e_178,178,0x4c5816d9a83ddd60c6ef8d1bef23bd0fb920d8c5,0xa4e232fceedb3f43c8e707f8cf20b6bcf30f10e1
119,0xc985775247e9e71ee54651cec7d8f39988ce83b99481bba08de36898ebccb631_379,379,0x2d7d54476738286552173b5957999664b9fbd467,0x22dd884df8b5dee9b44472f0472dc42e56abee89
120,0xc9ce1cfc0852d49e78cb2f2787adae2840dcadfa26ade96d2df06fe947053852_135,135,0x830bd73e4184cef73443c15111a1df14e495c706,0x9cb8c1463471ee4d8dd6887035f4835a1745e92a
121,0xc9ce1cfc0852d49e78cb2f2787adae2840dcadfa26ade96d2df06fe947053852_136,136,0x0bc3807ec262cb779b38d65b38158acc3bfede10,0x830bd73e4184cef73443c15111a1df14e495c706
122,0xcac7b28c4982690351d64c24fa4695de7a0f43ddcbf63b93809c30cbc8ef9a34_374,374,0x830bd73e4184cef73443c15111a1df14e495c706,0x5d802e2fe48392c104ce0401c7eca8a4456f1f16
123,0xcac7b28c4982690351d64c24fa4695de7a0f43ddcbf63b93809c30cbc8ef9a34_375,375,0x0bc3807ec262cb779b38d65b38158acc3bfede10,0x830bd73e4184cef73443c15111a1df14e495c706
124,0xcacce3c8351b14e284556a1a19f59b60d58fe6325fea65b28d803b3528fdde9a_15,15,0x2536c09e5f5691498805884fa37811be3b2bddb4,0xae7f458667f1b30746354abc3157907d9f6fd15e
125,0xcb37afdc51fe166eb4f5aba2f893d9026db4a6799fe0eb2afbc3bc954acc82e4_172,172,0xb47a70df538b9a3b591bc5d75da66a04c879b291,0x8321795bdace7428d4fadfa30c2ee8e727e491e5
126,0xcb68b97e88dc503fad9f98bf0087761fd920d948ef127c1f106339ffbb95c0b6_352,352,0x8005488ff4f8982d2d8c1d602e6d747b1428dd41,0x3a6760599f8b91dc58c21163e31c2b22d99b0124
127,0xcba198a93af4f64aad36c518a5d919e8e98ca636c535e174416e834bf473ebb0_345,345,0x830bd73e4184cef73443c15111a1df14e495c706,0x7fa020f063b3a06153ed755cee5923039efb86a3
128,0xcba198a93af4f64aad36c518a5d919e8e98ca636c535e174416e834bf473ebb0_346,346,0x0bc3807ec262cb779b38d65b38158acc3bfede10,0x830bd73e4184cef73443c15111a1df14e495c706
129,0xcbdb2fe2df96a0807ebf327cfbbbe1eea8e5118bd37650be6931a72122dc3cea_336,336,0x830bd73e4184cef73443c15111a1df14e495c706,0x4754b7e3dede42d71d6c92978f25f306176ec7e9
130,0xcbdb2fe2df96a0807ebf327cfbbbe1eea8e5118bd37650be6931a72122dc3cea_337,337,0x0bc3807ec262cb779b38d65b38158acc3bfede10,0x830bd73e4184cef73443c15111a1df14e495c706
131,0xcc17e6eeb74a78c8ef2e03b19eba82fca809746901df67b674485b62233c37c5_285,285,0x4754b7e3dede42d71d6c92978f25f306176ec7e9,0x7fa020f063b3a06153ed755cee5923039efb86a3
132,0xccb5efa3c63f25ec89edfee1a28ca673de619fd103c0881689bf6d3724d336cd_120,120,0x2573c60a6d127755aa2dc85e342f7da2378a0cc5,0xa4e232fceedb3f43c8e707f8cf20b6bcf30f10e1
133,0xcd759bb3e4549b668dc94850c0feac3b9b8bb1612e5bd7142dd496b3d6b343bb_103,103,0xedad6b7434acd68ed2814ef961d2164029adb316,0x4680cb63563472cac10236c07d288580d8d7b52a
134,0xcdad111de439893cdee54220e9880afe54180cc5abb51faf67da9b6beb9a9bd3_172,172,0xb47a70df538b9a3b591bc5d75da66a04c879b291,0xbf5a7f9ea27322c07a50c78a512a9972e5557c34
135,0xcde85c7cf27bf1b95bb3f4c9667bf6a17ea2339f06a6738568e8e4aae46c0b64_197,197,0x830bd73e4184cef73443c15111a1df14e495c706,0xc67c60cd6d82fcb2fc6a9a58ea62f80443e32683
136,0xcde85c7cf27bf1b95bb3f4c9667bf6a17ea2339f06a6738568e8e4aae46c0b64_198,198,0x0bc3807ec262cb779b38d65b38158acc3bfede10,0x830bd73e4184cef73443c15111a1df14e495c706
137,0xcdf1f81aab6a008058fd8214b6af74f626f0e1145dafa04aa8439239b51266c0_292,292,0x830bd73e4184cef73443c15111a1df14e495c706,0x4754b7e3dede42d71d6c92978f25f306176ec7e9
138,0xcdf1f81aab6a008058fd8214b6af74f626f0e1145dafa04aa8439239b51266c0_293,293,0x0bc3807ec262cb779b38d65b38158acc3bfede10,0x830bd73e4184cef73443c15111a1df14e495c706
139,0xce10abfea9d2cb79fc8d94393809532b5809c2386e2026a24cad07f30208c415_189,189,0x830bd73e4184cef73443c15111a1df14e495c706,0x73222225044ce0fc672ff9b6f9730d0a0421382c
140,0xce10abfea9d2cb79fc8d94393809532b5809c2386e2026a24cad07f30208c415_190,190,0x0bc3807ec262cb779b38d65b38158acc3bfede10,0x2573c60a6d127755aa2dc85e342f7da2378a0cc5
141,0xce10abfea9d2cb79fc8d94393809532b5809c2386e2026a24cad07f30208c415_191,191,0x0bc3807ec262cb779b38d65b38158acc3bfede10,0x830bd73e4184cef73443c15111a1df14e495c706
142,0xceb56a5f41a571fe9246f143fe7312bd330abc8999808b418f30264eb286cc1b_88,88,0x830bd73e4184cef73443c15111a1df14e495c706,0x0f576fe0a916ca39ee929f0cc956cfc9d2a59c12
143,0xceb56a5f41a571fe9246f143fe7312bd330abc8999808b418f30264eb286cc1b_89,89,0x0bc3807ec262cb779b38d65b38158acc3bfede10,0x830bd73e4184cef73443c15111a1df14e495c706
144,0xcf51a22ed77e288a2e1ec9960d22e7956ea12f3ce0247648e21026fb5bdd196f_264,264,0x64e9cd118aa8d45c20efeeefd68679372f5e48dc,0x0d54e5297c0126d4edd7bc7bbefac7bee4b8d0fa
145,0xcf8a76a568a5d4c91dd45404873d67b2f080693305a3ecf4e85374ab0ed6a429_5,5,0xf0ccf93438aebc3065cef29e013fc5f4835c4780,0xae7f458667f1b30746354abc3157907d9f6fd15e
146,0xcfc018d449d5dce707181064623b2e0eb1dc987188857743474e32104d3a59da_91,91,0xeac1c57ea577e480e8a59db6eb05d41ea0716e8b,0x7fa020f063b3a06153ed755cee5923039efb86a3
147,0xd030e58c513ba47af496668c10f0cbeeddf5490661c41983669e14a41fc19aab_167,167,0xd3e2e76e4ab0322614fe7aaa3be0b04bed83d0d0,0xd44e9b676e74ae45c0a39150be771eb189bb2337
148,0xd03fa0bd3821c729eb6cf7177fc8a20578ac28e080883ce77e669f68790aa1e1_126,126,0x830bd73e4184cef73443c15111a1df14e495c706,0xf504211d774c9b7d4c61959d6fe773d250a44dcf
149,0xd03fa0bd3821c729eb6cf7177fc8a20578ac28e080883ce77e669f68790aa1e1_127,127,0x0bc3807ec262cb779b38d65b38158acc3bfede10,0x830bd73e4184cef73443c15111a1df14e495c706
150,0xd081bf3f17e100c7eab2ddbc26cbc3492305d955a7fc759313973d3803d14a24_282,282,0x90a9d3661b1963bc33ccf4d55d663df5856c1126,0xf6b6f07862a02c85628b3a9688beae07fea9c863
151,0xd0bb6419bb0ec3896c972de72323dfc059ae312162f935b092ab063724278a48_366,366,0x36a43344039e8d4341bc66ab3a97ef355fa9ed59,0xfe349ddff44ba087530c1efc3342e786dffc57b0
152,0xd0bbedd30f3ecb9063295c235c86a9787c3a39640b54b405cbb0091b29a7ec48_205,205,0x47b78acc6d29428f128eb04b467d316e548e4b89,0xba93a6acac634551d49c5aab0f7a0eb2a6bd00a8
153,0xd0d13aff03b91314bcdec767ec9723e50a809ea073dfc31131087d0a09bc5c4e_231,231,0x830bd73e4184cef73443c15111a1df14e495c706,0xd3e2e76e4ab0322614fe7aaa3be0b04bed83d0d0
154,0xd0d13aff03b91314bcdec767ec9723e50a809ea073dfc31131087d0a09bc5c4e_232,232,0x0bc3807ec262cb779b38d65b38158acc3bfede10,0x830bd73e4184cef73443c15111a1df14e495c706
155,0xd0e0546effea7a4e74be4dbc0aac23b8fca7d125d1bc6873784343d1afc51e6c_240,240,0x88f9e324801320a3fc22c8d045a98ad32a490d8e,0x2573c60a6d127755aa2dc85e342f7da2378a0cc5
156,0xd0e0546effea7a4e74be4dbc0aac23b8fca7d125d1bc6873784343d1afc51e6c_30,30,0x88f9e324801320a3fc22c8d045a98ad32a490d8e,0x2573c60a6d127755aa2dc85e342f7da2378a0cc5
157,0xd0e0546effea7a4e74be4dbc0aac23b8fca7d125d1bc6873784343d1afc51e6c_340,340,0x88f9e324801320a3fc22c8d045a98ad32a490d8e,0x2573c60a6d127755aa2dc85e342f7da2378a0cc5
158,0xd0e8e9d8b06c1a0c5b9de47efd7f9441795612bee3bf0da48f5b441f513f3114_29,29,0x830bd73e4184cef73443c15111a1df14e495c706,0xd049b3064990869c9f73bd7896271d83325d2067
159,0xd0e8e9d8b06c1a0c5b9de47efd7f9441795612bee3bf0da48f5b441f513f3114_30,30,0x0bc3807ec262cb779b38d65b38158acc3bfede10,0x2573c60a6d127755aa2dc85e342f7da2378a0cc5
160,0xd0e8e9d8b06c1a0c5b9de47efd7f9441795612bee3bf0da48f5b441f513f3114_31,31,0x0bc3807ec262cb779b38d65b38158acc3bfede10,0x830bd73e4184cef73443c15111a1df14e495c706
161,0xd280d0d5f21a7f705207fa139794d29f61df1f07f06cefcbadb9d88f3e42ccd7_146,146,0x830bd73e4184cef73443c15111a1df14e495c706,0x6924686b3dcd04ae8ef91a3feccc262d020f519d
162,0xd280d0d5f21a7f705207fa139794d29f61df1f07f06cefcbadb9d88f3e42ccd7_147,147,0x0bc3807ec262cb779b38d65b38158acc3bfede10,0x830bd73e4184cef73443c15111a1df14e495c706
163,0xd2a1805de91e821712d66e9f62e38e68e77ce8ba0624128342c7d7c37274f2df_100,100,0x2573c60a6d127755aa2dc85e342f7da2378a0cc5,0xe051deee4bdada672c314bc74d404c03ed920daa
164,0xd2a1805de91e821712d66e9f62e38e68e77ce8ba0624128342c7d7c37274f2df_290,290,0x2573c60a6d127755aa2dc85e342f7da2378a0cc5,0xe051deee4bdada672c314bc74d404c03ed920daa
165,0xd2a1805de91e821712d66e9f62e38e68e77ce8ba0624128342c7d7c37274f2df_310,310,0x2573c60a6d127755aa2dc85e342f7da2378a0cc5,0xe051deee4bdada672c314bc74d404c03ed920daa
166,0xd2a896e979314d778b245df1cf930b2950fd5f2a545a1e1b57bbb0019f7655a0_134,134,0x979135450371c24fdd3cbc5904298a92b372f6c8,0xe7fc2c5bf4199ea58252583c1c4cbf7227f6019e
167,0xd2d7e3f7c8e8e01650f852678a30315c8b47c1506f5eaf7f6804d55bcd50ff2a_248,248,0xbf5a7f9ea27322c07a50c78a512a9972e5557c34,0x5ca6a2e5f53a48616d4ead87ff6034fc032d4722
168,0xd3423d0f74d49efb715eead3ec1bc20ab9e2c594cdf8fb778f92327a59005614_105,105,0x4680cb63563472cac10236c07d288580d8d7b52a,0xedad6b7434acd68ed2814ef961d2164029adb316
169,0xd511c9fa52a82a49f91f1c18747bc9d4c03dc891fd91dd94c54146b1bf8d74a0_37,37,0xa345291396612c6dbe5180675405afdb7a38bd95,0x75ee6eb3d8dacf41ee2e5307090b197d3e1cca6e
170,0xd53cf35f9ba01a0ad2456ed46b5d0252ec0a315dcda8321336a030a399f795c3_227,227,0x830bd73e4184cef73443c15111a1df14e495c706,0xd6406c9838e1423d14a6dfc1bfd6a1c307608da3
171,0xd53cf35f9ba01a0ad2456ed46b5d0252ec0a315dcda8321336a030a399f795c3_228,228,0x0bc3807ec262cb779b38d65b38158acc3bfede10,0x830bd73e4184cef73443c15111a1df14e495c706
172,0xd5c8c5f563195e7f051328f7be98e58c3041b3bcfd03ba4801b51f956424d895_16,16,0xa58899bbc983781d47c7dd5a6b8aeef53cd34bbc,0x48e3e06520ff208746b8555076f7af3e71af1a4f
173,0xd60620686c826fd5a81a03c446ea0ce4c4428a5837dc976554fa7e335639f02f_292,292,0x4754b7e3dede42d71d6c92978f25f306176ec7e9,0xa7192525cb9fc74c5ce0ae714169cbd3073a229d
174,0xd63f61085356116771c5aad832ccc3d316a247da0951815a107e134ce3516b39_98,98,0xf1544ba9a1ad3c8c8b507de3e1f5243c3697e367,0xa4c8d9e4ec5f2831701a81389465498b83f9457d
175,0xd6d9efc900c0caaad3eef47e09d14358ee81b961483ee4bf666951c42fa1e01b_389,389,0x830bd73e4184cef73443c15111a1df14e495c706,0xcf6165e56c3383978f6eaaf58b314af41569c0f0
176,0xd6d9efc900c0caaad3eef47e09d14358ee81b961483ee4bf666951c42fa1e01b_390,390,0x0bc3807ec262cb779b38d65b38158acc3bfede10,0x2573c60a6d127755aa2dc85e342f7da2378a0cc5
177,0xd6d9efc900c0caaad3eef47e09d14358ee81b961483ee4bf666951c42fa1e01b_391,391,0x0bc3807ec262cb779b38d65b38158acc3bfede10,0x830bd73e4184cef73443c15111a1df14e495c706
178,0xd6e2151b829b29bf594abde70b1a9fbcc7396e7d2c29d2dc671d6b651bd745ab_13,13,0x830bd73e4184cef73443c15111a1df14e495c706,0x912a526852527dfb5d44c22a15b708aa493cda6b
179,0xd6e2151b829b29bf594abde70b1a9fbcc7396e7d2c29d2dc671d6b651bd745ab_14,14,0x0bc3807ec262cb779b38d65b38158acc3bfede10,0x830bd73e4184cef73443c15111a1df14e495c706
180,0xd713a7e3ff37d3818a28281d88b89d767cd89294762e8ecb3a5d262c1608b765_254,254,0x830bd73e4184cef73443c15111a1df14e495c706,0xf8a065f287d91d77cd626af38ffa220d9b552a2b
181,0xd713a7e3ff37d3818a28281d88b89d767cd89294762e8ecb3a5d262c1608b765_255,255,0x0bc3807ec262cb779b38d65b38158acc3bfede10,0x830bd73e4184cef73443c15111a1df14e495c706
182,0xd71cb55855d66d7a7b39d2b375797e6798fbff3766cfb807c275a5fa2be20a7f_264,264,0x830bd73e4184cef73443c15111a1df14e495c706,0x64e9cd118aa8d45c20efeeefd68679372f5e48dc
183,0xd71cb55855d66d7a7b39d2b375797e6798fbff3766cfb807c275a5fa2be20a7f_265,265,0x0bc3807ec262cb779b38d65b38158acc3bfede10,0x830bd73e4184cef73443c15111a1df14e495c706
184,0xd7280a9bac5ac1705bfa26eb0eb312e5c891bb68989d660764a613f338f1660b_266,266,0x830bd73e4184cef73443c15111a1df14e495c706,0x6414258ee299b740c19a11b938afe30a373d1afd
185,0xd7280a9bac5ac1705bfa26eb0eb312e5c891bb68989d660764a613f338f1660b_267,267,0x0bc3807ec262cb779b38d65b38158acc3bfede10,0x830bd73e4184cef73443c15111a1df14e495c706
186,0xd7e518438921fe2f7cb8bee91f60b6fd3d8525cf95b0273d4dbd2cb626ef0c05_75,75,0xcc8e3600356b62baa44100a5f2e61aa2c7bc68c2,0x4e2ad513f8c667925813a238d56138acb9479435
187,0xd852055f0e794e3abc0559c0a7d56d05be989c24dcb8fdda6502e6dd50a3b122_116,116,0x8323f1c687f7e2296ec71ee3549a7430ea7ec730,0x021edd67d43b365a6401a5ee704aa6f264f3f4e4
188,0xd8f5a0da419009969286ab3c311cf56be0a0fe863cbcfdbddaa1ce7c7b0be912_159,159,0x830bd73e4184cef73443c15111a1df14e495c706,0x83fcfe8ba2fece9578f0bbafed4ebf5e915045b9
189,0xd8f5a0da419009969286ab3c311cf56be0a0fe863cbcfdbddaa1ce7c7b0be912_160,160,0x0bc3807ec262cb779b38d65b38158acc3bfede10,0x2573c60a6d127755aa2dc85e342f7da2378a0cc5
190,0xd8f5a0da419009969286ab3c311cf56be0a0fe863cbcfdbddaa1ce7c7b0be912_161,161,0x0bc3807ec262cb779b38d65b38158acc3bfede10,0x830bd73e4184cef73443c15111a1df14e495c706
191,0xd932ba93edc97ce1994ce328144bc4be22a6461d1325631dddd252420dc4664b_169,169,0xb337fa1974319076ca9758b7d919b601a94146cd,0xb7c3785efba3ad94c2c3277e865a5ac62a9818d5
192,0xd9560bf314deb1b803930a68cd7f5ba4355fe5b9d99f6f958068b3edb23e8444_278,278,0x830bd73e4184cef73443c15111a1df14e495c706,0x90a9d3661b1963bc33ccf4d55d663df5856c1126
193,0xd9560bf314deb1b803930a68cd7f5ba4355fe5b9d99f6f958068b3edb23e8444_279,279,0x0bc3807ec262cb779b38d65b38158acc3bfede10,0x830bd73e4184cef73443c15111a1df14e495c706
194,0xd99a6cd1717198ff91a6316d2f474c1e99dfbf492a1e4afdd5294a7580067f6d_164,164,0xc3bb8481be69bbacd14ed278ea219eb0f19748ac,0xf896527c49b44aab3cf22ae356fa3af8e331f280
195,0xd9aac6cbab666c934c89dd72d2db6552d40374d035055e53d35366bfb9def397_172,172,0x8321795bdace7428d4fadfa30c2ee8e727e491e5,0x36a5bc205df1ed65c86301022cfc343a6ce546ff
196,0xda02a02543381a1b5e8c0f899afc0b695314c4a0e7a27b5637a14316a2870af7_218,218,0x270b157a6bb0290484866383e14c1ef9375c6fe8,0x8f217d5cccd08fd9dce24d6d42aba2bb4ff4785b
197,0xda17661a0615460db6b576099a06c0b1d0b3c7dd5773c64ddd141b1ff44e4cc8_162,162,0x5382859146010ac16e142b6708f8e178e77f66bc,0x4d544c95f86ab807e25c7c5ecd0ccfccdea9e51f
198,0xda26e175bbe0dbac3f22f5b6aaee9747077b5a9fb5c077db3e52c15c5d18b9fa_152,152,0xf0d6999725115e3ead3d927eb3329d63afaec09b,0x4754b7e3dede42d71d6c92978f25f306176ec7e9
199,0xda26e175bbe0dbac3f22f5b6aaee9747077b5a9fb5c077db3e52c15c5d18b9fa_165,165,0xf0d6999725115e3ead3d927eb3329d63afaec09b,0x4754b7e3dede42d71d6c92978f25f306176ec7e9
200,0xda2a6a156505827d4bb0c79bca6023241e4d69a4e75413ad2fb022e71be33cdf_244,244,0xf8a065f287d91d77cd626af38ffa220d9b552a2b,0xbf5a7f9ea27322c07a50c78a512a9972e5557c34
201,0xda2a6a156505827d4bb0c79bca6023241e4d69a4e75413ad2fb022e71be33cdf_302,302,0xf8a065f287d91d77cd626af38ffa220d9b552a2b,0xbf5a7f9ea27322c07a50c78a512a9972e5557c34
202,0xda9119e2e7b10039d44525dd441681610ae9939e80845913429434e3722db465_0,0,0x0bc3807ec262cb779b38d65b38158acc3bfede10,0x2573c60a6d127755aa2dc85e342f7da2378a0cc5
203,0xda9119e2e7b10039d44525dd441681610ae9939e80845913429434e3722db465_1,1,0x0bc3807ec262cb779b38d65b38158acc3bfede10,0x830bd73e4184cef73443c15111a1df14e495c706
204,0xdab4b7106ea1ad4bb9522c15f7fefd2a4e2588131dd4f134b7be981fb748f0d0_51,51,0x830bd73e4184cef73443c15111a1df14e495c706,0xa387c87102fc0b51939d0cf9a86f7edd05291d5c
205,0xdab4b7106ea1ad4bb9522c15f7fefd2a4e2588131dd4f134b7be981fb748f0d0_52,52,0x0bc3807ec262cb779b38d65b38158acc3bfede10,0x830bd73e4184cef73443c15111a1df14e495c706
206,0xdab6d043ec2a488106cabb0d730e9c2a5bb7501d9a109d5160b558470ff26f69_53,53,0x830bd73e4184cef73443c15111a1df14e495c706,0x4d9b5696a8afed6b65f92b1b86ccf90c7561ae56
207,0xdab6d043ec2a488106cabb0d730e9c2a5bb7501d9a109d5160b558470ff26f69_54,54,0x0bc3807ec262cb779b38d65b38158acc3bfede10,0x830bd73e4184cef73443c15111a1df14e495c706
208,0xdb7a321b8de764447cfeb5b6d2f170fd39ef953c228c7b8f3846820157e041d3_4,4,0x68f9d801c96ac6ccf562f3600cef77c4504449b6,0x385a7e8a44224b0b89eccd124a1b0417c97bc7fa
209,0xdb9d11cce7bf5aaba69e4a919538868d82565743ffb6053c969e623213db969f_1,1,0x830bd73e4184cef73443c15111a1df14e495c706,0x2536c09e5f5691498805884fa37811be3b2bddb4
210,0xdb9d11cce7bf5aaba69e4a919538868d82565743ffb6053c969e623213db969f_2,2,0x0bc3807ec262cb779b38d65b38158acc3bfede10,0x830bd73e4184cef73443c15111a1df14e495c706
211,0xdc4c61ef0a9e9fd55a663aaf6a8a299f3bb819b0ca9411474b9a8703cb9ff242_246,246,0xa02a1ab39ef37b7d860d7a791661703023389149,0x7fa020f063b3a06153ed755cee5923039efb86a3
212,0xdce7e0d3cc5e7d1a6aefc0e903c1fa851031f4d9e2384b9d39759373140feb3a_107,107,0x830bd73e4184cef73443c15111a1df14e495c706,0x14dfdd3613054ddb14af2fa51c8a75e17dade764
213,0xdce7e0d3cc5e7d1a6aefc0e903c1fa851031f4d9e2384b9d39759373140feb3a_108,108,0x0bc3807ec262cb779b38d65b38158acc3bfede10,0x830bd73e4184cef73443c15111a1df14e495c706
214,0xdd33893f5656f445962c1e954ff8ba65f1db086008651ad12f5787f6055fec2b_253,253,0xcc2688350d29623e2a0844cc8885f9050f0f6ed5,0x0bc3807ec262cb779b38d65b38158acc3bfede10
215,0xde90389fd7c689980532f265c5b081114eadaeb9658f8a584d555d3a509e66d6_137,137,0x830bd73e4184cef73443c15111a1df14e495c706,0x36a5bc205df1ed65c86301022cfc343a6ce546ff
216,0xde90389fd7c689980532f265c5b081114eadaeb9658f8a584d555d3a509e66d6_138,138,0x0bc3807ec262cb779b38d65b38158acc3bfede10,0x830bd73e4184cef73443c15111a1df14e495c706
217,0xde996a041940add18cd140e1bc86a88dbb1adaf8eaea14a5e380eaf0728cd734_254,254,0xf8a065f287d91d77cd626af38ffa220d9b552a2b,0xb4013fa7fed306ada9ad186b50b88c72e06bd009
218,0xdeae83c5ee924ffd8ee4fd06d6a89b80f4fd5734c3ce1167edd8b6edeec42ab9_344,344,0x830bd73e4184cef73443c15111a1df14e495c706,0x1337f7970e8399ccbc625647fce58a9dada5aa66
219,0xdeae83c5ee924ffd8ee4fd06d6a89b80f4fd5734c3ce1167edd8b6edeec42ab9_345,345,0x0bc3807ec262cb779b38d65b38158acc3bfede10,0x830bd73e4184cef73443c15111a1df14e495c706
220,0xdebfc07338015546666cf0aaed77d5ff498e5e007339a6b8cb02071bfad7abd5_276,276,0xd9b449335ab3efe0b2481f19a2dcdf75fa8b29ca,0xa1e4f7dc1983fefe37e2175524ebad87f1c78c3c
221,0xdec014efa969386cd253cd276e6b91d5ba2b2936ef2fb4b19a729b1c3b75c638_316,316,0x9769334fc882775f4951865aa473481880669d47,0x75ee6eb3d8dacf41ee2e5307090b197d3e1cca6e
222,0xdecb4b0ccd261e71c660d24b81ec5552382aefe25451e7d2e99a16dc0b2cfd29_295,295,0x830bd73e4184cef73443c15111a1df14e495c706,0x2f8334822c7362f3d80fe731d3962d582d25bf5b
223,0xdecb4b0ccd261e71c660d24b81ec5552382aefe25451e7d2e99a16dc0b2cfd29_296,296,0x0bc3807ec262cb779b38d65b38158acc3bfede10,0x830bd73e4184cef73443c15111a1df14e495c706
224,0xdf064255b970d5862ff4e9bfd678787462b4e4841f0e9775e29f69af4121a1a9_178,178,0x830bd73e4184cef73443c15111a1df14e495c706,0xa4e232fceedb3f43c8e707f8cf20b6bcf30f10e1
225,0xdf064255b970d5862ff4e9bfd678787462b4e4841f0e9775e29f69af4121a1a9_179,179,0x0bc3807ec262cb779b38d65b38158acc3bfede10,0x830bd73e4184cef73443c15111a1df14e495c706
226,0xdf3a21f86b616b564185aeee462b44a0426ff964ce1b0c235f4ad8bf09604097_348,348,0x830bd73e4184cef73443c15111a1df14e495c706,0x2f2f237d2e655cc0a6f6fef761e5aef13087e71f
227,0xdf3a21f86b616b564185aeee462b44a0426ff964ce1b0c235f4ad8bf09604097_349,349,0x0bc3807ec262cb779b38d65b38158acc3bfede10,0x830bd73e4184cef73443c15111a1df14e495c706
228,0xdf5d8c393b1b8b5b09a38103be30551e32f8a448b73c9e39f8038a85c2baf8c4_197,197,0xc67c60cd6d82fcb2fc6a9a58ea62f80443e32683,0xb5ac414c576bd2f4291b6c51e167db752c2c4e62
229,0xe0173040c6e5918a9b8c835d115799c40d873addc77dfac1b844f09e61dd5afd_142,142,0xf6c625851d48fe26b50d96b821a87efc7e35c222,0xbf5a7f9ea27322c07a50c78a512a9972e5557c34
230,0xe077c11ac4845d10fc41d527280cb70510d917f7ee3745643b995239d2406925_365,365,0x830bd73e4184cef73443c15111a1df14e495c706,0x50664ede715e131f584d3e7eaabd7818bb20a068
231,0xe077c11ac4845d10fc41d527280cb70510d917f7ee3745643b995239d2406925_366,366,0x0bc3807ec262cb779b38d65b38158acc3bfede10,0x830bd73e4184cef73443c15111a1df14e495c706
232,0xe0a85a75efdf9fef3e7be09dbc73aaa8803628c22311db833802eb73fce9b23a_55,55,0x9cb8c1463471ee4d8dd6887035f4835a1745e92a,0x585f4fbe2d2a889c286fa71fb81d01f30773f4b1
233,0xe0ddae9048007f67badcdcc454dd0bf3d7521e60e22f181f5866a7f64888c118_354,354,0x830bd73e4184cef73443c15111a1df14e495c706,0x7dd5b92716542ab2442030df6d87cec437a51ded
234,0xe0ddae9048007f67badcdcc454dd0bf3d7521e60e22f181f5866a7f64888c118_355,355,0x0bc3807ec262cb779b38d65b38158acc3bfede10,0x830bd73e4184cef73443c15111a1df14e495c706
235,0xe0f15a4e03ae76ef6026cc0073802d135b6fddea9c25a840244fe8be3190f7a9_314,314,0xc52b521b284792498c1036d4c2ed4b73387b3859,0x65b5c1dc1021da1f8b2aa32464cf1976a1fcbaa9
236,0xe0fb4d8e425ac669d61f6886c58a016056f6b0e8906d6d0346d25de4c342f6a1_59,59,0x830bd73e4184cef73443c15111a1df14e495c706,0xf3d5e8f1cb8cc717661d6a8e692b60cdd1b45ca2
237,0xe0fb4d8e425ac669d61f6886c58a016056f6b0e8906d6d0346d25de4c342f6a1_60,60,0x0bc3807ec262cb779b38d65b38158acc3bfede10,0x2573c60a6d127755aa2dc85e342f7da2378a0cc5
238,0xe0fb4d8e425ac669d61f6886c58a016056f6b0e8906d6d0346d25de4c342f6a1_61,61,0x0bc3807ec262cb779b38d65b38158acc3bfede10,0x830bd73e4184cef73443c15111a1df14e495c706
239,0xe10a6a6def88988e20c292f7f637c16719ccc9dcb5c97c085cd25d1f03f1a684_40,40,0x2573c60a6d127755aa2dc85e342f7da2378a0cc5,0x8869e7b48e33c5f1fffb0f15f6084c7b438d6371
240,0xe1722ca02cece26d56e51894837df66ecf27dc1441f4248f6d1308bc436f54d2_77,77,0x830bd73e4184cef73443c15111a1df14e495c706,0x3612b2e93b49f6c797066ca8c38b7f522b32c7cb
241,0xe1722ca02cece26d56e51894837df66ecf27dc1441f4248f6d1308bc436f54d2_78,78,0x0bc3807ec262cb779b38d65b38158acc3bfede10,0x830bd73e4184cef73443c15111a1df14e495c706
242,0xe201876481d5f043f992284383b04b2df1447fbab806bdcad7465a59fbeb81f3_223,223,0x830bd73e4184cef73443c15111a1df14e495c706,0xd3e2e76e4ab0322614fe7aaa3be0b04bed83d0d0
243,0xe201876481d5f043f992284383b04b2df1447fbab806bdcad7465a59fbeb81f3_224,224,0x0bc3807ec262cb779b38d65b38158acc3bfede10,0x830bd73e4184cef73443c15111a1df14e495c706
244,0xe23a430d21014c52fa166e9e4aae33607692335d183032982aa9164eb4aa21d3_309,309,0x4754b7e3dede42d71d6c92978f25f306176ec7e9,0x7fa020f063b3a06153ed755cee5923039efb86a3
245,0xe2837508f9db732562a18d754086f56d85141766159d4ed255f23ff8961d8b0c_75,75,0x4e2ad513f8c667925813a238d56138acb9479435,0xa068d2ce57234a6324575ecc088f0d3b2c100974
246,0xe3152e4388884080e07205e130d96bd5996b783112ff3ae71e691f7ce05ea670_148,148,0x9646e0f7544b8ee3649e7ac77eef0cf5b53b748a,0xcc2688350d29623e2a0844cc8885f9050f0f6ed5
247,0xe3152e4388884080e07205e130d96bd5996b783112ff3ae71e691f7ce05ea670_23,23,0x9646e0f7544b8ee3649e7ac77eef0cf5b53b748a,0xcc2688350d29623e2a0844cc8885f9050f0f6ed5
248,0xe31fae608bd553a3a3901f5cb79196051140f426339d6476de3c284da1062a44_175,175,0x4754b7e3dede42d71d6c92978f25f306176ec7e9,0xdb94daa8bf1b6f45b122f442f922a2c4dd2f7ade
249,0xe33784abced82d55c03bc69a9eceaa88076f429354b1fd9ac3a13280e1df53c4_241,241,0x717a578e4a157ea52ee989be75f15957f294d1a9,0x6237c88fe026b1b27f494f49ba399448aaaa93c0
250,0xe342385bdcff027b9e38471393fbcd495b34a38be810a99b09b726a68dd06b0c_143,143,0xd33f519291a5ba56da1351243789c91a9c2a319e,0xee72ca0cdae499be75b87c0383b5c6abc8129ab6
251,0xe36b7913ddb6d9163871b5f4dae28ae1fc9a24078786ca4df553469b32ad987c_154,154,0x4754b7e3dede42d71d6c92978f25f306176ec7e9,0xba93a6acac634551d49c5aab0f7a0eb2a6bd00a8
252,0xe36b7913ddb6d9163871b5f4dae28ae1fc9a24078786ca4df553469b32ad987c_202,202,0x4754b7e3dede42d71d6c92978f25f306176ec7e9,0xba93a6acac634551d49c5aab0f7a0eb2a6bd00a8
253,0xe36b7913ddb6d9163871b5f4dae28ae1fc9a24078786ca4df553469b32ad987c_277,277,0x052564eb0fd8b340803df55def89c25c432f43f4,0xba93a6acac634551d49c5aab0f7a0eb2a6bd00a8
254,0xe44f3d835978ca5dc9bdca4d3f224025458e9d3db9b83115388d18e9d5c7de94_221,221,0xa1c8f8f481076a5c203f134b0a06ee9817f10281,0x1dcece843cda5d37221d1ec1ec988d1108c1a6f0
255,0xe47b5f67bf35385253ac594aeb961d5bacf7a8dbef83daf592e518fad3b1939a_342,342,0x830bd73e4184cef73443c15111a1df14e495c706,0x583885492b1ac55e6633cdd89d03939033c96bf8
256,0xe47b5f67bf35385253ac594aeb961d5bacf7a8dbef83daf592e518fad3b1939a_343,343,0x0bc3807ec262cb779b38d65b38158acc3bfede10,0x830bd73e4184cef73443c15111a1df14e495c706
257,0xe52ae18ff4c92a2b5e1192347979e43a99f8de8151adc5c2c6b6216284213b68_157,157,0x44736f68f0a7a3b2244750997ac073a6a036e3e8,0xceb78abfad166c11e350156fd671b385265a6c87
258,0xe62ecf53e14ca8fc981c96ffba6d869fd08466d526505734392b20d6fd150565_184,184,0x4c0a466df0628fe8699051b3ac6506653191cc21,0xdcb4117e3a00632efcac3c169e0b23959f555e5e
259,0xe67ac83104eebda5ad9a9f9677bb551bd6c7b79f845bb2355559264d10ce73bb_332,332,0xc8598168d8475133de3150eff9b0ce27fb9b038d,0xea03523a90e5fc7e424ccef2b3e7d1ac3c90cdae
260,0xe74ad3e6d727cf2c0da2d7bcb2b2dab9823d4396a83b9854f4043e15036619a5_247,247,0x830bd73e4184cef73443c15111a1df14e495c706,0x1984edf70973e1389548f21cd0dcb15b408240c9
261,0xe74ad3e6d727cf2c0da2d7bcb2b2dab9823d4396a83b9854f4043e15036619a5_248,248,0x0bc3807ec262cb779b38d65b38158acc3bfede10,0x830bd73e4184cef73443c15111a1df14e495c706
262,0xe77b4a097ea06bd91ceb12a681b173439c097db307e44aeb50f3427f06f2f29a_86,86,0x24d7a9daf84a3f30b279b931a732f58c4eb0e52b,0x4f6c679e0b17241f9543b1bf8246e18c5865e159
263,0xe77b7421fc177ed93782283054b5b31c01c495c3b3f02a18d7e32b8a09fb0235_127,127,0x4754b7e3dede42d71d6c92978f25f306176ec7e9,0xca04e939a0ac0626c4a4299735e353e8dc5ef3ec
264,0xe790a1bc87088279e9266137d0febd4b7495367563a8ef5377eb0c1d90acf8bf_56,56,0x830bd73e4184cef73443c15111a1df14e495c706,0x2e5ccffbae934a9cb7e061fca7af01946e4e550e
265,0xe790a1bc87088279e9266137d0febd4b7495367563a8ef5377eb0c1d90acf8bf_57,57,0x0bc3807ec262cb779b38d65b38158acc3bfede10,0x830bd73e4184cef73443c15111a1df14e495c706
266,0xe7d4225c04e990042d894ba49aefcd87b55cd6e37f38ace292d07db3cac23b24_192,192,0x830bd73e4184cef73443c15111a1df14e495c706,0xb9ec6c2ff236f28cd89d8f111272705e85a4fb6f
267,0xe7d4225c04e990042d894ba49aefcd87b55cd6e37f38ace292d07db3cac23b24_193,193,0x0bc3807ec262cb779b38d65b38158acc3bfede10,0x830bd73e4184cef73443c15111a1df14e495c706
268,0xe7fe7722cd00044624d00e7007d336199fa5eb0e94dfbb60e4127df291910d99_225,225,0x830bd73e4184cef73443c15111a1df14e495c706,0x900692990c689fcb7c35ea01571f7ecc7d93e7e4
269,0xe7fe7722cd00044624d00e7007d336199fa5eb0e94dfbb60e4127df291910d99_226,226,0x0bc3807ec262cb779b38d65b38158acc3bfede10,0x830bd73e4184cef73443c15111a1df14e495c706
270,0xe880da491cc233dae37184e83b32163570fa915a421159408ccc02d5ff5a2772_228,228,0xa312899a7c6377cb70e258a3b49b1dcd96ba830d,0xc67f7247bbdad2f71677e7117d2649a7426e2236
271,0xe8bb76a250662add8cfb4e9f6887838d6191b79fb155bb1b87d34f4779400c5d_218,218,0x830bd73e4184cef73443c15111a1df14e495c706,0x4754b7e3dede42d71d6c92978f25f306176ec7e9
272,0xe8bb76a250662add8cfb4e9f6887838d6191b79fb155bb1b87d34f4779400c5d_219,219,0x0bc3807ec262cb779b38d65b38158acc3bfede10,0x830bd73e4184cef73443c15111a1df14e495c706
273,0xe8bec3d2a64b4285b19192248c7a421dbafdb587471cffddbac7ebe29e0a1639_237,237,0x830bd73e4184cef73443c15111a1df14e495c706,0x7bee754c1b75917cadc51e23f69304419970b04f
274,0xe8bec3d2a64b4285b19192248c7a421dbafdb587471cffddbac7ebe29e0a1639_238,238,0x0bc3807ec262cb779b38d65b38158acc3bfede10,0x830bd73e4184cef73443c15111a1df14e495c706
275,0xe8c77346fa0ae3e1c9e86f1617de3662c7d9efb61a070b98f93cc93419625eb0_7,7,0x830bd73e4184cef73443c15111a1df14e495c706,0xca6caedcc79d4d6541b3f82dc7754a14d9b196f8
276,0xe8c77346fa0ae3e1c9e86f1617de3662c7d9efb61a070b98f93cc93419625eb0_8,8,0x0bc3807ec262cb779b38d65b38158acc3bfede10,0x830bd73e4184cef73443c15111a1df14e495c706
277,0xe90887f820ee898e79c191e5552eadf554869e7342677dbd64a769882554ae52_211,211,0x830bd73e4184cef73443c15111a1df14e495c706,0x4c00f62943546975354d3460d1759189460b44e7
278,0xe90887f820ee898e79c191e5552eadf554869e7342677dbd64a769882554ae52_212,212,0x0bc3807ec262cb779b38d65b38158acc3bfede10,0x830bd73e4184cef73443c15111a1df14e495c706
279,0xe9251585a252b94d72254871e6562de352d4f85bf3e6860a9135fdbb3f487e63_132,132,0xa1aeb0d5049c861c4ed4dbf53fc405b9a42de73a,0x0857060fd3cd69dd317be663e82f503c31a98966
280,0xea4c714ec486395364b05110e282e18154bda5ba44371173ae188d31147d9912_103,103,0x4680cb63563472cac10236c07d288580d8d7b52a,0xedad6b7434acd68ed2814ef961d2164029adb316
281,0xeaa221dcd146e40ca25cf67cf512bcf291f0680a4529bdcb699f1f8d8d9509c8_106,106,0x830bd73e4184cef73443c15111a1df14e495c706,0xfe2f279d3679bac2d07cf46c93503410ef9ca448
282,0xeaa221dcd146e40ca25cf67cf512bcf291f0680a4529bdcb699f1f8d8d9509c8_107,107,0x0bc3807ec262cb779b38d65b38158acc3bfede10,0x830bd73e4184cef73443c15111a1df14e495c706
283,0xeaba8b1848ba3bda016d26d6571287ccdfd91cd23dc9b3139546f9bf25e388ab_140,140,0x177751396d8236569c5c7b04232c7b7281a3b9f3,0xfc9e8db5e255439f430e058462360dd52b87cb4f
284,0xeaba8b1848ba3bda016d26d6571287ccdfd91cd23dc9b3139546f9bf25e388ab_20,20,0x177751396d8236569c5c7b04232c7b7281a3b9f3,0xfc9e8db5e255439f430e058462360dd52b87cb4f
285,0xeaba8b1848ba3bda016d26d6571287ccdfd91cd23dc9b3139546f9bf25e388ab_220,220,0x177751396d8236569c5c7b04232c7b7281a3b9f3,0xfc9e8db5e255439f430e058462360dd52b87cb4f
286,0xeae5d000f0a6981b6386451b8389b7a2f81879dda69d98d5d90ca87f34a6abb7_103,103,0x7d544a853dbcd39a53315e7002f4951a6d2f080d,0xb054e7683f26273b4ba7454df9a71c578506aa01
287,0xeb05547a227e1764bc91a44ac183652076b4859e7975b00e45493ce28665709b_228,228,0x830bd73e4184cef73443c15111a1df14e495c706,0xc67f7247bbdad2f71677e7117d2649a7426e2236
288,0xeb05547a227e1764bc91a44ac183652076b4859e7975b00e45493ce28665709b_229,229,0x0bc3807ec262cb779b38d65b38158acc3bfede10,0x830bd73e4184cef73443c15111a1df14e495c706
289,0xeb3a0cd3c423dd760b7b73cb00619ca74524731a21256ff4df03470fcd54830e_165,165,0x830bd73e4184cef73443c15111a1df14e495c706,0xf0d6999725115e3ead3d927eb3329d63afaec09b
290,0xeb3a0cd3c423dd760b7b73cb00619ca74524731a21256ff4df03470fcd54830e_166,166,0x0bc3807ec262cb779b38d65b38158acc3bfede10,0x830bd73e4184cef73443c15111a1df14e495c706
291,0xeb546d69cda94ba256e3c62e14c21159ccab770f17f3ab0e5f13d1bcc6ce40fa_102,102,0x052564eb0fd8b340803df55def89c25c432f43f4,0x4754b7e3dede42d71d6c92978f25f306176ec7e9
292,0xeb546d69cda94ba256e3c62e14c21159ccab770f17f3ab0e5f13d1bcc6ce40fa_154,154,0x052564eb0fd8b340803df55def89c25c432f43f4,0x4754b7e3dede42d71d6c92978f25f306176ec7e9
293,0xeb546d69cda94ba256e3c62e14c21159ccab770f17f3ab0e5f13d1bcc6ce40fa_202,202,0x052564eb0fd8b340803df55def89c25c432f43f4,0x4754b7e3dede42d71d6c92978f25f306176ec7e9
294,0xeb546d69cda94ba256e3c62e14c21159ccab770f17f3ab0e5f13d1bcc6ce40fa_204,204,0x052564eb0fd8b340803df55def89c25c432f43f4,0x4754b7e3dede42d71d6c92978f25f306176ec7e9
295,0xeb921b4389855bf96636cf765f5f690463854f56c40a9dd63f352b0069e6b9a5_103,103,0x7d544a853dbcd39a53315e7002f4951a6d2f080d,0x22925707d59f89c2edf103b79436fce932d559eb
296,0xebd837e4e39dae61ef14e38a4f2cb7146df6efd8ed4ec4271af35c715eb99d20_156,156,0x830bd73e4184cef73443c15111a1df14e495c706,0x008c84421da5527f462886cec43d2717b686a7e4
297,0xebd837e4e39dae61ef14e38a4f2cb7146df6efd8ed4ec4271af35c715eb99d20_157,157,0x0bc3807ec262cb779b38d65b38158acc3bfede10,0x830bd73e4184cef73443c15111a1df14e495c706
298,0xec27975cdc482c98b51e5a7e3413817090c759ea6ca0799ccc14b50a02db273e_313,313,0x830bd73e4184cef73443c15111a1df14e495c706,0x3d209a7ddebd2ac83b5e6681d997bdf04d1b9b6b
299,0xec27975cdc482c98b51e5a7e3413817090c759ea6ca0799ccc14b50a02db273e_314,314,0x0bc3807ec262cb779b38d65b38158acc3bfede10,0x830bd73e4184cef73443c15111a1df14e495c706
300,0xec5d3860f8a726de15e6ee89ce3a372be779d1fb14d58d9daa1645746e2e87d4_42,42,0x830bd73e4184cef73443c15111a1df14e495c706,0xf8d24586f793fab81248f0b23f47e5b6bc0a6c9a
301,0xec5d3860f8a726de15e6ee89ce3a372be779d1fb14d58d9daa1645746e2e87d4_43,43,0x0bc3807ec262cb779b38d65b38158acc3bfede10,0x830bd73e4184cef73443c15111a1df14e495c706
302,0xec68b1bdb168e0d86808c78eb81cc27c64a864910a5668e974fb348641f887d4_72,72,0xfb216faf1b1650c26b0cfdf879379ba46c3da66b,0x879253b5cc2b13bb976e075f0571f85454a315f6
303,0xec68b1bdb168e0d86808c78eb81cc27c64a864910a5668e974fb348641f887d4_93,93,0xfb216faf1b1650c26b0cfdf879379ba46c3da66b,0x879253b5cc2b13bb976e075f0571f85454a315f6
304,0xecf09bbddb0ee84659d3c2cfe23c59ad54a03d5383c461f3be9080d6d92052f0_127,127,0x4680cb63563472cac10236c07d288580d8d7b52a,0xedad6b7434acd68ed2814ef961d2164029adb316
305,0xecf26c01c0e19c258d271028754179ece5a850256c0e8338a1c56004aa199e81_166,166,0x696ed7b26f4b019ceec78dc8b9140ad64a6f354b,0x59a5493513ba2378ed57ae5ecfb8a027e9d80365
306,0xed301a2b63b24621c1b51bbc2d8adad23fc77bfbc70df4124e9a815f8faf4cb4_206,206,0x830bd73e4184cef73443c15111a1df14e495c706,0x696ed7b26f4b019ceec78dc8b9140ad64a6f354b
307,0xed301a2b63b24621c1b51bbc2d8adad23fc77bfbc70df4124e9a815f8faf4cb4_207,207,0x0bc3807ec262cb779b38d65b38158acc3bfede10,0x830bd73e4184cef73443c15111a1df14e495c706
308,0xef905b71b5d79b94a9975bdc94b5fd298922bc0fb0845b01199b996eb23cb3df_208,208,0x830bd73e4184cef73443c15111a1df14e495c706,0x696ed7b26f4b019ceec78dc8b9140ad64a6f354b
309,0xef905b71b5d79b94a9975bdc94b5fd298922bc0fb0845b01199b996eb23cb3df_209,209,0x0bc3807ec262cb779b38d65b38158acc3bfede10,0x830bd73e4184cef73443c15111a1df14e495c706
310,0xefc80f12e2af119592a26cb362bc761e493e85612da6a8afdee466170b3d4a61_191,191,0x830bd73e4184cef73443c15111a1df14e495c706,0xb054e7683f26273b4ba7454df9a71c578506aa01
311,0xefc80f12e2af119592a26cb362bc761e493e85612da6a8afdee466170b3d4a61_192,192,0x0bc3807ec262cb779b38d65b38158acc3bfede10,0x830bd73e4184cef73443c15111a1df14e495c706
312,0xeff78d92793a9a0636b8072c955e5bf42160f87e231487beb15029e817dbfe5b_10,10,0x0bc3807ec262cb779b38d65b38158acc3bfede10,0x2573c60a6d127755aa2dc85e342f7da2378a0cc5
313,0xeff78d92793a9a0636b8072c955e5bf42160f87e231487beb15029e817dbfe5b_11,11,0x0bc3807ec262cb779b38d65b38158acc3bfede10,0x830bd73e4184cef73443c15111a1df14e495c706
314,0xeff78d92793a9a0636b8072c955e5bf42160f87e231487beb15029e817dbfe5b_9,9,0x830bd73e4184cef73443c15111a1df14e495c706,0x0c9e1b96ac2c254d099e160edfcd015d6442db86
315,0xf0815b69f9433d4b1e419d2bc22d1b7ac1bd9cd8a71e8ec55775e4f812a7d64e_338,338,0x830bd73e4184cef73443c15111a1df14e495c706,0x67954ac510255b6b3724073022196b67bdf260b6
316,0xf0815b69f9433d4b1e419d2bc22d1b7ac1bd9cd8a71e8ec55775e4f812a7d64e_339,339,0x0bc3807ec262cb779b38d65b38158acc3bfede10,0x830bd73e4184cef73443c15111a1df14e495c706
317,0xf111380b62a867df215d5aff9e150251db66dc90ff2a65048021310df0d4d31a_172,172,0xbf5a7f9ea27322c07a50c78a512a9972e5557c34,0xb47a70df538b9a3b591bc5d75da66a04c879b291
318,0xf1357b355f820b96a2432a06a2bd50d9665563bfc5ecf5e69409469454fb0de6_239,239,0xbbd4429f99f0fe92b5c35a47e84a337337efe6b6,0xcc2688350d29623e2a0844cc8885f9050f0f6ed5
319,0xf165a3005107991d8fbd506635e62b82a9e7e424f2f93e63594b482d7790ea12_381,381,0x830bd73e4184cef73443c15111a1df14e495c706,0x4754b7e3dede42d71d6c92978f25f306176ec7e9
320,0xf165a3005107991d8fbd506635e62b82a9e7e424f2f93e63594b482d7790ea12_382,382,0x0bc3807ec262cb779b38d65b38158acc3bfede10,0x830bd73e4184cef73443c15111a1df14e495c706
321,0xf1be3557ff2d4f72c6c8e97b4f01c8397d90bcba7e5b9f828dd3fee81707d584_213,213,0x56178626332fc530561535eeaa914b863aa455f2,0x83fcfe8ba2fece9578f0bbafed4ebf5e915045b9
322,0xf24da34ee2181de5dfd8c708b07ed21b56bfc65a394dee22c93d341e88c0e721_235,235,0xb6596f72368126f1ba8db562d575fbe41a4a2504,0x6461f575da2371bb16210e936de5ee1cfb28f10d
323,0xf2f11d678ac06b643aeca648c307cfe7a359dd20f026ce1bea8841c07b463a78_296,296,0x4754b7e3dede42d71d6c92978f25f306176ec7e9,0x2ef9834de85f62f36fe39cb3387d30469762ad1b
324,0xf33900982d4db31724517236a0f3ab572b6694fb17b2940d5e3949587fe75563_339,339,0x830bd73e4184cef73443c15111a1df14e495c706,0x7fa020f063b3a06153ed755cee5923039efb86a3
325,0xf33900982d4db31724517236a0f3ab572b6694fb17b2940d5e3949587fe75563_340,340,0x0bc3807ec262cb779b38d65b38158acc3bfede10,0x2573c60a6d127755aa2dc85e342f7da2378a0cc5
326,0xf33900982d4db31724517236a0f3ab572b6694fb17b2940d5e3949587fe75563_341,341,0x0bc3807ec262cb779b38d65b38158acc3bfede10,0x830bd73e4184cef73443c15111a1df14e495c706
327,0xf361e78e32cad378de28b8e96db97fa5f485e68351850a1fc821635600a95035_146,146,0x6924686b3dcd04ae8ef91a3feccc262d020f519d,0x4754b7e3dede42d71d6c92978f25f306176ec7e9
328,0xf362727f2ab4613d954e10ddf37071c9a4d1a093028715440737730c00c657b8_244,244,0xcc2688350d29623e2a0844cc8885f9050f0f6ed5,0xe3f27deff96fe178e87559f36cbf868b9e75967d
329,0xf362727f2ab4613d954e10ddf37071c9a4d1a093028715440737730c00c657b8_283,283,0xcc2688350d29623e2a0844cc8885f9050f0f6ed5,0xe3f27deff96fe178e87559f36cbf868b9e75967d
330,0xf36a4d9e6b749cb7598373b759da6e71c0b42090054ac006d9acaafaa4c2e08f_118,118,0x830bd73e4184cef73443c15111a1df14e495c706,0xf504211d774c9b7d4c61959d6fe773d250a44dcf
331,0xf36a4d9e6b749cb7598373b759da6e71c0b42090054ac006d9acaafaa4c2e08f_119,119,0x0bc3807ec262cb779b38d65b38158acc3bfede10,0x830bd73e4184cef73443c15111a1df14e495c706
332,0xf41b291594cfa262d1e6f9a474890087680c554f2cb478ba4e8a84ec16e9f504_209,209,0x830bd73e4184cef73443c15111a1df14e495c706,0x07972274105f6c7921515495b3189500fbf49d99
333,0xf41b291594cfa262d1e6f9a474890087680c554f2cb478ba4e8a84ec16e9f504_210,210,0x0bc3807ec262cb779b38d65b38158acc3bfede10,0x2573c60a6d127755aa2dc85e342f7da2378a0cc5
334,0xf41b291594cfa262d1e6f9a474890087680c554f2cb478ba4e8a84ec16e9f504_211,211,0x0bc3807ec262cb779b38d65b38158acc3bfede10,0x830bd73e4184cef73443c15111a1df14e495c706
335,0xf4266e76c8c0930dd51fd6b6dfc44400c4d79c3cca441d56d7dda5a54803272b_153,153,0x830bd73e4184cef73443c15111a1df14e495c706,0x4754b7e3dede42d71d6c92978f25f306176ec7e9
336,0xf4266e76c8c0930dd51fd6b6dfc44400c4d79c3cca441d56d7dda5a54803272b_154,154,0x0bc3807ec262cb779b38d65b38158acc3bfede10,0x830bd73e4184cef73443c15111a1df14e495c706
337,0xf43bebff234718ded9492f3887255a71a8c87a6ca2109d62eeaad6dc6d203051_38,38,0xf8d24586f793fab81248f0b23f47e5b6bc0a6c9a,0x43a330dec81bbd5e21f41c6b8354e54d481efc93
338,0xf4a9baeef33e25e0e3bed436f59100a8a5e8fce8492f7d07d175006894957c72_357,357,0x830bd73e4184cef73443c15111a1df14e495c706,0xf6ea6de3b28e284eec682c4e64d43503f44228f1
339,0xf4a9baeef33e25e0e3bed436f59100a8a5e8fce8492f7d07d175006894957c72_358,358,0x0bc3807ec262cb779b38d65b38158acc3bfede10,0x830bd73e4184cef73443c15111a1df14e495c706
340,0xf5610b2832163723a262964dbd0d1d82e933765b68794a8d14fa3bd8a8fb37db_363,363,0x830bd73e4184cef73443c15111a1df14e495c706,0x7fa020f063b3a06153ed755cee5923039efb86a3
341,0xf5610b2832163723a262964dbd0d1d82e933765b68794a8d14fa3bd8a8fb37db_364,364,0x0bc3807ec262cb779b38d65b38158acc3bfede10,0x830bd73e4184cef73443c15111a1df14e495c706
342,0xf56c52151a3724454adf931c6028c21106ed77b2002bfc057618eb796d0ac939_107,107,0x14dfdd3613054ddb14af2fa51c8a75e17dade764,0x7fa020f063b3a06153ed755cee5923039efb86a3
343,0xf59d5a9878fa2d28598644879853ccf97811cda046781c32d01c11213cbc2644_94,94,0xe8d3839f5b634dbceb5422b5bbc116bf578071cd,0x4748495153fb86637e4fdd8e50e3c1f611f15930
344,0xf63e9898833bbb698f027bfdd07b480c10f1c65d7158ae6fbf5650c589a85b4a_166,166,0x696ed7b26f4b019ceec78dc8b9140ad64a6f354b,0x6d40c2da94c6522e361904383c37c605f39b8e73
345,0xf665347e532b6400cb9d266471487407a22864a2cdc2d0f8492b3398af3f31bc_238,238,0x830bd73e4184cef73443c15111a1df14e495c706,0x2c6941d2174212656a512c7ab9e86e16ceaa6359
346,0xf665347e532b6400cb9d266471487407a22864a2cdc2d0f8492b3398af3f31bc_239,239,0x0bc3807ec262cb779b38d65b38158acc3bfede10,0x830bd73e4184cef73443c15111a1df14e495c706
347,0xf705a773f217359603d9289b4a2e166b02c698e76d88cdd27d30c2294cc101c1_267,267,0xf6b6f07862a02c85628b3a9688beae07fea9c863,0x4754b7e3dede42d71d6c92978f25f306176ec7e9
348,0xf705a773f217359603d9289b4a2e166b02c698e76d88cdd27d30c2294cc101c1_268,268,0xf6b6f07862a02c85628b3a9688beae07fea9c863,0x4754b7e3dede42d71d6c92978f25f306176ec7e9
349,0xf705a773f217359603d9289b4a2e166b02c698e76d88cdd27d30c2294cc101c1_272,272,0xf6b6f07862a02c85628b3a9688beae07fea9c863,0x4754b7e3dede42d71d6c92978f25f306176ec7e9
350,0xf705a773f217359603d9289b4a2e166b02c698e76d88cdd27d30c2294cc101c1_273,273,0xf6b6f07862a02c85628b3a9688beae07fea9c863,0x4754b7e3dede42d71d6c92978f25f306176ec7e9
351,0xf705a773f217359603d9289b4a2e166b02c698e76d88cdd27d30c2294cc101c1_274,274,0xf6b6f07862a02c85628b3a9688beae07fea9c863,0x4754b7e3dede42d71d6c92978f25f306176ec7e9
352,0xf705a773f217359603d9289b4a2e166b02c698e76d88cdd27d30c2294cc101c1_278,278,0xf6b6f07862a02c85628b3a9688beae07fea9c863,0x4754b7e3dede42d71d6c92978f25f306176ec7e9
353,0xf705a773f217359603d9289b4a2e166b02c698e76d88cdd27d30c2294cc101c1_279,279,0xf6b6f07862a02c85628b3a9688beae07fea9c863,0x4754b7e3dede42d71d6c92978f25f306176ec7e9
354,0xf705a773f217359603d9289b4a2e166b02c698e76d88cdd27d30c2294cc101c1_281,281,0xf6b6f07862a02c85628b3a9688beae07fea9c863,0x4754b7e3dede42d71d6c92978f25f306176ec7e9
355,0xf705a773f217359603d9289b4a2e166b02c698e76d88cdd27d30c2294cc101c1_282,282,0xf6b6f07862a02c85628b3a9688beae07fea9c863,0x4754b7e3dede42d71d6c92978f25f306176ec7e9
356,0xf705a773f217359603d9289b4a2e166b02c698e76d88cdd27d30c2294cc101c1_289,289,0xf6b6f07862a02c85628b3a9688beae07fea9c863,0x4754b7e3dede42d71d6c92978f25f306176ec7e9
357,0xf710585d0269fb01567cc359741778d7ddb9a54ce6a58ee330960b8da76e389a_264,264,0x0d54e5297c0126d4edd7bc7bbefac7bee4b8d0fa,0x13d8faf4a690f5ae52e2d2c52938d1167057b9af
358,0xf74d45209f9ead9948e4d2439c52a30bf7c0a41e7142aadcb6f840279396a088_239,239,0x353224270c2c9a7ecce7d8dba98a61587da6f50a,0xbbd4429f99f0fe92b5c35a47e84a337337efe6b6
359,0xf958e16baf8897a1c9e8535716c8b0fb43bd4348878f3f80397b3e14f0981e84_127,127,0x4680cb63563472cac10236c07d288580d8d7b52a,0x4754b7e3dede42d71d6c92978f25f306176ec7e9
360,0xf958e16baf8897a1c9e8535716c8b0fb43bd4348878f3f80397b3e14f0981e84_193,193,0x4680cb63563472cac10236c07d288580d8d7b52a,0x4754b7e3dede42d71d6c92978f25f306176ec7e9
361,0xf96641b05a688f6d2c0cc4c4bf2123f6add0e5187f106fc4a4e57ca9182cfb60_217,217,0x830bd73e4184cef73443c15111a1df14e495c706,0x4754b7e3dede42d71d6c92978f25f306176ec7e9
362,0xf96641b05a688f6d2c0cc4c4bf2123f6add0e5187f106fc4a4e57ca9182cfb60_218,218,0x0bc3807ec262cb779b38d65b38158acc3bfede10,0x830bd73e4184cef73443c15111a1df14e495c706
363,0xf96eadadc366f381d40511b5c0f0358903e8b852c979c50430a053feb808a72e_248,248,0x5ca6a2e5f53a48616d4ead87ff6034fc032d4722,0xbf5a7f9ea27322c07a50c78a512a9972e5557c34
364,0xf9ae9f9344c76c09d5e4906690433d60bf05ba22b79eafb9bc3c8fc049781962_333,333,0x830bd73e4184cef73443c15111a1df14e495c706,0xa8d04cd4e1951291740ef977d56336fdc7f394c5
365,0xf9ae9f9344c76c09d5e4906690433d60bf05ba22b79eafb9bc3c8fc049781962_334,334,0x0bc3807ec262cb779b38d65b38158acc3bfede10,0x830bd73e4184cef73443c15111a1df14e495c706
366,0xf9dbf75c8c7acd20084464d7750037c410c9664d1a8d18a592c73ac622c22650_86,86,0x830bd73e4184cef73443c15111a1df14e495c706,0x370ceca4fc1287ed99924bba76259f6c771a6022
367,0xf9dbf75c8c7acd20084464d7750037c410c9664d1a8d18a592c73ac622c22650_87,87,0x0bc3807ec262cb779b38d65b38158acc3bfede10,0x830bd73e4184cef73443c15111a1df14e495c706
368,0xf9e6fe09495d3a8c14b5008aab8939d045fb10b3f1a6cac949f539530182769f_237,237,0x7bee754c1b75917cadc51e23f69304419970b04f,0xcc2688350d29623e2a0844cc8885f9050f0f6ed5
369,0xfa2ae632a8a92f8bd7609f07afbd996dffcd4fca3176f22dfb46bd7314ef7041_111,111,0x830bd73e4184cef73443c15111a1df14e495c706,0x0f576fe0a916ca39ee929f0cc956cfc9d2a59c12
370,0xfa2ae632a8a92f8bd7609f07afbd996dffcd4fca3176f22dfb46bd7314ef7041_112,112,0x0bc3807ec262cb779b38d65b38158acc3bfede10,0x830bd73e4184cef73443c15111a1df14e495c706
371,0xfaa759e171c96334196aac6f403a340fde52d8aa1b0df921b505514aa44761ce_322,322,0x830bd73e4184cef73443c15111a1df14e495c706,0xa8d04cd4e1951291740ef977d56336fdc7f394c5
372,0xfaa759e171c96334196aac6f403a340fde52d8aa1b0df921b505514aa44761ce_323,323,0x0bc3807ec262cb779b38d65b38158acc3bfede10,0x830bd73e4184cef73443c15111a1df14e495c706
373,0xfae8082461aa8d304fe20c482795db0a4dbe8c6a78eb2c0c2a9709a92cfc157f_374,374,0x5d802e2fe48392c104ce0401c7eca8a4456f1f16,0x1e45ed7ade15e25d560018b0ae8799acf7b4443c
374,0xfb541b6f77efb7b294640b2659499a5dc63cee6f3793e70f0b9fbde6dbb11195_244,244,0x830bd73e4184cef73443c15111a1df14e495c706,0xf8a065f287d91d77cd626af38ffa220d9b552a2b
375,0xfb541b6f77efb7b294640b2659499a5dc63cee6f3793e70f0b9fbde6dbb11195_245,245,0x0bc3807ec262cb779b38d65b38158acc3bfede10,0x830bd73e4184cef73443c15111a1df14e495c706
376,0xfb71be231620a5af261fd3b31ff783973c58ab13d347658d169f41d5d6e7a337_123,123,0xda4fa3162f46fb9508949e3bc14093fd0a8392dd,0xcc2688350d29623e2a0844cc8885f9050f0f6ed5
377,0xfbfad75cbe60ead82a806db38ce5ba64f0650722f2a25486ce95660b6829e064_53,53,0x4d9b5696a8afed6b65f92b1b86ccf90c7561ae56,0x01db485f57dc000e761b85641f78c9d212a2eeab
378,0xfc67b77d2e0863ddbebe8987155272da3f5352694d18d96e785a7e075c1305e9_106,106,0xfe2f279d3679bac2d07cf46c93503410ef9ca448,0x83fcfe8ba2fece9578f0bbafed4ebf5e915045b9
379,0xfc6dd64cb4739bed442036a9cf85170e8e8d82f57c5157162c31b2ae6d4b4ed9_76,76,0x830bd73e4184cef73443c15111a1df14e495c706,0x696ed7b26f4b019ceec78dc8b9140ad64a6f354b
380,0xfc6dd64cb4739bed442036a9cf85170e8e8d82f57c5157162c31b2ae6d4b4ed9_77,77,0x0bc3807ec262cb779b38d65b38158acc3bfede10,0x830bd73e4184cef73443c15111a1df14e495c706
381,0xfc9bbbe1efc85436be7db8f39086d72c190186e711aa0172bbf935fc52549259_63,63,0x020ca66c30bec2c4fe3861a94e4db4a498a35872,0x43a330dec81bbd5e21f41c6b8354e54d481efc93
382,0xfc9ef280728b9273b683b54876f9346692dfff0146a9786adc64531dbcf766a2_122,122,0x717541ecec745b1996a293a0e663f2aed2340f1a,0xa86882277e69fbf0a51805cdc8b0a3a113079e63
383,0xfc9ef280728b9273b683b54876f9346692dfff0146a9786adc64531dbcf766a2_341,341,0x717541ecec745b1996a293a0e663f2aed2340f1a,0xa86882277e69fbf0a51805cdc8b0a3a113079e63
384,0xfcf632495985e9962fdee33eac0af94074c7b3d4b18fc9767728569081742bcc_108,108,0x830bd73e4184cef73443c15111a1df14e495c706,0x14dfdd3613054ddb14af2fa51c8a75e17dade764
385,0xfcf632495985e9962fdee33eac0af94074c7b3d4b18fc9767728569081742bcc_109,109,0x0bc3807ec262cb779b38d65b38158acc3bfede10,0x830bd73e4184cef73443c15111a1df14e495c706
386,0xfd3bbfa05537daae6ca5ff05d6fd5625716b20b11784edea1ccf968628948a55_306,306,0x4754b7e3dede42d71d6c92978f25f306176ec7e9,0x57757e3d981446d585af0d9ae4d7df6d64647806
387,0xfe4edeee032c710f18b9e236f5c574ef088a611dd6612ba13be94e3cb0465cd2_179,179,0x830bd73e4184cef73443c15111a1df14e495c706,0x37b8e20646d174b00198b7e183dd1f25520c0f60
388,0xfe4edeee032c710f18b9e236f5c574ef088a611dd6612ba13be94e3cb0465cd2_180,180,0x0bc3807ec262cb779b38d65b38158acc3bfede10,0x2573c60a6d127755aa2dc85e342f7da2378a0cc5
389,0xfe4edeee032c710f18b9e236f5c574ef088a611dd6612ba13be94e3cb0465cd2_181,181,0x0bc3807ec262cb779b38d65b38158acc3bfede10,0x830bd73e4184cef73443c15111a1df14e495c706
390,0xfe8c76538f70fa64999bba9f8fc3d06bc3414b1e54a107d372de2be0ed8ddd09_281,281,0x90a9d3661b1963bc33ccf4d55d663df5856c1126,0xf6b6f07862a02c85628b3a9688beae07fea9c863
391,0xfe98b1548beef66f0736bffdf666965dbf1d54b260d946123b2004ef4217c09a_309,309,0x7d81478ad18ad375e53de6f74f3122f6be3499ca,0xd19bf5f0b785c6f1f6228c72a8a31c9f383a49c4
392,0xff4011615bc3feb306d336430bbb3d021286c28dcac23af1debe519d0c49aa48_160,160,0x6283654409ba82e49464919c9d01a1fa1843ec7e,0xa4af07a82c8924c5fd2c05d00613bee46feb30c1
393,0xffe85133ac7fe0ff865a9e66485c8089644a37be6b31f94b905d9b75ec555b9c_11,11,0xaa26f57cafcf46ff37a190c4a74984ce80af8d3d,0x4754b7e3dede42d71d6c92978f25f306176ec7e9
