Voter Choice,weight,Voter Reason,block,blockTime,Transaction Hash,Voter Address,Proposal ID,DAO Name,Offchain?,Proposal Choices,state,tokenHoldersAtStart,delegatesAtStart,againstDelegateVotes,forDelegateVotes,abstainDelegateVotes,totalDelegateVotes,againstWeightedVotes,forWeightedVotes,abstainWeightedVotes,totalWeightedVotes,Proposal Date Created,Proposal Date Start,Proposal Date End,Proposal Author,DAO Token Supply,Voting Power
FOR,1.6667e+22,,11914019.0,1614092958.0,0x6ff1f348878922cb706d0d8ace0e773c52a7415a826abee0cc502056a7d83173,0x03b79c0c1487a68aeabd9aa4ce779dad77855f52,3,Radicle,0.0,"['FOR', 'AGAINST', 'ABSTAIN']",EXECUTED,155,26,0,44,0,44,0,7106600430270167427701671,0,7106600430270167427701671,1613863792,1613863803,1614094163,0x641edb587867a703e132a4210d63e93c52aa97ff,9.999858e+25,0.0001666723667476078
FOR,0.0,,11913804.0,1614089918.0,0x8e24c1b2ff9b8454f2bbd1a394bb53b3bc05d0c72c30153769be359ff8e0511b,0x116a1ffb78c6994c8338e7636808272f9f9f5d56,3,Radicle,0.0,"['FOR', 'AGAINST', 'ABSTAIN']",EXECUTED,155,26,0,44,0,44,0,7106600430270167427701671,0,7106600430270167427701671,1613863792,1613863803,1614094163,0x641edb587867a703e132a4210d63e93c52aa97ff,9.999858e+25,0.0
FOR,1.6144e+22,,11911834.0,1614064113.0,0x5dbe1836c33f1b1d3b544fc62f6609157e29e100bf4e1d2fd64a40c9033cb94f,0x119dfca1629a73912bc064af6774b36581d44b67,3,Radicle,0.0,"['FOR', 'AGAINST', 'ABSTAIN']",EXECUTED,155,26,0,44,0,44,0,7106600430270167427701671,0,7106600430270167427701671,1613863792,1613863803,1614094163,0x641edb587867a703e132a4210d63e93c52aa97ff,9.999858e+25,0.0001614422924805532
FOR,0.0,,11910854.0,1614050669.0,0x058f370c8623e68e96670d8d59d9f158fefb0457cd6a8f313ea51153eb74ae55,0x1ada02ac5097709691c72aef033f2b8249fb1913,3,Radicle,0.0,"['FOR', 'AGAINST', 'ABSTAIN']",EXECUTED,155,26,0,44,0,44,0,7106600430270167427701671,0,7106600430270167427701671,1613863792,1613863803,1614094163,0x641edb587867a703e132a4210d63e93c52aa97ff,9.999858e+25,0.0
FOR,0.0,,11901425.0,1613925640.0,0x1020a4dca624ffcfa042930b0afb0316ac3e5c91e16f53e968cdd17b57464f82,0x1f889c13e733048bbce704ff71dec729156421d7,3,Radicle,0.0,"['FOR', 'AGAINST', 'ABSTAIN']",EXECUTED,155,26,0,44,0,44,0,7106600430270167427701671,0,7106600430270167427701671,1613863792,1613863803,1614094163,0x641edb587867a703e132a4210d63e93c52aa97ff,9.999858e+25,0.0
FOR,0.0,,11912751.0,1614076336.0,0x5b0727702017a2b16abd6a089b68969c2ccb7a83839252f0455c2028b6f5acdb,0x233394807af9e494cdbf61afcc2f64948d69f5d8,3,Radicle,0.0,"['FOR', 'AGAINST', 'ABSTAIN']",EXECUTED,155,26,0,44,0,44,0,7106600430270167427701671,0,7106600430270167427701671,1613863792,1613863803,1614094163,0x641edb587867a703e132a4210d63e93c52aa97ff,9.999858e+25,0.0
FOR,3.5824e+22,,11899957.0,1613906598.0,0x62520fe1826849ce72c8be33b0163bc48bac54c5f6fc4d54de16e12c7698456a,0x28fd3d0908a4e300147b3e8e97e1ad0f4abdba8c,3,Radicle,0.0,"['FOR', 'AGAINST', 'ABSTAIN']",EXECUTED,155,26,0,44,0,44,0,7106600430270167427701671,0,7106600430270167427701671,1613863792,1613863803,1614094163,0x641edb587867a703e132a4210d63e93c52aa97ff,9.999858e+25,0.0003582450870802365
FOR,3.2054e+23,,11908183.0,1614014695.0,0x46beaeba06f0c48201dc71f7097598c27d7dfe72c00d695183c8cf7ef8abf34b,0x41552dd6cb63b225ff252d0368b549d0adf61038,3,Radicle,0.0,"['FOR', 'AGAINST', 'ABSTAIN']",EXECUTED,155,26,0,44,0,44,0,7106600430270167427701671,0,7106600430270167427701671,1613863792,1613863803,1614094163,0x641edb587867a703e132a4210d63e93c52aa97ff,9.999858e+25,0.003205445517326346
FOR,0.0,,11912093.0,1614067262.0,0x440459b3565e529beec7a950152ed334a16caeedb16f6ef3d94d837fb65aa368,0x459e978d5af10211181c5d8e75193170ea1ab89d,3,Radicle,0.0,"['FOR', 'AGAINST', 'ABSTAIN']",EXECUTED,155,26,0,44,0,44,0,7106600430270167427701671,0,7106600430270167427701671,1613863792,1613863803,1614094163,0x641edb587867a703e132a4210d63e93c52aa97ff,9.999858e+25,0.0
FOR,0.0,,11910192.0,1614041855.0,0x2c055f14389ef2af70583dae05b8cdddbe3afffbe3f8fb448dd63a4363cedd65,0x4613eeaa10746596db2043046d47b52f00604cf4,3,Radicle,0.0,"['FOR', 'AGAINST', 'ABSTAIN']",EXECUTED,155,26,0,44,0,44,0,7106600430270167427701671,0,7106600430270167427701671,1613863792,1613863803,1614094163,0x641edb587867a703e132a4210d63e93c52aa97ff,9.999858e+25,0.0
FOR,2.5e+24,,11906548.0,1613993203.0,0x2b76240853faac36fbd5650678eac28b9dba5eb307cc4062586eb7d85349093b,0x464d78a5c97a2e2e9839c353ee9b6d4204c90b0b,3,Radicle,0.0,"['FOR', 'AGAINST', 'ABSTAIN']",EXECUTED,155,26,0,44,0,44,0,7106600430270167427701671,0,7106600430270167427701671,1613863792,1613863803,1614094163,0x641edb587867a703e132a4210d63e93c52aa97ff,9.999858e+25,0.025000355005041074
FOR,0.0,,11911696.0,1614062286.0,0xb64c9956f0fe72a7bf00a9b76cb895ab46164762b457754325067f33aa44412e,0x54b7f8fe8d3aaeeb115d2ae1ac9ea5d6b824e2dc,3,Radicle,0.0,"['FOR', 'AGAINST', 'ABSTAIN']",EXECUTED,155,26,0,44,0,44,0,7106600430270167427701671,0,7106600430270167427701671,1613863792,1613863803,1614094163,0x641edb587867a703e132a4210d63e93c52aa97ff,9.999858e+25,0.0
FOR,0.0,,11907165.0,1614001242.0,0x88ca592c5e9fdf617cb20eae33132e20eb5cd03b54191465fb32767888b637a8,0x54becc7560a7be76d72ed76a1f5fee6c5a2a7ab6,3,Radicle,0.0,"['FOR', 'AGAINST', 'ABSTAIN']",EXECUTED,155,26,0,44,0,44,0,7106600430270167427701671,0,7106600430270167427701671,1613863792,1613863803,1614094163,0x641edb587867a703e132a4210d63e93c52aa97ff,9.999858e+25,0.0
FOR,0.0,,11907137.0,1614000950.0,0xa367ac281d343ef624abd9c7cd5b1a5654d19fafa4466e93f905ed3a668435ac,0x5a27d268e830655e908a0a2c3b24f572695af5e8,3,Radicle,0.0,"['FOR', 'AGAINST', 'ABSTAIN']",EXECUTED,155,26,0,44,0,44,0,7106600430270167427701671,0,7106600430270167427701671,1613863792,1613863803,1614094163,0x641edb587867a703e132a4210d63e93c52aa97ff,9.999858e+25,0.0
FOR,0.0,,11900517.0,1613913857.0,0xa9eee697dabee0648e3e4440652cf0d442de7a97b18c51e2006306f0ddcaecfe,0x5e2ce56ecb52e116f7ad626a78830cef733c68d2,3,Radicle,0.0,"['FOR', 'AGAINST', 'ABSTAIN']",EXECUTED,155,26,0,44,0,44,0,7106600430270167427701671,0,7106600430270167427701671,1613863792,1613863803,1614094163,0x641edb587867a703e132a4210d63e93c52aa97ff,9.999858e+25,0.0
FOR,6.790951927955352e+23,,11908136.0,1614014094.0,0x9fc72aa7c871f970f79d92d713f355975c8799db090539cf0aa0288c420e286e,0x63110383afceb87ff372ec072210741fc57bc1af,3,Radicle,0.0,"['FOR', 'AGAINST', 'ABSTAIN']",EXECUTED,155,26,0,44,0,44,0,7106600430270167427701671,0,7106600430270167427701671,1613863792,1613863803,1614094163,0x641edb587867a703e132a4210d63e93c52aa97ff,9.999858e+25,0.006791048360842076
FOR,2.7202357623033992e+23,,11899719.0,1613903192.0,0x4eb9eafbc0e80a23ef5dc57e9e761af92084b686d961966f26043a8af9ee17c7,0x6b0807396ca3da7ec2a72cd192693f2251320f92,3,Radicle,0.0,"['FOR', 'AGAINST', 'ABSTAIN']",EXECUTED,155,26,0,44,0,44,0,7106600430270167427701671,0,7106600430270167427701671,1613863792,1613863803,1614094163,0x641edb587867a703e132a4210d63e93c52aa97ff,9.999858e+25,0.00272027439019974
FOR,5e+21,,11908641.0,1614020897.0,0x50e54824d58751e377975c200901eb021ada4dbefde234d6fc37eae3b97cc71d,0x6bc155645635a794588b7a12fc8d070c4ff7b934,3,Radicle,0.0,"['FOR', 'AGAINST', 'ABSTAIN']",EXECUTED,155,26,0,44,0,44,0,7106600430270167427701671,0,7106600430270167427701671,1613863792,1613863803,1614094163,0x641edb587867a703e132a4210d63e93c52aa97ff,9.999858e+25,5.000071001008214e-05
FOR,0.0,,11907739.0,1614009156.0,0x21e5c631f2b13aa8cc90273bfe64b2e292552ad6e34acc2ad00ea1d15222daa4,0x787fa9a8c6cc1aa8f11197b703d39a17a2e4842b,3,Radicle,0.0,"['FOR', 'AGAINST', 'ABSTAIN']",EXECUTED,155,26,0,44,0,44,0,7106600430270167427701671,0,7106600430270167427701671,1613863792,1613863803,1614094163,0x641edb587867a703e132a4210d63e93c52aa97ff,9.999858e+25,0.0
FOR,0.0,,11906636.0,1613994525.0,0xbc52e3392f0660cde6b1e9cd48b895ba9251de61c2417578fc15dfc5e6118f18,0x79366aeb2f26c91d68453797ab4de0ef16e2b30d,3,Radicle,0.0,"['FOR', 'AGAINST', 'ABSTAIN']",EXECUTED,155,26,0,44,0,44,0,7106600430270167427701671,0,7106600430270167427701671,1613863792,1613863803,1614094163,0x641edb587867a703e132a4210d63e93c52aa97ff,9.999858e+25,0.0
FOR,0.0,,11911137.0,1614054573.0,0xeea7e63b099ebe2d59b1fc9de0fc5a151595a6fcdb2cac84f6a76b8195181428,0x7f688e99ee7dbae3d07b1b5f46e8ff3430fe5835,3,Radicle,0.0,"['FOR', 'AGAINST', 'ABSTAIN']",EXECUTED,155,26,0,44,0,44,0,7106600430270167427701671,0,7106600430270167427701671,1613863792,1613863803,1614094163,0x641edb587867a703e132a4210d63e93c52aa97ff,9.999858e+25,0.0
FOR,0.0,,11910171.0,1614041502.0,0xbfa8565bd1344dc1e308aa04683a728bc2d47802d7c146ce5fa0fb4d772fd303,0x8578213ded28eed513062f9903968e7e83f3c038,3,Radicle,0.0,"['FOR', 'AGAINST', 'ABSTAIN']",EXECUTED,155,26,0,44,0,44,0,7106600430270167427701671,0,7106600430270167427701671,1613863792,1613863803,1614094163,0x641edb587867a703e132a4210d63e93c52aa97ff,9.999858e+25,0.0
FOR,4.316829258625063e+23,,11912830.0,1614077464.0,0x0ba1be08681464ffd1e542b479483a2d1688fcb24af263c03737936768f28c2e,0x877bfbb6ac1e8803f6964609cb767628346e8ecc,3,Radicle,0.0,"['FOR', 'AGAINST', 'ABSTAIN']",EXECUTED,155,26,0,44,0,44,0,7106600430270167427701671,0,7106600430270167427701671,1613863792,1613863803,1614094163,0x641edb587867a703e132a4210d63e93c52aa97ff,9.999858e+25,0.004316890558470993
FOR,0.0,,11905412.0,1613977749.0,0x1e43b1952ce7337b781444b93307a2bc5c0cd0773f77116a68ec9f03644da6d7,0x99a9d2c4dbca1ab05631f4bfdf75abc76ca39983,3,Radicle,0.0,"['FOR', 'AGAINST', 'ABSTAIN']",EXECUTED,155,26,0,44,0,44,0,7106600430270167427701671,0,7106600430270167427701671,1613863792,1613863803,1614094163,0x641edb587867a703e132a4210d63e93c52aa97ff,9.999858e+25,0.0
FOR,0.0,,11905630.0,1613980683.0,0x33daade3442a00ece9d257f8b07ccde960258d9597c8a4368fb5f05fcd167530,0x9d72b1e16999b456053008446b74e3674a2ee1c6,3,Radicle,0.0,"['FOR', 'AGAINST', 'ABSTAIN']",EXECUTED,155,26,0,44,0,44,0,7106600430270167427701671,0,7106600430270167427701671,1613863792,1613863803,1614094163,0x641edb587867a703e132a4210d63e93c52aa97ff,9.999858e+25,0.0
FOR,0.0,,11909262.0,1614029204.0,0xe276d9231abaacafb511a3832d188d19d4198ff6656cbec1ff023a423bc76440,0x9da8365c01684c36231e288905a82c73ba6e987b,3,Radicle,0.0,"['FOR', 'AGAINST', 'ABSTAIN']",EXECUTED,155,26,0,44,0,44,0,7106600430270167427701671,0,7106600430270167427701671,1613863792,1613863803,1614094163,0x641edb587867a703e132a4210d63e93c52aa97ff,9.999858e+25,0.0
FOR,0.0,,11910527.0,1614046307.0,0xe02240774b34fa2d995f5c2cf3447886d38585d26797236ad14f6be93b036813,0xa07ae4f9e2d41715416ae074c7a6fe857693de4b,3,Radicle,0.0,"['FOR', 'AGAINST', 'ABSTAIN']",EXECUTED,155,26,0,44,0,44,0,7106600430270167427701671,0,7106600430270167427701671,1613863792,1613863803,1614094163,0x641edb587867a703e132a4210d63e93c52aa97ff,9.999858e+25,0.0
FOR,0.0,,11914094.0,1614093848.0,0xe772cb6db9ea3fb94463010271ca8d155848b86cfe237c71908cc65e83997382,0xa24e93b119f12c81ec5c100624233ff6e824e3bc,3,Radicle,0.0,"['FOR', 'AGAINST', 'ABSTAIN']",EXECUTED,155,26,0,44,0,44,0,7106600430270167427701671,0,7106600430270167427701671,1613863792,1613863803,1614094163,0x641edb587867a703e132a4210d63e93c52aa97ff,9.999858e+25,0.0
FOR,0.0,,11905823.0,1613983491.0,0x63f798755405745db40899be590c92f3a40cab1a97839feef715442bb1c404d6,0xa42be0ac2f38f0365e24a7285e22827cbcb90a05,3,Radicle,0.0,"['FOR', 'AGAINST', 'ABSTAIN']",EXECUTED,155,26,0,44,0,44,0,7106600430270167427701671,0,7106600430270167427701671,1613863792,1613863803,1614094163,0x641edb587867a703e132a4210d63e93c52aa97ff,9.999858e+25,0.0
FOR,0.0,,11900873.0,1613918548.0,0x6160f5e4d15e1705d7b067675dede2f9cf8b1d5d000e130dea1f13f3199efa3b,0xa99c4f924a167cdec1486aa9920de70a48455ab2,3,Radicle,0.0,"['FOR', 'AGAINST', 'ABSTAIN']",EXECUTED,155,26,0,44,0,44,0,7106600430270167427701671,0,7106600430270167427701671,1613863792,1613863803,1614094163,0x641edb587867a703e132a4210d63e93c52aa97ff,9.999858e+25,0.0
FOR,0.0,,11907065.0,1613999945.0,0xc083a47956a801845710c0ebfcfc9bef8de2e79e0f04a2b8f75aa650cdc31396,0xab509a53b8ff1fe8fcd6b1a99f5fdbd2ada27c3b,3,Radicle,0.0,"['FOR', 'AGAINST', 'ABSTAIN']",EXECUTED,155,26,0,44,0,44,0,7106600430270167427701671,0,7106600430270167427701671,1613863792,1613863803,1614094163,0x641edb587867a703e132a4210d63e93c52aa97ff,9.999858e+25,0.0
FOR,0.0,,11910177.0,1614041621.0,0xdb576fe3c0375a33ef544cc96c6a82ba75c0363b5df691bfc5e17128f498126e,0xaebf355201268960608bc8adf52022dcf0bea24c,3,Radicle,0.0,"['FOR', 'AGAINST', 'ABSTAIN']",EXECUTED,155,26,0,44,0,44,0,7106600430270167427701671,0,7106600430270167427701671,1613863792,1613863803,1614094163,0x641edb587867a703e132a4210d63e93c52aa97ff,9.999858e+25,0.0
FOR,0.0,,11907958.0,1614011641.0,0x4de5fc7c86d372c6e67a9839ab1a6254426c19308889cb47deabc0b8180e601c,0xb1b7586656116d546033e3baff69bfcd6592225e,3,Radicle,0.0,"['FOR', 'AGAINST', 'ABSTAIN']",EXECUTED,155,26,0,44,0,44,0,7106600430270167427701671,0,7106600430270167427701671,1613863792,1613863803,1614094163,0x641edb587867a703e132a4210d63e93c52aa97ff,9.999858e+25,0.0
FOR,1e+22,,11907172.0,1614001309.0,0x4bf2e87bfa5c131b084215fe4facfbfb8538b9022eeef951bbf84f0eb050ee74,0xb635fa1a4e7f1f2edf5fbe4630040cb6db0b40af,3,Radicle,0.0,"['FOR', 'AGAINST', 'ABSTAIN']",EXECUTED,155,26,0,44,0,44,0,7106600430270167427701671,0,7106600430270167427701671,1613863792,1613863803,1614094163,0x641edb587867a703e132a4210d63e93c52aa97ff,9.999858e+25,0.00010000142002016429
FOR,0.0,,11910416.0,1614044915.0,0x22ec8abe8c8254e54288b89636a8e6586632d2609a9cbb4084619ccd319b4a8b,0xcaa3a3c852442f06806170d137248bb21ddb0e1b,3,Radicle,0.0,"['FOR', 'AGAINST', 'ABSTAIN']",EXECUTED,155,26,0,44,0,44,0,7106600430270167427701671,0,7106600430270167427701671,1613863792,1613863803,1614094163,0x641edb587867a703e132a4210d63e93c52aa97ff,9.999858e+25,0.0
FOR,5e+21,,11909545.0,1614032879.0,0x67572886e2439b1e898f98d054b53881d2bf2328baa4ed504a45c026b5d5a7af,0xd35e119782059a27fead4edda8b555f393650bc8,3,Radicle,0.0,"['FOR', 'AGAINST', 'ABSTAIN']",EXECUTED,155,26,0,44,0,44,0,7106600430270167427701671,0,7106600430270167427701671,1613863792,1613863803,1614094163,0x641edb587867a703e132a4210d63e93c52aa97ff,9.999858e+25,5.000071001008214e-05
FOR,0.0,,11910999.0,1614052612.0,0x2725f6e9749efe0c12dc4a460a5174b6858b4a2b55853d05424b6275d1fa9915,0xdb72dd7a75a25d054f7b172cce2162849eb5eb7e,3,Radicle,0.0,"['FOR', 'AGAINST', 'ABSTAIN']",EXECUTED,155,26,0,44,0,44,0,7106600430270167427701671,0,7106600430270167427701671,1613863792,1613863803,1614094163,0x641edb587867a703e132a4210d63e93c52aa97ff,9.999858e+25,0.0
FOR,0.0,,11910039.0,1614039377.0,0x5dec2366a8f91f0d718c6e3bd50fa16b312e23b7258f8301d2c9cf05ea2d21b9,0xdfd0633374529223c2be549cd73eddbb90e8f529,3,Radicle,0.0,"['FOR', 'AGAINST', 'ABSTAIN']",EXECUTED,155,26,0,44,0,44,0,7106600430270167427701671,0,7106600430270167427701671,1613863792,1613863803,1614094163,0x641edb587867a703e132a4210d63e93c52aa97ff,9.999858e+25,0.0
FOR,2.814623735381786e+24,,11906864.0,1613997369.0,0xf300c4fa0c35d764b51164dd77066a15521d2c1f050e48996440a861686f9ea6,0xea95cfb5dd624f43775b372db0ed2d8d0073e91c,3,Radicle,0.0,"['FOR', 'AGAINST', 'ABSTAIN']",EXECUTED,155,26,0,44,0,44,0,7106600430270167427701671,0,7106600430270167427701671,1613863792,1613863803,1614094163,0x641edb587867a703e132a4210d63e93c52aa97ff,9.999858e+25,0.02814663703606377
FOR,0.0,,11909563.0,1614033067.0,0x512911828e7db9009288961921d879388cc99812f8f65a817ac8eadf5ae7081a,0xf619ed8d01ec1fedd9a0151e039aa4f189be7f62,3,Radicle,0.0,"['FOR', 'AGAINST', 'ABSTAIN']",EXECUTED,155,26,0,44,0,44,0,7106600430270167427701671,0,7106600430270167427701671,1613863792,1613863803,1614094163,0x641edb587867a703e132a4210d63e93c52aa97ff,9.999858e+25,0.0
FOR,0.0,,11913296.0,1614083292.0,0x156285dd547d75578681b248a1496cb39b9e28be2f4aabd256a0679030903392,0xf87b6e99c77e62c2a0e7b1b4c7e679e41f8ee0d4,3,Radicle,0.0,"['FOR', 'AGAINST', 'ABSTAIN']",EXECUTED,155,26,0,44,0,44,0,7106600430270167427701671,0,7106600430270167427701671,1613863792,1613863803,1614094163,0x641edb587867a703e132a4210d63e93c52aa97ff,9.999858e+25,0.0
FOR,0.0,,11911450.0,1614058654.0,0x04731a7d0ac177d6f0bb591b1a84c85323c2f2ab436dbc3bea54733a7842fc4e,0xfc541cd48e0795f042cc58dd730923fcd099e31d,3,Radicle,0.0,"['FOR', 'AGAINST', 'ABSTAIN']",EXECUTED,155,26,0,44,0,44,0,7106600430270167427701671,0,7106600430270167427701671,1613863792,1613863803,1614094163,0x641edb587867a703e132a4210d63e93c52aa97ff,9.999858e+25,0.0
FOR,0.0,,11907014.0,1613999274.0,0xcbbeb77d02e2a7507f165802c9485afb908a4339d8a89ef04516b97922f3c367,0xff3c0aff23fa53ddb807674bf3910001a054c0aa,3,Radicle,0.0,"['FOR', 'AGAINST', 'ABSTAIN']",EXECUTED,155,26,0,44,0,44,0,7106600430270167427701671,0,7106600430270167427701671,1613863792,1613863803,1614094163,0x641edb587867a703e132a4210d63e93c52aa97ff,9.999858e+25,0.0
FOR,0.0,,12044432.0,1615828339.0,0xe13dce5494943f19b139b2429d4098743e1fdefd2a3f3e894aa4487a9a5e603d,0x0e16f564f344d75d832234f7256e84bbaa9b11f1,4,Radicle,0.0,"['FOR', 'AGAINST', 'ABSTAIN']",EXECUTED,2458,59,0,19,0,19,0,6333262966279602559864993,0,6333262966279602559864993,1615628706,1615628739,1615858817,0x2f0963e77ca6ac0c2dad1bf4147b6b40e0dd8728,9.999858e+25,0.0
FOR,0.0,,12039981.0,1615768043.0,0x0ed9f2ac920f7c4136225bd437a4b3490e2df3a5ae16354745a5ab2bb731bd78,0x1137b52ad2398e0a6106f329ca7c57dead39778d,4,Radicle,0.0,"['FOR', 'AGAINST', 'ABSTAIN']",EXECUTED,2458,59,0,19,0,19,0,6333262966279602559864993,0,6333262966279602559864993,1615628706,1615628739,1615858817,0x2f0963e77ca6ac0c2dad1bf4147b6b40e0dd8728,9.999858e+25,0.0
FOR,5e+21,,12044672.0,1615831151.0,0x81033bfdb8dd28b3aea4abe556839c01428a5e6139f034cd7cc094722675ddac,0x202d0b551f0e137efb419e70e1776b6d578bdbf3,4,Radicle,0.0,"['FOR', 'AGAINST', 'ABSTAIN']",EXECUTED,2458,59,0,19,0,19,0,6333262966279602559864993,0,6333262966279602559864993,1615628706,1615628739,1615858817,0x2f0963e77ca6ac0c2dad1bf4147b6b40e0dd8728,9.999858e+25,5.000071001008214e-05
FOR,2.9524707371705603e+24,,12036587.0,1615723769.0,0xf591740c535f15f679b5f325b9b168b50d61fbe5032ca3aa2b01847dd073207f,0x2f0963e77ca6ac0c2dad1bf4147b6b40e0dd8728,4,Radicle,0.0,"['FOR', 'AGAINST', 'ABSTAIN']",EXECUTED,2458,59,0,19,0,19,0,6333262966279602559864993,0,6333262966279602559864993,1615628706,1615628739,1615858817,0x2f0963e77ca6ac0c2dad1bf4147b6b40e0dd8728,9.999858e+25,0.029525126628503727
FOR,2.9022621495768974e+23,,12038704.0,1615751679.0,0xda59c0b6245b7451503221347046cc01153a10652ee6e96a62b85059d71025b8,0x41552dd6cb63b225ff252d0368b549d0adf61038,4,Radicle,0.0,"['FOR', 'AGAINST', 'ABSTAIN']",EXECUTED,2458,59,0,19,0,19,0,6333262966279602559864993,0,6333262966279602559864993,1615628706,1615628739,1615858817,0x2f0963e77ca6ac0c2dad1bf4147b6b40e0dd8728,9.999858e+25,0.0029023033622846417
FOR,0.0,,12030795.0,1615646219.0,0x7c985649a57e3128ae38febfaee4f9d3add84595fb8cf4cf08e198be9c1d48ee,0x4cfa2cb4f1e9c33cecda8796ef4b65b6a5fbc353,4,Radicle,0.0,"['FOR', 'AGAINST', 'ABSTAIN']",EXECUTED,2458,59,0,19,0,19,0,6333262966279602559864993,0,6333262966279602559864993,1615628706,1615628739,1615858817,0x2f0963e77ca6ac0c2dad1bf4147b6b40e0dd8728,9.999858e+25,0.0
FOR,0.0,,12044480.0,1615828877.0,0xf4fb1c66d24dec21e88abadb5a2e16cf6879535949edb55c7098ab62ee171838,0x60203b2d05f84baf615095596c4353ff11d2a407,4,Radicle,0.0,"['FOR', 'AGAINST', 'ABSTAIN']",EXECUTED,2458,59,0,19,0,19,0,6333262966279602559864993,0,6333262966279602559864993,1615628706,1615628739,1615858817,0x2f0963e77ca6ac0c2dad1bf4147b6b40e0dd8728,9.999858e+25,0.0
FOR,0.0,,12030267.0,1615639444.0,0x1a5f5c664912e829af65211e12ead1e979e749d2285ce8632de046bbe6fda58a,0x61a1fe521232ed09433616136d6ccc24ca01d6c5,4,Radicle,0.0,"['FOR', 'AGAINST', 'ABSTAIN']",EXECUTED,2458,59,0,19,0,19,0,6333262966279602559864993,0,6333262966279602559864993,1615628706,1615628739,1615858817,0x2f0963e77ca6ac0c2dad1bf4147b6b40e0dd8728,9.999858e+25,0.0
FOR,0.0,,12030406.0,1615641429.0,0x0b9188329fc3e29dc337553fc49a8e0e7888518a7b84322f942fca5d568c8ecf,0x67aa2a1be8d9c9ce8a5c49cc3e80bdec1107c63d,4,Radicle,0.0,"['FOR', 'AGAINST', 'ABSTAIN']",EXECUTED,2458,59,0,19,0,19,0,6333262966279602559864993,0,6333262966279602559864993,1615628706,1615628739,1615858817,0x2f0963e77ca6ac0c2dad1bf4147b6b40e0dd8728,9.999858e+25,0.0
FOR,2.320235762492028e+23,,12043435.0,1615814834.0,0xa8dec1646a94ac174cddea4cf2b9d7d28e9b5113f43a39601a43482e75ee5d1e,0x6b0807396ca3da7ec2a72cd192693f2251320f92,4,Radicle,0.0,"['FOR', 'AGAINST', 'ABSTAIN']",EXECUTED,2458,59,0,19,0,19,0,6333262966279602559864993,0,6333262966279602559864993,1615628706,1615628739,1615858817,0x2f0963e77ca6ac0c2dad1bf4147b6b40e0dd8728,9.999858e+25,0.002320268710307714
FOR,0.0,,12043970.0,1615822027.0,0xa5fe8b4eb9e6651ccc10cb5484ca8e0e0e6c33f4990be11ae297215bb3fc398a,0x7d78677ef3b9e71a5e5696171dc55301244f579c,4,Radicle,0.0,"['FOR', 'AGAINST', 'ABSTAIN']",EXECUTED,2458,59,0,19,0,19,0,6333262966279602559864993,0,6333262966279602559864993,1615628706,1615628739,1615858817,0x2f0963e77ca6ac0c2dad1bf4147b6b40e0dd8728,9.999858e+25,0.0
FOR,0.0,,12044018.0,1615822684.0,0xe77bc1300bc3b01629bda5b074db040cce0fc4130c718feb6d297ba5e9bdca6b,0x8f7ad3af85c94b11951b7f0f8f291ef2038b639e,4,Radicle,0.0,"['FOR', 'AGAINST', 'ABSTAIN']",EXECUTED,2458,59,0,19,0,19,0,6333262966279602559864993,0,6333262966279602559864993,1615628706,1615628739,1615858817,0x2f0963e77ca6ac0c2dad1bf4147b6b40e0dd8728,9.999858e+25,0.0
FOR,0.0,,12038467.0,1615748708.0,0xb3cc1521018a0a88121e94cba045d434acc04ee1ace0c33b140d4d684e9427b1,0xa1748e7369b7aa8008c2ccb1969d4b0cbe2dbf0a,4,Radicle,0.0,"['FOR', 'AGAINST', 'ABSTAIN']",EXECUTED,2458,59,0,19,0,19,0,6333262966279602559864993,0,6333262966279602559864993,1615628706,1615628739,1615858817,0x2f0963e77ca6ac0c2dad1bf4147b6b40e0dd8728,9.999858e+25,0.0
FOR,0.0,,12043510.0,1615815796.0,0x599a4a3e3487ce11427afd51b5763e3e7b6c68a47eeff14b218ac125f5dab7c3,0xbc9de92372e1cebb5a907a9ded779ad6d9ca5e2a,4,Radicle,0.0,"['FOR', 'AGAINST', 'ABSTAIN']",EXECUTED,2458,59,0,19,0,19,0,6333262966279602559864993,0,6333262966279602559864993,1615628706,1615628739,1615858817,0x2f0963e77ca6ac0c2dad1bf4147b6b40e0dd8728,9.999858e+25,0.0
FOR,0.0,,12044051.0,1615823092.0,0xd15560dc9279126fa9f3f3470ca4f8227440771b0c5bf46c5651f16ebb24b3f0,0xc94c50149bf027f002cf1ad18642a0f13eb4274f,4,Radicle,0.0,"['FOR', 'AGAINST', 'ABSTAIN']",EXECUTED,2458,59,0,19,0,19,0,6333262966279602559864993,0,6333262966279602559864993,1615628706,1615628739,1615858817,0x2f0963e77ca6ac0c2dad1bf4147b6b40e0dd8728,9.999858e+25,0.0
FOR,0.0,,12037688.0,1615738091.0,0x68e154ba1e6f7655fcda67776a0153e65f8573b20c18741fe076e608e5a30c42,0xc9f7219fc9a92de58615626eae4bd14d58bc0bac,4,Radicle,0.0,"['FOR', 'AGAINST', 'ABSTAIN']",EXECUTED,2458,59,0,19,0,19,0,6333262966279602559864993,0,6333262966279602559864993,1615628706,1615628739,1615858817,0x2f0963e77ca6ac0c2dad1bf4147b6b40e0dd8728,9.999858e+25,0.0
FOR,5e+21,,12038139.0,1615744176.0,0xef02e63df7ec66327ed3dd81773b57dcb89ad8d10a5aecb67f0c9286190d8349,0xd35e119782059a27fead4edda8b555f393650bc8,4,Radicle,0.0,"['FOR', 'AGAINST', 'ABSTAIN']",EXECUTED,2458,59,0,19,0,19,0,6333262966279602559864993,0,6333262966279602559864993,1615628706,1615628739,1615858817,0x2f0963e77ca6ac0c2dad1bf4147b6b40e0dd8728,9.999858e+25,5.000071001008214e-05
FOR,2.84854243790215e+24,,12044269.0,1615826318.0,0x282512d1c7ef8d8d7a0740f08db84844de207e7b7f6604cdf288680c47a28e29,0xea95cfb5dd624f43775b372db0ed2d8d0073e91c,4,Radicle,0.0,"['FOR', 'AGAINST', 'ABSTAIN']",EXECUTED,2458,59,0,19,0,19,0,6333262966279602559864993,0,6333262966279602559864993,1615628706,1615628739,1615858817,0x2f0963e77ca6ac0c2dad1bf4147b6b40e0dd8728,9.999858e+25,0.02848582887779156
FOR,0.0,,12045921.0,1615847735.0,0xabeda4e516d141805a56d72c91db105474e051fcf6f8c801972e663cc07f5dfb,0xf9107317b0ff77ed5b7adea15e50514a3564002b,4,Radicle,0.0,"['FOR', 'AGAINST', 'ABSTAIN']",EXECUTED,2458,59,0,19,0,19,0,6333262966279602559864993,0,6333262966279602559864993,1615628706,1615628739,1615858817,0x2f0963e77ca6ac0c2dad1bf4147b6b40e0dd8728,9.999858e+25,0.0
FOR,2.93753939707595e+20,,15318128.0,1660185357.0,0x2b39465a0428b71a5f7081d773808ca1ff064ec035d89ff2849d8e0c369ae63f,0x0eeb15cada5996ae022d72ef5a1cf3f6a4f3a017,9,Radicle,0.0,"['FOR', 'AGAINST', 'ABSTAIN']",ACTIVE,5890,64,0,8,0,8,0,932861278258708913462167,0,932861278258708913462167,1660145590,1660145595,1660380428,0x464d78a5c97a2e2e9839c353ee9b6d4204c90b0b,9.999858e+25,2.937581110727722e-06
FOR,4.2549210627029e+23,,15325769.0,1660290228.0,0xd6103be1686114d563334287c4566fe449f6e4478c8fa4a84c9a045d8bde691d,0x14e94aaca7ebad882516eb969a7b67787a860b64,9,Radicle,0.0,"['FOR', 'AGAINST', 'ABSTAIN']",ACTIVE,5890,64,0,8,0,8,0,932861278258708913462167,0,932861278258708913462167,1660145590,1660145595,1660380428,0x464d78a5c97a2e2e9839c353ee9b6d4204c90b0b,9.999858e+25,0.004254981483439964
FOR,1.4570989879082747e+20,,15318113.0,1660185215.0,0xfe91e485756ee89d051fb871db31b837fad18fdf3a4a13e19dc745805c6f9ab9,0x4cfa2cb4f1e9c33cecda8796ef4b65b6a5fbc353,9,Radicle,0.0,"['FOR', 'AGAINST', 'ABSTAIN']",ACTIVE,5890,64,0,8,0,8,0,932861278258708913462167,0,932861278258708913462167,1660145590,1660145595,1660380428,0x464d78a5c97a2e2e9839c353ee9b6d4204c90b0b,9.999858e+25,1.4571196790077166e-06
FOR,3.606850305999493e+23,,15322109.0,1660240364.0,0xf8c4954b50386bec93da4b34d823a394fb1ce41a04770e79aa910de2be373565,0x6851566a6183eff8440456a58823b87107ead707,9,Radicle,0.0,"['FOR', 'AGAINST', 'ABSTAIN']",ACTIVE,5890,64,0,8,0,8,0,932861278258708913462167,0,932861278258708913462167,1660145590,1660145595,1660380428,0x464d78a5c97a2e2e9839c353ee9b6d4204c90b0b,9.999858e+25,0.0036069015240011337
FOR,5.669e+21,,15326638.0,1660302482.0,0xf5c14128c1c797c2f44e74c64d12c244d1fb605bcb46428c2167af56e1eae4c0,0x9da28d31c9ecc8044ab3f21228b10de941b6530f,9,Radicle,0.0,"['FOR', 'AGAINST', 'ABSTAIN']",ACTIVE,5890,64,0,8,0,8,0,932861278258708913462167,0,932861278258708913462167,1660145590,1660145595,1660380428,0x464d78a5c97a2e2e9839c353ee9b6d4204c90b0b,9.999858e+25,5.6690805009431125e-05
FOR,5e+21,,15317369.0,1660175169.0,0x7fb03848685d505f37d3114b59749f39ae159749f366c8c8d5032decbd12bed2,0xaa01dec5307cf17f20881a3286dcaa062578cea7,9,Radicle,0.0,"['FOR', 'AGAINST', 'ABSTAIN']",ACTIVE,5890,64,0,8,0,8,0,932861278258708913462167,0,932861278258708913462167,1660145590,1660145595,1660380428,0x464d78a5c97a2e2e9839c353ee9b6d4204c90b0b,9.999858e+25,5.000071001008214e-05
FOR,3.138797911351651e+22,,15321612.0,1660233256.0,0xc2a4ad15ab76c0e7e3d580f9e917b892196be2cf0c1e5f0a9506b8f443337562,0xcaa3a3c852442f06806170d137248bb21ddb0e1b,9,Radicle,0.0,"['FOR', 'AGAINST', 'ABSTAIN']",ACTIVE,5890,64,0,8,0,8,0,932861278258708913462167,0,932861278258708913462167,1660145590,1660145595,1660380428,0x464d78a5c97a2e2e9839c353ee9b6d4204c90b0b,9.999858e+25,0.00031388424829149083
FOR,1.041876984364547e+23,,15321663.0,1660233964.0,0x6a92360ba8bc78c1661da0e1c4d58f39c0bb4c7d2a97850306b042030c6d54ed,0xea95cfb5dd624f43775b372db0ed2d8d0073e91c,9,Radicle,0.0,"['FOR', 'AGAINST', 'ABSTAIN']",ACTIVE,5890,64,0,8,0,8,0,932861278258708913462167,0,932861278258708913462167,1660145590,1660145595,1660380428,0x464d78a5c97a2e2e9839c353ee9b6d4204c90b0b,9.999858e+25,0.0010418917792278121
FOR,2.7202357623033992e+23,,11886625.0,1613728462.0,0x4c387114aa9449aaeaaa1c22b0b54c39a66057379412931ad69dc0b3ff2adc64,0x13075a80df4a80e45e58ef871900f0e0ef2ca5cc,2,Radicle,0.0,"['FOR', 'AGAINST', 'ABSTAIN']",CANCELED,28,2,0,1,0,1,0,272023576230339928970065,0,272023576230339928970065,1613682958,1613682962,1613913082,0x641edb587867a703e132a4210d63e93c52aa97ff,9.999858e+25,0.00272027439019974
FOR,4.2549210627029e+23,,15359962.0,1660756002.0,0x927a285b23ae18809ab7e15e745fe7e9660e0b04b2ed6587767f7047c586f375,0x14e94aaca7ebad882516eb969a7b67787a860b64,10,Radicle,0.0,"['FOR', 'AGAINST', 'ABSTAIN']",EXECUTED,5886,63,0,8,0,8,0,6225198003983326410671965,0,6225198003983326410671965,1660664987,1660665008,1660901788,0x464d78a5c97a2e2e9839c353ee9b6d4204c90b0b,9.999858e+25,0.004254981483439964
FOR,1.6510028466636802e+24,,15370346.0,1660899105.0,0x6302f1849b74da36a9e88efb118ff6e8bd911529c68aee946357a40dcb771e16,0x464d78a5c97a2e2e9839c353ee9b6d4204c90b0b,10,Radicle,0.0,"['FOR', 'AGAINST', 'ABSTAIN']",EXECUTED,5886,63,0,8,0,8,0,6225198003983326410671965,0,6225198003983326410671965,1660664987,1660665008,1660901788,0x464d78a5c97a2e2e9839c353ee9b6d4204c90b0b,9.999858e+25,0.016510262912370156
FOR,4.528361716768138e+22,,15370297.0,1660898398.0,0xd951f4ac599679e57a3b6e7b8f40b0b7b191c8b60e8208273eb098ad8884751b,0x52217bad145a7a80d510f24a9572781d260f33d3,10,Radicle,0.0,"['FOR', 'AGAINST', 'ABSTAIN']",EXECUTED,5886,63,0,8,0,8,0,6225198003983326410671965,0,6225198003983326410671965,1660664987,1660665008,1660901788,0x464d78a5c97a2e2e9839c353ee9b6d4204c90b0b,9.999858e+25,0.00045284260204176276
FOR,3.606850305999493e+23,,15370351.0,1660899191.0,0x9b5f6507e871accddd932fd77e1b518fbd72cd5f20665b4b15433c15298bb0ef,0x6851566a6183eff8440456a58823b87107ead707,10,Radicle,0.0,"['FOR', 'AGAINST', 'ABSTAIN']",EXECUTED,5886,63,0,8,0,8,0,6225198003983326410671965,0,6225198003983326410671965,1660664987,1660665008,1660901788,0x464d78a5c97a2e2e9839c353ee9b6d4204c90b0b,9.999858e+25,0.0036069015240011337
FOR,5.881785018e+19,,15363589.0,1660806194.0,0x6444cf3c10b2a4887997e1845ca0a27d6d5b96b695e2aa7b29488839d7f88a81,0xa3399d1edf56dc498d1e43931a046c20e8486460,10,Radicle,0.0,"['FOR', 'AGAINST', 'ABSTAIN']",EXECUTED,5886,63,0,8,0,8,0,6225198003983326410671965,0,6225198003983326410671965,1660664987,1660665008,1660901788,0x464d78a5c97a2e2e9839c353ee9b6d4204c90b0b,9.999858e+25,5.881868540533275e-07
FOR,5e+21,,15370060.0,1660894783.0,0xd7da56e76afadb49053f43d259e8e9f9490fcb679c010dabf5badff5fc64115d,0xaa01dec5307cf17f20881a3286dcaa062578cea7,10,Radicle,0.0,"['FOR', 'AGAINST', 'ABSTAIN']",EXECUTED,5886,63,0,8,0,8,0,6225198003983326410671965,0,6225198003983326410671965,1660664987,1660665008,1660901788,0x464d78a5c97a2e2e9839c353ee9b6d4204c90b0b,9.999858e+25,5.000071001008214e-05
FOR,6.807886995090845e+21,,15368263.0,1660870263.0,0x77f5b2ba3feaa9f78f0ebc0ce2dc62c44b88716de70b9ef3d3135fd5e16c62fa,0xc8a69971daa3c3add85ab0d0af297515769ddffc,10,Radicle,0.0,"['FOR', 'AGAINST', 'ABSTAIN']",EXECUTED,5886,63,0,8,0,8,0,6225198003983326410671965,0,6225198003983326410671965,1660664987,1660665008,1660901788,0x464d78a5c97a2e2e9839c353ee9b6d4204c90b0b,9.999858e+25,6.807983668458937e-05
FOR,3.730867698436455e+24,,15359695.0,1660752524.0,0x75933b66a5d6267a5f817af7796cebe17fb52675a1a89f2d951fa9b31b23825f,0xea95cfb5dd624f43775b372db0ed2d8d0073e91c,10,Radicle,0.0,"['FOR', 'AGAINST', 'ABSTAIN']",EXECUTED,5886,63,0,8,0,8,0,6225198003983326410671965,0,6225198003983326410671965,1660664987,1660665008,1660901788,0x464d78a5c97a2e2e9839c353ee9b6d4204c90b0b,9.999858e+25,0.03730920677510075
FOR,2.501342627029e+22,,14397271.0,1647429571.0,0xc9cc016539752cd50d838e4ada22556fc22510d4541ddeaed7656f15565c9840,0x14e94aaca7ebad882516eb969a7b67787a860b64,6,Radicle,0.0,"['FOR', 'AGAINST', 'ABSTAIN']",ACTIVE,5579,63,0,9,0,9,0,3323376545975406538973394,0,3323376545975406538973394,1647354924,1647354930,1647587407,0xea95cfb5dd624f43775b372db0ed2d8d0073e91c,9.999858e+25,0.00025013781465986815
FOR,2.20417e+23,,14397420.0,1647431651.0,0xf86a02f71d6e8fa265142bfb8bfa53c122d2e0c08cbf3f3a71f70ad2778ff281,0x41552dd6cb63b225ff252d0368b549d0adf61038,6,Radicle,0.0,"['FOR', 'AGAINST', 'ABSTAIN']",ACTIVE,5579,63,0,9,0,9,0,3323376545975406538973394,0,3323376545975406538973394,1647354924,1647354930,1647587407,0xea95cfb5dd624f43775b372db0ed2d8d0073e91c,9.999858e+25,0.002204201299658455
FOR,3.0283617167681383e+22,,14391874.0,1647356916.0,0x8a5bf51cec0b0de62e892029aeab0c539f2258e5dfb30fd36c35e602a6c4feb5,0x52217bad145a7a80d510f24a9572781d260f33d3,6,Radicle,0.0,"['FOR', 'AGAINST', 'ABSTAIN']",ACTIVE,5579,63,0,9,0,9,0,3323376545975406538973394,0,3323376545975406538973394,1647354924,1647354930,1647587407,0xea95cfb5dd624f43775b372db0ed2d8d0073e91c,9.999858e+25,0.0003028404720115164
FOR,0.0,,14396826.0,1647423467.0,0x1dc98b081fb1c780c16bc3f84a5e39529db017fb6e5fe7390be61ec129ae77a1,0x5e813e48a81977c6fdd565ed5097eb600c73c4f0,6,Radicle,0.0,"['FOR', 'AGAINST', 'ABSTAIN']",ACTIVE,5579,63,0,9,0,9,0,3323376545975406538973394,0,3323376545975406538973394,1647354924,1647354930,1647587407,0xea95cfb5dd624f43775b372db0ed2d8d0073e91c,9.999858e+25,0.0
FOR,5e+19,,14406751.0,1647557327.0,0xa69c66aee879a5c78ee3edf366b1c3238e6c1136751da350ea7e68dae8cdb4b6,0x8d07d225a769b7af3a923481e1fdf49180e6a265,6,Radicle,0.0,"['FOR', 'AGAINST', 'ABSTAIN']",ACTIVE,5579,63,0,9,0,9,0,3323376545975406538973394,0,3323376545975406538973394,1647354924,1647354930,1647587407,0xea95cfb5dd624f43775b372db0ed2d8d0073e91c,9.999858e+25,5.000071001008214e-07
FOR,2e+22,,14397865.0,1647437448.0,0x3dd3e8973f14fd5e7362eb800fa854bb0cad92c0f0953bcaf3db6d5366821aad,0x8d3808b4e8ec725dc283391196ac5109c60b945e,6,Radicle,0.0,"['FOR', 'AGAINST', 'ABSTAIN']",ACTIVE,5579,63,0,9,0,9,0,3323376545975406538973394,0,3323376545975406538973394,1647354924,1647354930,1647587407,0xea95cfb5dd624f43775b372db0ed2d8d0073e91c,9.999858e+25,0.00020000284004032857
FOR,5e+21,,14402916.0,1647505229.0,0x24c409130bdd217eef6e47c2fd0c9a39f64d300b924f04ea20575174fc171db1,0xaa01dec5307cf17f20881a3286dcaa062578cea7,6,Radicle,0.0,"['FOR', 'AGAINST', 'ABSTAIN']",ACTIVE,5579,63,0,9,0,9,0,3323376545975406538973394,0,3323376545975406538973394,1647354924,1647354930,1647587407,0xea95cfb5dd624f43775b372db0ed2d8d0073e91c,9.999858e+25,5.000071001008214e-05
FOR,2.2581985787059137e+22,,14400416.0,1647472042.0,0x262ee95f6dd8a075f0a7100ba4748bcb9a4cf533e56336194d4ee5c6d65e8c16,0xcaa3a3c852442f06806170d137248bb21ddb0e1b,6,Radicle,0.0,"['FOR', 'AGAINST', 'ABSTAIN']",ACTIVE,5579,63,0,9,0,9,0,3323376545975406538973394,0,3323376545975406538973394,1647354924,1647354930,1647587407,0xea95cfb5dd624f43775b372db0ed2d8d0073e91c,9.999858e+25,0.00022582306455810807
FOR,3.000030516750376e+24,,14398367.0,1647443637.0,0x9ad1b0d91d328e2288a1c9237f0b23b498ffbe0d8eabe510d70bca882fcfbc80,0xea95cfb5dd624f43775b372db0ed2d8d0073e91c,6,Radicle,0.0,"['FOR', 'AGAINST', 'ABSTAIN']",ACTIVE,5579,63,0,9,0,9,0,3323376545975406538973394,0,3323376545975406538973394,1647354924,1647354930,1647587407,0xea95cfb5dd624f43775b372db0ed2d8d0073e91c,9.999858e+25,0.030000731177886483
FOR,2.501342627029e+22,,14449008.0,1648125576.0,0xe82b83bbc0267fa7d15e75151da6108444c05d658478d76b3cf7b5f511dc4913,0x14e94aaca7ebad882516eb969a7b67787a860b64,7,Radicle,0.0,"['FOR', 'AGAINST', 'ABSTAIN']",EXECUTED,5598,64,0,8,0,8,0,5096711931476043997421629,0,5096711931476043997421629,1647961470,1647961480,1648193239,0xea95cfb5dd624f43775b372db0ed2d8d0073e91c,9.999858e+25,0.00025013781465986815
FOR,7.290006259287163e+22,,14442681.0,1648040257.0,0x102d2ddce7c0037d10dfb9610e4799e4a8c8514e433b07ec8691b7de59c39e62,0x2e68640482723c4f919981075c28c8aa9283a4df,7,Radicle,0.0,"['FOR', 'AGAINST', 'ABSTAIN']",EXECUTED,5598,64,0,8,0,8,0,5096711931476043997421629,0,5096711931476043997421629,1647961470,1647961480,1648193239,0xea95cfb5dd624f43775b372db0ed2d8d0073e91c,9.999858e+25,0.0007290109778846022
FOR,2.20417e+23,,14438064.0,1647978256.0,0x3cf91170c605b24b839163ed0f4a55510bca73df0580eb17ff3a5e8a9482a595,0x41552dd6cb63b225ff252d0368b549d0adf61038,7,Radicle,0.0,"['FOR', 'AGAINST', 'ABSTAIN']",EXECUTED,5598,64,0,8,0,8,0,5096711931476043997421629,0,5096711931476043997421629,1647961470,1647961480,1648193239,0xea95cfb5dd624f43775b372db0ed2d8d0073e91c,9.999858e+25,0.002204201299658455
FOR,1.501e+24,,14443821.0,1648055292.0,0x54990fb8c8fd67fd5389d720511bd7477c93b6e88aea30db66ac73cae8d2e44a,0x464d78a5c97a2e2e9839c353ee9b6d4204c90b0b,7,Radicle,0.0,"['FOR', 'AGAINST', 'ABSTAIN']",EXECUTED,5598,64,0,8,0,8,0,5096711931476043997421629,0,5096711931476043997421629,1647961470,1647961480,1648193239,0xea95cfb5dd624f43775b372db0ed2d8d0073e91c,9.999858e+25,0.015010213145026659
FOR,2.666829258625064e+23,,14442097.0,1648032464.0,0xed6a2dd091f1ed4e36d974219c7f6749f71ce18d90dfa46ce3d6bcc052a2dfd8,0x877bfbb6ac1e8803f6964609cb767628346e8ecc,7,Radicle,0.0,"['FOR', 'AGAINST', 'ABSTAIN']",EXECUTED,5598,64,0,8,0,8,0,5096711931476043997421629,0,5096711931476043997421629,1647961470,1647961480,1648193239,0xea95cfb5dd624f43775b372db0ed2d8d0073e91c,9.999858e+25,0.0026668671281382833
FOR,5.669e+21,,14447992.0,1648111713.0,0xa637f9869b2b7c0e67679c8dd8f1d2cabb17b964b72245aa86f97c66dbcc5bb1,0x9da28d31c9ecc8044ab3f21228b10de941b6530f,7,Radicle,0.0,"['FOR', 'AGAINST', 'ABSTAIN']",EXECUTED,5598,64,0,8,0,8,0,5096711931476043997421629,0,5096711931476043997421629,1647961470,1647961480,1648193239,0xea95cfb5dd624f43775b372db0ed2d8d0073e91c,9.999858e+25,5.6690805009431125e-05
FOR,5e+21,,14437556.0,1647971344.0,0x3ece2dd768821ad5b043b84b4ebaca1a88b47938a6025e77ed2761cbdaf31326,0xaa01dec5307cf17f20881a3286dcaa062578cea7,7,Radicle,0.0,"['FOR', 'AGAINST', 'ABSTAIN']",EXECUTED,5598,64,0,8,0,8,0,5096711931476043997421629,0,5096711931476043997421629,1647961470,1647961480,1648193239,0xea95cfb5dd624f43775b372db0ed2d8d0073e91c,9.999858e+25,5.000071001008214e-05
FOR,3.000029516750376e+24,,14437475.0,1647970283.0,0x2d32f44908d6b58e6ca3f9f76e87d593b844eabcc23512b8c82685af7af4aa59,0xea95cfb5dd624f43775b372db0ed2d8d0073e91c,7,Radicle,0.0,"['FOR', 'AGAINST', 'ABSTAIN']",EXECUTED,5598,64,0,8,0,8,0,5096711931476043997421629,0,5096711931476043997421629,1647961470,1647961480,1648193239,0xea95cfb5dd624f43775b372db0ed2d8d0073e91c,9.999858e+25,0.030000721177744483
FOR,2.501342627029e+22,,14449016.0,1648125661.0,0x6c733fcf9e2ea6907fb35b557e09027f37a8e111c7cc9ee83b06a05882180aed,0x14e94aaca7ebad882516eb969a7b67787a860b64,8,Radicle,0.0,"['FOR', 'AGAINST', 'ABSTAIN']",EXECUTED,5597,64,0,11,0,11,0,5127054366493905377431776,0,5127054366493905377431776,1647964521,1647964543,1648195885,0x464d78a5c97a2e2e9839c353ee9b6d4204c90b0b,9.999858e+25,0.00025013781465986815
FOR,7.290006259287163e+22,,14442999.0,1648044434.0,0x1d55678da37fe2986505a2bed080af19b883850f734057f402faa123e53898a3,0x2e68640482723c4f919981075c28c8aa9283a4df,8,Radicle,0.0,"['FOR', 'AGAINST', 'ABSTAIN']",EXECUTED,5597,64,0,11,0,11,0,5127054366493905377431776,0,5127054366493905377431776,1647964521,1647964543,1648195885,0x464d78a5c97a2e2e9839c353ee9b6d4204c90b0b,9.999858e+25,0.0007290109778846022
FOR,2.20417e+23,,14438065.0,1647978268.0,0x117917db91771b706aeed044b779cc44b9b2b2eb90a03ff07e542e5e66a959c8,0x41552dd6cb63b225ff252d0368b549d0adf61038,8,Radicle,0.0,"['FOR', 'AGAINST', 'ABSTAIN']",EXECUTED,5597,64,0,11,0,11,0,5127054366493905377431776,0,5127054366493905377431776,1647964521,1647964543,1648195885,0x464d78a5c97a2e2e9839c353ee9b6d4204c90b0b,9.999858e+25,0.002204201299658455
FOR,1.501e+24,,14437018.0,1647964705.0,0x92921e10760028c9b7f314d475c3101c86bf77768e17bd67ec800c81c17b83e5,0x464d78a5c97a2e2e9839c353ee9b6d4204c90b0b,8,Radicle,0.0,"['FOR', 'AGAINST', 'ABSTAIN']",EXECUTED,5597,64,0,11,0,11,0,5127054366493905377431776,0,5127054366493905377431776,1647964521,1647964543,1648195885,0x464d78a5c97a2e2e9839c353ee9b6d4204c90b0b,9.999858e+25,0.015010213145026659
FOR,3.0283617167681383e+22,,14441779.0,1648028432.0,0x9ad0bed0efc7246665391c2b0de0f22d63ddc3ecd716b06ba3eccb605bc5e1ba,0x52217bad145a7a80d510f24a9572781d260f33d3,8,Radicle,0.0,"['FOR', 'AGAINST', 'ABSTAIN']",EXECUTED,5597,64,0,11,0,11,0,5127054366493905377431776,0,5127054366493905377431776,1647964521,1647964543,1648195885,0x464d78a5c97a2e2e9839c353ee9b6d4204c90b0b,9.999858e+25,0.0003028404720115164
FOR,2.666829258625064e+23,,14442166.0,1648033446.0,0xb80465b03dffa9e48a86fa49c09960464f4956b3a4a2c0163953cbe3938b31af,0x877bfbb6ac1e8803f6964609cb767628346e8ecc,8,Radicle,0.0,"['FOR', 'AGAINST', 'ABSTAIN']",EXECUTED,5597,64,0,11,0,11,0,5127054366493905377431776,0,5127054366493905377431776,1647964521,1647964543,1648195885,0x464d78a5c97a2e2e9839c353ee9b6d4204c90b0b,9.999858e+25,0.0026668671281382833
FOR,5.669e+21,,14447987.0,1648111692.0,0x2a3f8e59eda592de6dbee7dc0891aa870dd2521a1fd6b2415cef1a335c30319a,0x9da28d31c9ecc8044ab3f21228b10de941b6530f,8,Radicle,0.0,"['FOR', 'AGAINST', 'ABSTAIN']",EXECUTED,5597,64,0,11,0,11,0,5127054366493905377431776,0,5127054366493905377431776,1647964521,1647964543,1648195885,0x464d78a5c97a2e2e9839c353ee9b6d4204c90b0b,9.999858e+25,5.6690805009431125e-05
FOR,5.881785018e+19,,14447574.0,1648106438.0,0x2bb1687abcc16231b5711fe0beb93580cfb8e79d02ed0b199f5087cb890b7719,0xa3399d1edf56dc498d1e43931a046c20e8486460,8,Radicle,0.0,"['FOR', 'AGAINST', 'ABSTAIN']",EXECUTED,5597,64,0,11,0,11,0,5127054366493905377431776,0,5127054366493905377431776,1647964521,1647964543,1648195885,0x464d78a5c97a2e2e9839c353ee9b6d4204c90b0b,9.999858e+25,5.881868540533275e-07
FOR,5e+21,,14437533.0,1647971083.0,0xf6ef4c64bc45bb37208894d9f17ffafd29ad3ac544431ff5c00494655a025cee,0xaa01dec5307cf17f20881a3286dcaa062578cea7,8,Radicle,0.0,"['FOR', 'AGAINST', 'ABSTAIN']",EXECUTED,5597,64,0,11,0,11,0,5127054366493905377431776,0,5127054366493905377431776,1647964521,1647964543,1648195885,0x464d78a5c97a2e2e9839c353ee9b6d4204c90b0b,9.999858e+25,5.000071001008214e-05
FOR,0.0,,14451328.0,1648156477.0,0x5099c03d93836928576157669e07858891f77c8129deaf58f1c174e130b4cf65,0xc100bfc680a73e0072ff287964b8bf850217efb6,8,Radicle,0.0,"['FOR', 'AGAINST', 'ABSTAIN']",EXECUTED,5597,64,0,11,0,11,0,5127054366493905377431776,0,5127054366493905377431776,1647964521,1647964543,1648195885,0x464d78a5c97a2e2e9839c353ee9b6d4204c90b0b,9.999858e+25,0.0
FOR,3.000029516750376e+24,,14437475.0,1647970283.0,0xbb696daa39478131eaf38b5e00badd876f85cd27659f5c542aa9cd07696354e5,0xea95cfb5dd624f43775b372db0ed2d8d0073e91c,8,Radicle,0.0,"['FOR', 'AGAINST', 'ABSTAIN']",EXECUTED,5597,64,0,11,0,11,0,5127054366493905377431776,0,5127054366493905377431776,1647964521,1647964543,1648195885,0x464d78a5c97a2e2e9839c353ee9b6d4204c90b0b,9.999858e+25,0.030000721177744483
FOR,3.29606766742286e+21,,15447676.0,1661963453.0,0x2683c15c6f92ae205a57d475e4679b12abab4ccc19baf32808615d028b4dd2cd,0x151a64570e4997739458455ba4ab5a535fd2e306,11,Radicle,0.0,"['FOR', 'AGAINST', 'ABSTAIN']",EXECUTED,5893,65,0,10,0,10,0,5836739519037346476725885,0,5836739519037346476725885,1661962277,1661962290,1662201175,0xea95cfb5dd624f43775b372db0ed2d8d0073e91c,9.999858e+25,3.2961144722483656e-05
FOR,1.6510028466636802e+24,,15454473.0,1662057520.0,0xcf3006468438021027ee7e6c79255403fb17ec8a897b691610981dbee6c4e572,0x464d78a5c97a2e2e9839c353ee9b6d4204c90b0b,11,Radicle,0.0,"['FOR', 'AGAINST', 'ABSTAIN']",EXECUTED,5893,65,0,10,0,10,0,5836739519037346476725885,0,5836739519037346476725885,1661962277,1661962290,1662201175,0xea95cfb5dd624f43775b372db0ed2d8d0073e91c,9.999858e+25,0.016510262912370156
FOR,4.528361716768138e+22,,15464622.0,1662198056.0,0xb5806fbfa74ba362d50bb4df033f619049321fc30247adab8afa5b84b4901a6a,0x52217bad145a7a80d510f24a9572781d260f33d3,11,Radicle,0.0,"['FOR', 'AGAINST', 'ABSTAIN']",EXECUTED,5893,65,0,10,0,10,0,5836739519037346476725885,0,5836739519037346476725885,1661962277,1661962290,1662201175,0xea95cfb5dd624f43775b372db0ed2d8d0073e91c,9.999858e+25,0.00045284260204176276
FOR,3.606850305999493e+23,,15447900.0,1661966378.0,0xadc5e109f82b3cf68665a716d877237ec45131b3da0ebbd7cd1631ddb191264a,0x6851566a6183eff8440456a58823b87107ead707,11,Radicle,0.0,"['FOR', 'AGAINST', 'ABSTAIN']",EXECUTED,5893,65,0,10,0,10,0,5836739519037346476725885,0,5836739519037346476725885,1661962277,1661962290,1662201175,0xea95cfb5dd624f43775b372db0ed2d8d0073e91c,9.999858e+25,0.0036069015240011337
FOR,5e+19,,15460357.0,1662138227.0,0x8499545b32b4359115ff9caa11652e92d9efc40c1bb9f35f6dc15c69991d089a,0x8d07d225a769b7af3a923481e1fdf49180e6a265,11,Radicle,0.0,"['FOR', 'AGAINST', 'ABSTAIN']",EXECUTED,5893,65,0,10,0,10,0,5836739519037346476725885,0,5836739519037346476725885,1661962277,1661962290,1662201175,0xea95cfb5dd624f43775b372db0ed2d8d0073e91c,9.999858e+25,5.000071001008214e-07
FOR,5.669e+21,,15460977.0,1662146659.0,0x00ba748286095e18fcdfc429e3c81f46d9102032c7674f3dcefb5e54ed44ff02,0x9da28d31c9ecc8044ab3f21228b10de941b6530f,11,Radicle,0.0,"['FOR', 'AGAINST', 'ABSTAIN']",EXECUTED,5893,65,0,10,0,10,0,5836739519037346476725885,0,5836739519037346476725885,1661962277,1661962290,1662201175,0xea95cfb5dd624f43775b372db0ed2d8d0073e91c,9.999858e+25,5.6690805009431125e-05
FOR,5.881785018e+19,,15459128.0,1662121180.0,0x8e1e437d3ea632a2359763e362f9eadbbf60c4db5bf5c54df027cb72adf0de99,0xa3399d1edf56dc498d1e43931a046c20e8486460,11,Radicle,0.0,"['FOR', 'AGAINST', 'ABSTAIN']",EXECUTED,5893,65,0,10,0,10,0,5836739519037346476725885,0,5836739519037346476725885,1661962277,1661962290,1662201175,0xea95cfb5dd624f43775b372db0ed2d8d0073e91c,9.999858e+25,5.881868540533275e-07
FOR,5e+21,,15447757.0,1661964549.0,0xd5533f99445183d399c81738dad27386c63c70f764d078f095f8e80373ad74f4,0xaa01dec5307cf17f20881a3286dcaa062578cea7,11,Radicle,0.0,"['FOR', 'AGAINST', 'ABSTAIN']",EXECUTED,5893,65,0,10,0,10,0,5836739519037346476725885,0,5836739519037346476725885,1661962277,1661962290,1662201175,0xea95cfb5dd624f43775b372db0ed2d8d0073e91c,9.999858e+25,5.000071001008214e-05
FOR,3.4826440651978047e+22,,15458959.0,1662118878.0,0x4255e63a73909edfd6201b77a1d9c022ef94f47ec7fc3d8da688e1e3ea375d7e,0xcaa3a3c852442f06806170d137248bb21ddb0e1b,11,Radicle,0.0,"['FOR', 'AGAINST', 'ABSTAIN']",EXECUTED,5893,65,0,10,0,10,0,5836739519037346476725885,0,5836739519037346476725885,1661962277,1661962290,1662201175,0xea95cfb5dd624f43775b372db0ed2d8d0073e91c,9.999858e+25,0.0003482693519445781
FOR,3.730867698436455e+24,,15453613.0,1662045788.0,0x987c471a6a0f28e7929a7d1c8f65bd95b538da58ef7c2c5a9a1ee8c018680b32,0xea95cfb5dd624f43775b372db0ed2d8d0073e91c,11,Radicle,0.0,"['FOR', 'AGAINST', 'ABSTAIN']",EXECUTED,5893,65,0,10,0,10,0,5836739519037346476725885,0,5836739519037346476725885,1661962277,1661962290,1662201175,0xea95cfb5dd624f43775b372db0ed2d8d0073e91c,9.999858e+25,0.03730920677510075
FOR,0.0,,13973208.0,1641756271.0,0xf3b7700bcc9b2a24d40208b1af27d844f10240ad066f169003b7ab1f263503e1,0x2e68640482723c4f919981075c28c8aa9283a4df,5,Radicle,0.0,"['FOR', 'AGAINST', 'ABSTAIN']",EXECUTED,5422,59,0,12,0,12,0,5236866502424953016078334,0,5236866502424953016078334,1641566927,1641566929,1641797402,0xea95cfb5dd624f43775b372db0ed2d8d0073e91c,9.999858e+25,0.0
FOR,2.45417e+23,,13973861.0,1641764956.0,0x6989802a45d5da200a5682dcb1ddee70b3681578a1d00e9d6fa389f28e6855f8,0x41552dd6cb63b225ff252d0368b549d0adf61038,5,Radicle,0.0,"['FOR', 'AGAINST', 'ABSTAIN']",EXECUTED,5422,59,0,12,0,12,0,5236866502424953016078334,0,5236866502424953016078334,1641566927,1641566929,1641797402,0xea95cfb5dd624f43775b372db0ed2d8d0073e91c,9.999858e+25,0.002454204849708866
FOR,1.501e+24,,13959310.0,1641571929.0,0xe9737d59ae1513ebe8f40c5d0d4040fd2e0226026be37c976097cc426a8f4b0a,0x464d78a5c97a2e2e9839c353ee9b6d4204c90b0b,5,Radicle,0.0,"['FOR', 'AGAINST', 'ABSTAIN']",EXECUTED,5422,59,0,12,0,12,0,5236866502424953016078334,0,5236866502424953016078334,1641566927,1641566929,1641797402,0xea95cfb5dd624f43775b372db0ed2d8d0073e91c,9.999858e+25,0.015010213145026659
FOR,5e+21,,13973153.0,1641755616.0,0x2bc7eb8436231e030d7439bfccb96e8b827b9084b4a47626e79fde501d72fbeb,0x48a63097e1ac123b1f5a8bbffafa4afa8192fab0,5,Radicle,0.0,"['FOR', 'AGAINST', 'ABSTAIN']",EXECUTED,5422,59,0,12,0,12,0,5236866502424953016078334,0,5236866502424953016078334,1641566927,1641566929,1641797402,0xea95cfb5dd624f43775b372db0ed2d8d0073e91c,9.999858e+25,5.000071001008214e-05
FOR,2.657186630389034e+23,,13974850.0,1641778058.0,0x4c51a74cac7d62dd11b97b041f7049f87f9fa96f55afc47e92c4f93e19d931a6,0x6b0807396ca3da7ec2a72cd192693f2251320f92,5,Radicle,0.0,"['FOR', 'AGAINST', 'ABSTAIN']",EXECUTED,5422,59,0,12,0,12,0,5236866502424953016078334,0,5236866502424953016078334,1641566927,1641566929,1641797402,0xea95cfb5dd624f43775b372db0ed2d8d0073e91c,9.999858e+25,0.0026572243629749883
FOR,2e+22,,13973768.0,1641763858.0,0xd46b99ad811b2cfb2d1519ca5d56d77b49877257303215be6a72d40614070924,0x8d3808b4e8ec725dc283391196ac5109c60b945e,5,Radicle,0.0,"['FOR', 'AGAINST', 'ABSTAIN']",EXECUTED,5422,59,0,12,0,12,0,5236866502424953016078334,0,5236866502424953016078334,1641566927,1641566929,1641797402,0xea95cfb5dd624f43775b372db0ed2d8d0073e91c,9.999858e+25,0.00020000284004032857
FOR,5.669e+21,,13974363.0,1641772039.0,0xbd3bdb5a5fdf55ee5bfb50e2ea9276eaca8a1d21f69aac3be284581d851ebbe2,0x9da28d31c9ecc8044ab3f21228b10de941b6530f,5,Radicle,0.0,"['FOR', 'AGAINST', 'ABSTAIN']",EXECUTED,5422,59,0,12,0,12,0,5236866502424953016078334,0,5236866502424953016078334,1641566927,1641566929,1641797402,0xea95cfb5dd624f43775b372db0ed2d8d0073e91c,9.999858e+25,5.6690805009431125e-05
FOR,0.0,,13974146.0,1641769023.0,0x06ec21ba7154e22f980ab32e0cbc94ec15adc09063517712996e0eb5a370f439,0xa3399d1edf56dc498d1e43931a046c20e8486460,5,Radicle,0.0,"['FOR', 'AGAINST', 'ABSTAIN']",EXECUTED,5422,59,0,12,0,12,0,5236866502424953016078334,0,5236866502424953016078334,1641566927,1641566929,1641797402,0xea95cfb5dd624f43775b372db0ed2d8d0073e91c,9.999858e+25,0.0
FOR,5e+21,,13961229.0,1641597833.0,0x8b1d9aea321c6e7c6081ab6591c7806e7e388b9dae111731e2a28e3d199dedc6,0xaa01dec5307cf17f20881a3286dcaa062578cea7,5,Radicle,0.0,"['FOR', 'AGAINST', 'ABSTAIN']",EXECUTED,5422,59,0,12,0,12,0,5236866502424953016078334,0,5236866502424953016078334,1641566927,1641566929,1641797402,0xea95cfb5dd624f43775b372db0ed2d8d0073e91c,9.999858e+25,5.000071001008214e-05
FOR,2.2191203176524787e+22,,13959064.0,1641568630.0,0x91618313807e6888a0376d4ea67b45fa4f03001c16886942a8a38c218094d6db,0xcaa3a3c852442f06806170d137248bb21ddb0e1b,5,Radicle,0.0,"['FOR', 'AGAINST', 'ABSTAIN']",EXECUTED,5422,59,0,12,0,12,0,5236866502424953016078334,0,5236866502424953016078334,1641566927,1641566929,1641797402,0xea95cfb5dd624f43775b372db0ed2d8d0073e91c,9.999858e+25,0.0002219151829608459
FOR,0.0,,13974088.0,1641768198.0,0x33cd6e7d9061b309a01c3edb75b0336b5c400f148028bbedda217d624d5cc0a1,0xdca51787f58c18fb8f613a27b84b108324ac4c52,5,Radicle,0.0,"['FOR', 'AGAINST', 'ABSTAIN']",EXECUTED,5422,59,0,12,0,12,0,5236866502424953016078334,0,5236866502424953016078334,1641566927,1641566929,1641797402,0xea95cfb5dd624f43775b372db0ed2d8d0073e91c,9.999858e+25,0.0
FOR,3.1668706362095247e+24,,13959040.0,1641568256.0,0x6c34731f7d1d69b9686f5371c559f0f7bb4432ea38b82b8cd631857e4b420b82,0xea95cfb5dd624f43775b372db0ed2d8d0073e91c,5,Radicle,0.0,"['FOR', 'AGAINST', 'ABSTAIN']",EXECUTED,5422,59,0,12,0,12,0,5236866502424953016078334,0,5236866502424953016078334,1641566927,1641566929,1641797402,0xea95cfb5dd624f43775b372db0ed2d8d0073e91c,9.999858e+25,0.03166915606411135
,,,,,,,1,Radicle,,,CANCELED,0,0,0,0,0,0,0,0,0,0,1613677468,1613677471,1613907875,0x641edb587867a703e132a4210d63e93c52aa97ff,9.999858e+25,
