,Unnamed: 0,proposal,voter,support,single_vote,name,total_cap,circulating
0,385,1,0x6bf1eba9740441d0a8822eda4e116a74f850d81b,1,153700.6632847391,phutchins.eth,100000000,14198201
1,57,1,0x0f8361ef329b43fa48ac66a7cd8f619c517274f1,1,0.0,zakk1115.eth,100000000,14198201
2,659,1,0xd30b4753a4ff2cc47a2ada84a9a85058da16d2e8,0,0.29945690265651576,hodlgod.eth,100000000,14198201
3,148,1,0x2b888954421b424c5d3d9ce9bb67c9bd47537d12,1,917763.3177139396,lefteris.eth,100000000,14198201
4,143,1,0x28c2779d125be97125e18b0c3a412b7bea9a3d48,1,14788.001209999999,,100000000,14198201
5,142,1,0x27331de0261a9513bfef4f8f3e3005c60cf80702,1,0.0,,100000000,14198201
6,125,1,0x22bfd731b25d54ab7f978eacb54f1a5fe80903eb,1,11.5,pxy153.eth,100000000,14198201
7,118,1,0x224e69025a2f705c8f31efb6694398f8fd09ac5c,1,3911.93838935508,chrismartz.eth,100000000,14198201
8,108,1,0x1df4c04d9c4247bedf051e73730c46a03c3d3050,1,29.0,zk.sismo.eth,100000000,14198201
9,403,1,0x6f2bbbdf4e93aa39d36933d28ac2b1253a17aa85,1,0.0,cybertokyo.eth,100000000,14198201
10,405,1,0x721c7fffe9ac426a028e616677811f755fa99eba,1,188.578699999,220284.eth,100000000,14198201
11,95,1,0x19b570af5dddb8f0f5a15c83d07a1c5153865188,1,2169.354541714248,,100000000,14198201
12,417,1,0x755740595c3c8539ec99019f93ee3e964db63739,1,12.0,uplift.eth,100000000,14198201
13,423,1,0x792db1912ffb4feed8559189a6cdd10d853e1b13,1,22.807769776275713,etherdog.eth,100000000,14198201
14,424,1,0x79d8e884ac95196d0ed622dcb2bf12bb0b70a8c3,1,22.5,getready.eth,100000000,14198201
15,489,1,0x8d07d225a769b7af3a923481e1fdf49180e6a265,1,172100.87977327558,monetsupply.eth,100000000,14198201
16,691,1,0xe4b420f15d6d878dcd0df7120ac0fc1509ee9cab,1,17326.320057035515,,100000000,14198201
17,625,1,0xc75f1ad2eaef79b729c8dd8bcbaeddd893f5a761,1,0.0,,100000000,14198201
18,440,1,0x80d63799b1e08a80f73fb7a83264b5c31600bf3a,1,401265.2362341916,hudson.eth,100000000,14198201
19,63,1,0x10d6d2e343281d388291a3e02f3293aaeda67178,1,317765.3753918562,helloshreyas.eth,100000000,14198201
20,587,1,0xb55a7b37a99e9728eb4d195ba5645bdd3f66862f,1,0.0,,100000000,14198201
21,676,1,0xdc52350858b60853d93390ab38dee3ce7e147fa7,1,50.0,capxon.eth,100000000,14198201
22,588,1,0xb5679a4454bec8156c7293a24b975c8ad0bdc21f,1,10.3,aliceword.eth,100000000,14198201
23,437,1,0x8091b4a9226080e8f17fd9444710b1799fbac3ed,1,8.0,bigdoge.eth,100000000,14198201
24,549,1,0xa5a25adcfd24b980e480f875aa2086571047e14d,1,10.0,rplanet.eth,100000000,14198201
25,699,1,0xe8cd4cb68dd4c79d118368f36d8564f3134c180d,1,0.0,ethpiggie.eth,100000000,14198201
26,256,1,0x4c0a466df0628fe8699051b3ac6506653191cc21,1,1371442.5917678557,trent.eth,100000000,14198201
27,715,1,0xee0579b4c36fd52ec0a2b542fb801f136838b7f1,1,997.5922,sirlupinwatson.eth,100000000,14198201
28,469,1,0x86a233b93556c7e475304c4429d89b9f6958ec6d,1,11.0,fatwax.eth,100000000,14198201
29,666,1,0xd5102725cc00421854dd616a2d8769ce36017315,1,100.0,linkstart.eth,100000000,14198201
30,475,1,0x891d6d5af0f2abeca7939600a8537dfee68c8da7,1,0.0,cojocaru.eth,100000000,14198201
31,341,1,0x5be10f3434bc1ac6c0a34f86da39ea0095392f21,1,85.08837270232273,krow247.eth,100000000,14198201
32,283,1,0x521aacb43d89e1b8ffd64d9ef76b0a1074dedaf8,1,2412.6630352137913,bobjiang.eth,100000000,14198201
33,758,1,0xf94171580ce591172b2f6909eea6693b1c78835b,1,10.0,xianxian.eth,100000000,14198201
34,700,1,0xe8d848debb3a3e12aa815b15900c8e020b863f31,1,0.0,dennisonbertram.eth,100000000,14198201
35,19,1,0x0585b28fd862d3bf033be20b178bdf01262b8424,1,3675.2145995359997,,100000000,14198201
36,21,1,0x05a1ff0a32bc24265bcb39499d0c5d9a6cb2011c,1,7713.240499999,willywonka.eth,100000000,14198201
37,301,1,0x54becc7560a7be76d72ed76a1f5fee6c5a2a7ab6,1,739495.7738801391,simona.eth,100000000,14198201
38,762,1,0xfbafc1cad594d789db448fe079fd88417cdb3737,1,15.0,darkword.eth,100000000,14198201
39,541,2,0xa29185d464d4a8fbd9ccf3c958cf8419578305ee,1,0.0,,100000000,14198201
40,66,2,0x10d6d2e343281d388291a3e02f3293aaeda67178,1,317640.19555483403,helloshreyas.eth,100000000,14198201
41,542,2,0xa2bf1b0a7e079767b4701b5a1d9d5700eb42d1d1,1,335024.5221976305,kennethng.eth,100000000,14198201
42,367,2,0x66b1de0f14a0ce971f7f248415063d44caf19398,1,544767.1102630467,yalor.eth,100000000,14198201
43,550,2,0xa632c031714532dbfaa83551032cb4c13f838ba6,1,108000.0,,100000000,14198201
44,96,2,0x19b570af5dddb8f0f5a15c83d07a1c5153865188,1,2169.354541714248,,100000000,14198201
45,101,2,0x19e10e0bec9f9559444f33c1c8e39c5664eee47b,1,216000.00000000003,,100000000,14198201
46,339,2,0x5ba02f4ff6af1d9d2af8774d10fd32eb57d4e2e6,1,312391.5309781056,p1anck.eth,100000000,14198201
47,119,2,0x224e69025a2f705c8f31efb6694398f8fd09ac5c,1,3911.93838935508,chrismartz.eth,100000000,14198201
48,725,2,0xeeaa36420519d85efab3b7120ac5afa5a5825bfb,1,108000.0,,100000000,14198201
49,738,2,0xf503017d7baf7fbc0fff7492b751025c6a78179b,1,216310.38383456136,trueblocks.eth,100000000,14198201
50,386,2,0x6bf1eba9740441d0a8822eda4e116a74f850d81b,1,153211.08472583364,phutchins.eth,100000000,14198201
51,351,2,0x5e349eca2dc61abcd9dd99ce94d04136151a09ee,1,550122.97706056,lindajxie.eth,100000000,14198201
52,495,2,0x8d07d225a769b7af3a923481e1fdf49180e6a265,1,172100.87977327558,monetsupply.eth,100000000,14198201
53,310,2,0x54becc7560a7be76d72ed76a1f5fee6c5a2a7ab6,1,738678.5877961636,simona.eth,100000000,14198201
54,294,2,0x522b72f0963a33168a55c4ff3c699376c2c1041f,1,0.0,,100000000,14198201
55,629,2,0xc7e6bbf6dbe78b40640385e73dc1958f4428fb3e,1,153459.47511259426,tobyshorin.eth,100000000,14198201
56,454,2,0x839395e20bbb182fa440d08f850e6c7a8f6f0780,1,1001352.8207708619,griff.eth,100000000,14198201
57,470,2,0x874437b5a42aa6e6419ec2447c9e36c278c46532,1,0.0,patrickalphac.eth,100000000,14198201
58,441,2,0x80d63799b1e08a80f73fb7a83264b5c31600bf3a,1,400173.3019341917,hudson.eth,100000000,14198201
59,765,2,0xfdab3be33284ef68442f55535ffc0b1fcbad2b62,1,0.0,02468.eth,100000000,14198201
60,455,3,0x839395e20bbb182fa440d08f850e6c7a8f6f0780,1,1001339.394670862,griff.eth,100000000,14198201
61,535,3,0x9fa7fd8d9170f0dda389922e6c956800d5149924,1,0.0,lrlhoo.eth,100000000,14198201
62,726,3,0xeeaa36420519d85efab3b7120ac5afa5a5825bfb,1,108000.0,,100000000,14198201
63,496,3,0x8d07d225a769b7af3a923481e1fdf49180e6a265,1,172100.87977327558,monetsupply.eth,100000000,14198201
64,368,3,0x66b1de0f14a0ce971f7f248415063d44caf19398,1,543075.8771880156,yalor.eth,100000000,14198201
65,739,3,0xf503017d7baf7fbc0fff7492b751025c6a78179b,1,214810.38383456136,trueblocks.eth,100000000,14198201
66,102,3,0x19e10e0bec9f9559444f33c1c8e39c5664eee47b,1,216000.00000000003,,100000000,14198201
67,712,3,0xeceb2fb4d8a93b0b19273b033abca7215062d31e,1,0.0,jayke.eth,100000000,14198201
68,686,3,0xe3939654deae5f54fd3e6b84b3a7f75f245062d8,1,3066.3392431148177,,100000000,14198201
69,311,3,0x54becc7560a7be76d72ed76a1f5fee6c5a2a7ab6,1,738687.3029787128,simona.eth,100000000,14198201
70,120,3,0x224e69025a2f705c8f31efb6694398f8fd09ac5c,1,3911.93838935508,chrismartz.eth,100000000,14198201
71,551,3,0xa632c031714532dbfaa83551032cb4c13f838ba6,1,108000.0,,100000000,14198201
72,394,3,0x6c51a5ef1b6736b63c965b3057ae5c5b50de76d3,1,0.0,idoraemon.eth,100000000,14198201
73,97,3,0x19b570af5dddb8f0f5a15c83d07a1c5153865188,1,2169.354541714248,,100000000,14198201
74,471,3,0x874437b5a42aa6e6419ec2447c9e36c278c46532,1,0.0,patrickalphac.eth,100000000,14198201
75,548,3,0xa4ca1b15fe81f57cb2d3f686c7b13309906cd37b,1,100.0,jaxcoder.eth,100000000,14198201
76,184,3,0x34aa3f359a9d614239015126635ce7732c18fdf3,1,1295717.9824477423,austingriffith.eth,100000000,14198201
77,340,3,0x5ba02f4ff6af1d9d2af8774d10fd32eb57d4e2e6,1,312391.5309781056,p1anck.eth,100000000,14198201
78,67,3,0x10d6d2e343281d388291a3e02f3293aaeda67178,1,317623.2639548351,helloshreyas.eth,100000000,14198201
79,740,4,0xf503017d7baf7fbc0fff7492b751025c6a78179b,1,212585.32583456332,trueblocks.eth,100000000,14198201
80,257,4,0x4c0a466df0628fe8699051b3ac6506653191cc21,1,1368102.020673263,trent.eth,100000000,14198201
81,121,4,0x224e69025a2f705c8f31efb6694398f8fd09ac5c,1,3954.2683893550798,chrismartz.eth,100000000,14198201
82,576,4,0xb17dd0c1258f2852ae134e40c92bb0841435e02c,1,0.0,,100000000,14198201
83,387,4,0x6bf1eba9740441d0a8822eda4e116a74f850d81b,1,165313.51892583366,phutchins.eth,100000000,14198201
84,555,4,0xaa01dec5307cf17f20881a3286dcaa062578cea7,1,5953.499999997999,philh.p2p.eth,100000000,14198201
85,497,4,0x8d07d225a769b7af3a923481e1fdf49180e6a265,1,168877.09148947292,monetsupply.eth,100000000,14198201
86,456,4,0x839395e20bbb182fa440d08f850e6c7a8f6f0780,1,985011.0164695827,griff.eth,100000000,14198201
87,442,4,0x80d63799b1e08a80f73fb7a83264b5c31600bf3a,1,615456.4992149216,hudson.eth,100000000,14198201
88,312,4,0x54becc7560a7be76d72ed76a1f5fee6c5a2a7ab6,1,1015971.6254034514,simona.eth,100000000,14198201
89,630,4,0xc7e6bbf6dbe78b40640385e73dc1958f4428fb3e,1,153635.51161259424,tobyshorin.eth,100000000,14198201
90,98,4,0x19b570af5dddb8f0f5a15c83d07a1c5153865188,1,2169.354541714248,,100000000,14198201
91,527,4,0x99fe1a841d59379acd34da92ad01cf4244e73475,1,0.0,,100000000,14198201
92,158,4,0x2b888954421b424c5d3d9ce9bb67c9bd47537d12,1,1017054.502098173,lefteris.eth,100000000,14198201
93,352,4,0x5e349eca2dc61abcd9dd99ce94d04136151a09ee,1,1053023.1032860805,lindajxie.eth,100000000,14198201
94,719,4,0xee0579b4c36fd52ec0a2b542fb801f136838b7f1,1,867.4365915606293,sirlupinwatson.eth,100000000,14198201
95,443,5,0x80d63799b1e08a80f73fb7a83264b5c31600bf3a,1,615376.4992149217,hudson.eth,100000000,14198201
96,741,5,0xf503017d7baf7fbc0fff7492b751025c6a78179b,1,212585.32583456332,trueblocks.eth,100000000,14198201
97,388,5,0x6bf1eba9740441d0a8822eda4e116a74f850d81b,1,165313.51892583366,phutchins.eth,100000000,14198201
98,258,5,0x4c0a466df0628fe8699051b3ac6506653191cc21,1,1367902.020673263,trent.eth,100000000,14198201
99,457,5,0x839395e20bbb182fa440d08f850e6c7a8f6f0780,1,985011.0164695827,griff.eth,100000000,14198201
100,122,5,0x224e69025a2f705c8f31efb6694398f8fd09ac5c,1,3909.268389355081,chrismartz.eth,100000000,14198201
101,720,5,0xee0579b4c36fd52ec0a2b542fb801f136838b7f1,1,867.4365915606293,sirlupinwatson.eth,100000000,14198201
102,599,5,0xbb67bce8d0e63082a5a349b35439f14c167e08f6,1,91.20913111134705,huangchen.eth,100000000,14198201
103,556,5,0xaa01dec5307cf17f20881a3286dcaa062578cea7,1,5953.499999997999,philh.p2p.eth,100000000,14198201
104,353,5,0x5e349eca2dc61abcd9dd99ce94d04136151a09ee,1,1053023.1032860805,lindajxie.eth,100000000,14198201
105,631,5,0xc7e6bbf6dbe78b40640385e73dc1958f4428fb3e,1,153635.51161259424,tobyshorin.eth,100000000,14198201
106,498,5,0x8d07d225a769b7af3a923481e1fdf49180e6a265,1,168849.27338947292,monetsupply.eth,100000000,14198201
107,159,5,0x2b888954421b424c5d3d9ce9bb67c9bd47537d12,1,1017054.502098173,lefteris.eth,100000000,14198201
108,313,5,0x54becc7560a7be76d72ed76a1f5fee6c5a2a7ab6,1,1015971.6254034514,simona.eth,100000000,14198201
109,99,5,0x19b570af5dddb8f0f5a15c83d07a1c5153865188,1,2169.354541714248,,100000000,14198201
110,160,6,0x2b888954421b424c5d3d9ce9bb67c9bd47537d12,1,1003963.119705163,lefteris.eth,100000000,14198201
111,292,6,0x521aacb43d89e1b8ffd64d9ef76b0a1074dedaf8,1,4080.469788250149,bobjiang.eth,100000000,14198201
112,499,6,0x8d07d225a769b7af3a923481e1fdf49180e6a265,1,169319.66752781929,monetsupply.eth,100000000,14198201
113,438,6,0x809c9f8dd8ca93a41c3adca4972fa234c28f7714,1,4820.700342541318,paul2.eth,100000000,14198201
114,60,6,0x0f8361ef329b43fa48ac66a7cd8f619c517274f1,1,0.0,zakk1115.eth,100000000,14198201
115,557,6,0xaa01dec5307cf17f20881a3286dcaa062578cea7,1,24953.499999998,philh.p2p.eth,100000000,14198201
116,458,6,0x839395e20bbb182fa440d08f850e6c7a8f6f0780,1,970300.6608043284,griff.eth,100000000,14198201
117,314,6,0x54becc7560a7be76d72ed76a1f5fee6c5a2a7ab6,1,960731.9531483692,simona.eth,100000000,14198201
118,670,6,0xd714dd60e22bbb1cbafd0e40de5cfa7bbdd3f3c8,1,0.0,auryn.eth,100000000,14198201
119,336,6,0x5a27d268e830655e908a0a2c3b24f572695af5e8,1,9.9999000018944e-05,bykur.eth,100000000,14198201
120,481,6,0x8b405dbf2f30844b608b08dad20447a6955a6c6e,1,183911.0240636766,,100000000,14198201
121,68,6,0x10d6d2e343281d388291a3e02f3293aaeda67178,1,315147.5364667687,helloshreyas.eth,100000000,14198201
122,409,6,0x73186b2a81952c2340c4eb2e74e89869e1183df0,1,168112.66740368214,amyjung.eth,100000000,14198201
123,675,7,0xdc0046b52e2e38aee2271b6171ebb65ccd337518,1,6789.815373332014,adamstallard.eth,100000000,14198201
124,176,7,0x31482858561725b74b5ec2a739e447bc74cdf7b9,1,323679.4475958451,andy.thebluebook.eth,100000000,14198201
125,219,7,0x3f60008dfd0efc03f476d9b489d6c5b13b3ebf2c,1,2132.4861213586537,traversa.eth,100000000,14198201
126,701,7,0xe8d848debb3a3e12aa815b15900c8e020b863f31,1,0.0,dennisonbertram.eth,100000000,14198201
127,354,7,0x5e349eca2dc61abcd9dd99ce94d04136151a09ee,1,1048778.0976688543,lindajxie.eth,100000000,14198201
128,500,7,0x8d07d225a769b7af3a923481e1fdf49180e6a265,1,164671.79124743034,monetsupply.eth,100000000,14198201
129,444,7,0x80d63799b1e08a80f73fb7a83264b5c31600bf3a,1,609253.9812149237,hudson.eth,100000000,14198201
130,389,7,0x6bf1eba9740441d0a8822eda4e116a74f850d81b,1,153092.10660725823,phutchins.eth,100000000,14198201
131,69,7,0x10d6d2e343281d388291a3e02f3293aaeda67178,1,315030.9996667687,helloshreyas.eth,100000000,14198201
132,161,7,0x2b888954421b424c5d3d9ce9bb67c9bd47537d12,1,1020007.1756265819,lefteris.eth,100000000,14198201
133,315,8,0x54becc7560a7be76d72ed76a1f5fee6c5a2a7ab6,1,959241.9973837122,simona.eth,100000000,14198201
134,390,8,0x6bf1eba9740441d0a8822eda4e116a74f850d81b,1,153092.10660725823,phutchins.eth,100000000,14198201
135,755,8,0xf76eaebb56387b737a1f8f98e153d85b59eee46c,1,0.0,,100000000,14198201
136,355,8,0x5e349eca2dc61abcd9dd99ce94d04136151a09ee,1,1048698.0976688543,lindajxie.eth,100000000,14198201
137,501,8,0x8d07d225a769b7af3a923481e1fdf49180e6a265,1,164467.79124743034,monetsupply.eth,100000000,14198201
138,544,8,0xa30ab83e693ad49f3f651085dad11d049c818923,1,193002.55096541785,,100000000,14198201
139,459,8,0x839395e20bbb182fa440d08f850e6c7a8f6f0780,1,963184.2005812712,griff.eth,100000000,14198201
140,702,8,0xe91aee4906c8635bf15962a639436f40780233a0,1,0.0,,100000000,14198201
141,742,8,0xf503017d7baf7fbc0fff7492b751025c6a78179b,1,185800.88374624169,trueblocks.eth,100000000,14198201
142,331,9,0x59d6779eca6c91ed7679e261b54299b5155eadf0,1,380.81766449899993,モノノフ.eth,100000000,14198201
143,436,9,0x8073c62366973b9960f4561f6a72c5826b75e828,1,21.2585,futurafree.eth,100000000,14198201
144,162,9,0x2b888954421b424c5d3d9ce9bb67c9bd47537d12,1,997893.4635265828,lefteris.eth,100000000,14198201
145,70,9,0x10d6d2e343281d388291a3e02f3293aaeda67178,1,614625.3015667697,helloshreyas.eth,100000000,14198201
146,43,9,0x0a251df99a88a20a93876205fb7f5faf2e85a481,1,0.0,endman.eth,100000000,14198201
147,281,9,0x51807b8d96e96f5c26adab145b9292f38eb8ec8e,1,1036.696799999,,100000000,14198201
148,487,9,0x8c69f8d2f360d0bd12cb73b92e90a380e32987bb,1,0.0,supernate.eth,100000000,14198201
149,502,9,0x8d07d225a769b7af3a923481e1fdf49180e6a265,1,164467.79124743034,monetsupply.eth,100000000,14198201
150,185,9,0x34aa3f359a9d614239015126635ce7732c18fdf3,1,1060332.067020231,austingriffith.eth,100000000,14198201
151,445,9,0x80d63799b1e08a80f73fb7a83264b5c31600bf3a,1,609191.1353149236,hudson.eth,100000000,14198201
152,126,9,0x23b6d8e09cb33b1550de19ac25cc3f41ae4603bb,1,8.185195704243835,marin.eth,100000000,14198201
153,730,9,0xf07a2439296e07bc4320af924e655a01fb69d89c,1,10251.357259146902,adamscochran.eth,100000000,14198201
154,743,9,0xf503017d7baf7fbc0fff7492b751025c6a78179b,1,185800.88374624169,trueblocks.eth,100000000,14198201
155,592,9,0xb86c267d0b02a961caf3a6b530f3e1542612a6f2,1,5.0,sjtuer.eth,100000000,14198201
156,316,9,0x54becc7560a7be76d72ed76a1f5fee6c5a2a7ab6,1,959241.9973837122,simona.eth,100000000,14198201
157,293,9,0x521aacb43d89e1b8ffd64d9ef76b0a1074dedaf8,1,5514.2566992599495,bobjiang.eth,100000000,14198201
158,109,9,0x1df4c04d9c4247bedf051e73730c46a03c3d3050,1,29.0,zk.sismo.eth,100000000,14198201
159,272,9,0x4e19646b2744021690f7da584117b083dc73a412,1,0.0,,100000000,14198201
160,644,9,0xcb9f176f3c90837a727e4678e29515cb2d557f18,1,0.0,mazurka.eth,100000000,14198201
161,16,10,0x0369098915a6bcd0c4181ca96b5179ca15b69779,1,107.8043,likizju.eth,100000000,14198201
162,317,10,0x54becc7560a7be76d72ed76a1f5fee6c5a2a7ab6,1,956283.4068035751,simona.eth,100000000,14198201
163,364,10,0x6432c098bfeda15dd4d0692c46bdb43091a95171,1,310.8376,casslin.eth,100000000,14198201
164,220,10,0x3f60008dfd0efc03f476d9b489d6c5b13b3ebf2c,1,2132.4861213586537,traversa.eth,100000000,14198201
165,335,10,0x5a1d1fac4b19162408a795bf385a95cd4692c2c9,1,2630.48,,100000000,14198201
166,332,10,0x59d6779eca6c91ed7679e261b54299b5155eadf0,1,380.81766449899993,モノノフ.eth,100000000,14198201
167,247,10,0x4a5b536a613e69f43a52f6aa7a7f3765428329ad,1,569.4329740590489,coinqt.eth,100000000,14198201
168,721,10,0xee0579b4c36fd52ec0a2b542fb801f136838b7f1,1,1877.677624240368,sirlupinwatson.eth,100000000,14198201
169,55,10,0x0f0d49fd19ee4a83455d414f79de823bed0b4351,1,0.0,the-force.eth,100000000,14198201
170,230,10,0x41d2a18e1ddacdabfddadb62e9aee67c63070b76,1,5727.509361483478,omnianalytics.eth,100000000,14198201
171,744,10,0xf503017d7baf7fbc0fff7492b751025c6a78179b,1,185552.53915823926,trueblocks.eth,100000000,14198201
172,705,10,0xeaa19171c4ff0bc2a6379aa1ea8fc2eec869688b,1,10.47726858,bigmom.sismo.eth,100000000,14198201
173,584,10,0xb4ad5aabb5bf325f870dc347d79c255dceaa1e88,1,24.0843,,100000000,14198201
174,604,10,0xbd6ff041bf814619bf2c6c36ab9e35a7293a64bd,1,0.0,,100000000,14198201
175,263,10,0x4c7909d6f029b3a5798143c843f4f8e5341a3473,1,1000.0,,100000000,14198201
176,259,10,0x4c0a466df0628fe8699051b3ac6506653191cc21,1,1347955.1686475768,trent.eth,100000000,14198201
177,163,10,0x2b888954421b424c5d3d9ce9bb67c9bd47537d12,1,1013200.9730633531,lefteris.eth,100000000,14198201
178,430,10,0x7e052ef7b4bb7e5a45f331128afadb1e589deaf1,1,4292.657893487325,kris.eth,100000000,14198201
179,503,10,0x8d07d225a769b7af3a923481e1fdf49180e6a265,1,163659.24014743135,monetsupply.eth,100000000,14198201
180,626,11,0xc7df6c8a2d851d20bc32238b26f886db7e1949da,1,1.0907,crazywriter-süse.eth,100000000,14198201
181,216,11,0x3e31155a1c17c9f85e74828447aec412090a4622,1,234.19,,100000000,14198201
182,460,11,0x839395e20bbb182fa440d08f850e6c7a8f6f0780,1,949263.3210563784,griff.eth,100000000,14198201
183,545,11,0xa30ab83e693ad49f3f651085dad11d049c818923,1,190615.63460684603,,100000000,14198201
184,410,11,0x73186b2a81952c2340c4eb2e74e89869e1183df0,1,161782.45814588616,amyjung.eth,100000000,14198201
185,431,11,0x7e052ef7b4bb7e5a45f331128afadb1e589deaf1,1,4292.657893487325,kris.eth,100000000,14198201
186,333,11,0x59d6779eca6c91ed7679e261b54299b5155eadf0,1,380.81766449899993,モノノフ.eth,100000000,14198201
187,706,11,0xeaa19171c4ff0bc2a6379aa1ea8fc2eec869688b,1,10.47726858,bigmom.sismo.eth,100000000,14198201
188,722,11,0xee0579b4c36fd52ec0a2b542fb801f136838b7f1,1,2221.157624240368,sirlupinwatson.eth,100000000,14198201
189,745,11,0xf503017d7baf7fbc0fff7492b751025c6a78179b,1,185220.7996582403,trueblocks.eth,100000000,14198201
190,318,11,0x54becc7560a7be76d72ed76a1f5fee6c5a2a7ab6,1,950899.9008678645,simona.eth,100000000,14198201
191,248,11,0x4a5b536a613e69f43a52f6aa7a7f3765428329ad,1,569.4329740590489,coinqt.eth,100000000,14198201
192,504,11,0x8d07d225a769b7af3a923481e1fdf49180e6a265,1,163681.89563467118,monetsupply.eth,100000000,14198201
193,164,11,0x2b888954421b424c5d3d9ce9bb67c9bd47537d12,1,1047984.4641484224,lefteris.eth,100000000,14198201
194,146,11,0x2a40aaf3e076187b67ccce82e20da5ce27caa2a7,1,0.0,jackli.eth,100000000,14198201
195,366,11,0x66aa8bee5366b6b48811ae0dac9fe5e1eefe1621,1,148.139,benglobal.eth,100000000,14198201
196,12,11,0x02eb89d2ff910989024e19673f8302a695bbd979,1,21641.018081454968,,100000000,14198201
197,634,11,0xc9a238405ef9d753d55ec1eb8f7a7b17b8d83e63,1,650.6766184510556,huxwell.eth,100000000,14198201
198,334,12,0x59d6779eca6c91ed7679e261b54299b5155eadf0,1,380.81766449899993,モノノフ.eth,100000000,14198201
199,707,12,0xeaa19171c4ff0bc2a6379aa1ea8fc2eec869688b,1,10.47726858,bigmom.sismo.eth,100000000,14198201
200,432,12,0x7e052ef7b4bb7e5a45f331128afadb1e589deaf1,1,754403.4408045984,kris.eth,100000000,14198201
201,221,12,0x3f60008dfd0efc03f476d9b489d6c5b13b3ebf2c,1,1215.098938007371,traversa.eth,100000000,14198201
202,71,12,0x10d6d2e343281d388291a3e02f3293aaeda67178,1,1063658.3323667715,helloshreyas.eth,100000000,14198201
203,461,12,0x839395e20bbb182fa440d08f850e6c7a8f6f0780,1,1088599.574291863,griff.eth,100000000,14198201
204,320,12,0x54c375c481f95ba43e2cecd6ef30631f55518f57,1,305.6918701244839,pigou.eth,100000000,14198201
205,167,12,0x2d19f32620f647d08fa8b9a0fa5206fae15c0ed5,1,5.857900646356412,tangyuan.eth,100000000,14198201
206,356,12,0x5e349eca2dc61abcd9dd99ce94d04136151a09ee,1,1480394.6672485904,lindajxie.eth,100000000,14198201
207,264,12,0x4c7909d6f029b3a5798143c843f4f8e5341a3473,1,1000.0,,100000000,14198201
208,357,13,0x5e349eca2dc61abcd9dd99ce94d04136151a09ee,1,1457577.367394191,lindajxie.eth,100000000,14198201
209,186,13,0x34aa3f359a9d614239015126635ce7732c18fdf3,1,1643983.2995381355,austingriffith.eth,100000000,14198201
210,439,13,0x809fa673fe2ab515faa168259cb14e2bedebf68e,1,1052727.1036884435,avsa.eth,100000000,14198201
211,391,13,0x6bf1eba9740441d0a8822eda4e116a74f850d81b,1,1388.834469744395,phutchins.eth,100000000,14198201
212,746,13,0xf503017d7baf7fbc0fff7492b751025c6a78179b,1,335264.7096582403,trueblocks.eth,100000000,14198201
213,319,13,0x54becc7560a7be76d72ed76a1f5fee6c5a2a7ab6,1,1544869.173389024,simona.eth,100000000,14198201
214,462,13,0x839395e20bbb182fa440d08f850e6c7a8f6f0780,1,929297.870101872,griff.eth,100000000,14198201
215,447,13,0x834742dde5dfd852ee151914c89505f68af161be,1,1.0,mingliang.eth,100000000,14198201
216,72,14,0x10d6d2e343281d388291a3e02f3293aaeda67178,1,1063025.933784445,helloshreyas.eth,100000000,14198201
217,32,14,0x06c4865ab16c9c760622f19a313a2e637e2e66a2,1,2.0,aevolve.eth,100000000,14198201
218,747,14,0xf503017d7baf7fbc0fff7492b751025c6a78179b,1,335264.7096582403,trueblocks.eth,100000000,14198201
219,593,14,0xb86c267d0b02a961caf3a6b530f3e1542612a6f2,1,5.0,sjtuer.eth,100000000,14198201
220,392,14,0x6bf1eba9740441d0a8822eda4e116a74f850d81b,1,1378.834469744395,phutchins.eth,100000000,14198201
221,365,14,0x66300889afb808626498c28e3811bb9b06a014ad,1,16.54467083905958,marcinspro.eth,100000000,14198201
222,472,14,0x883753beab357a2c29f3766c6ad158e72a78ce51,1,0.0,elimu.eth,100000000,14198201
223,463,14,0x839395e20bbb182fa440d08f850e6c7a8f6f0780,1,929297.870101872,griff.eth,100000000,14198201
224,546,14,0xa30ab83e693ad49f3f651085dad11d049c818923,1,188912.1161486136,,100000000,14198201
225,358,14,0x5e349eca2dc61abcd9dd99ce94d04136151a09ee,1,1457527.367394191,lindajxie.eth,100000000,14198201
226,505,14,0x8d07d225a769b7af3a923481e1fdf49180e6a265,1,163046.89563467118,monetsupply.eth,100000000,14198201
227,113,14,0x1f9fbd2f6a8754cd56d4f56ed35338a63c5bfd1f,1,391.0608,hjort.eth,100000000,14198201
228,274,15,0x4ec6bea134099b42f1cc9542aa26c98c0dfee264,1,36.5513,cemgundogan.eth,100000000,14198201
229,506,15,0x8d07d225a769b7af3a923481e1fdf49180e6a265,1,163046.89563467118,monetsupply.eth,100000000,14198201
230,73,15,0x10d6d2e343281d388291a3e02f3293aaeda67178,1,1063025.933784445,helloshreyas.eth,100000000,14198201
231,117,15,0x20316e8a4818326a504bbbf96d476d6c94b1c4b2,1,36.98056705556507,zj-b1.eth,100000000,14198201
232,522,16,0x96a7bfd2739c2b5c05c094e6b50ba65e770ab138,1,0.02,,100000000,14198201
233,402,16,0x6f1fd6ba42f11799913e6a91b6458ea9cd6887ca,1,0.02,,100000000,14198201
234,448,16,0x839395e20bbb182fa440d08f850e6c7a8f6f0780,1,929553.092909038,griff.eth,100000000,14198201
235,684,16,0xe1f581ae7aa4f593f30b0722806b2631b4255da8,1,0.02,,100000000,14198201
236,404,16,0x7003d62e923e647658d274bf967b47696a69e574,1,0.003,,100000000,14198201
237,673,16,0xd99b6ab349c2c11aa96c6f2a1404cfd33384f5c0,1,0.02,,100000000,14198201
238,406,16,0x729d418146e2abbe73e7fc480f358bce454cd2c7,1,0.0137,,100000000,14198201
239,532,16,0x9c8c14c08d6cea7fed381f585d68063d51b66bfb,1,0.0168,,100000000,14198201
240,671,16,0xd7531b907f0429980828f8b65029ea1ba1d85515,1,0.02,,100000000,14198201
241,407,16,0x72c8353cdd7dc1f3d240a699042e8e63a4e0eb9d,1,0.0162,,100000000,14198201
242,488,16,0x8cc2c2b764d5a0e76e45af8bd037bd989a16b2c9,1,0.0102,,100000000,14198201
243,412,16,0x736a794e2cd1b042e41b416e5e2083584bea2712,1,0.0166,,100000000,14198201
244,413,16,0x73ff47c09efa4a2cb385c730a4adff967321b93d,1,0.02,,100000000,14198201
245,536,16,0x9fe9c540b222689ce947197a275ffd3deed5d787,1,0.0159,,100000000,14198201
246,300,16,0x54becc7560a7be76d72ed76a1f5fee6c5a2a7ab6,1,1548866.1063336115,simona.eth,100000000,14198201
247,415,16,0x74959bf4bac22664f7d0fd03596e7d3da397c009,1,0.02,,100000000,14198201
248,538,16,0xa1d86fa5e35d7f9cb6f43ee8a5db3499a3fda421,1,0.0146,,100000000,14198201
249,416,16,0x74999ec4c27daaedaa9a953ed371f640c911ec38,1,0.02,,100000000,14198201
250,539,16,0xa2700beb3b465e67e24f1d9dfa4f3e20b51cfd61,1,0.02,,100000000,14198201
251,418,16,0x7561d093b584d5b3f9e8969f6a70acbfef58d249,1,0.0135,,100000000,14198201
252,669,16,0xd6f06053661e92313ae026054f2f4f8a708b0789,1,0.0172,,100000000,14198201
253,677,16,0xdcc3949e1741c7f4acff402db68f2c64c1ee8f02,1,0.02,,100000000,14198201
254,421,16,0x77bd9e328b427889fa23bd3b13ea8824c1f24bb2,1,0.02,,100000000,14198201
255,425,16,0x7ab89e577bce4c35ecd7546f758f1c41f9777ccf,1,0.02,,100000000,14198201
256,427,16,0x7aff62aeef41384409717537a7eefaab7318ce6f,1,0.02,,100000000,14198201
257,433,16,0x7e3f41e32b85799c75327f883362af32a2d3e7e4,1,0.0115,,100000000,14198201
258,434,16,0x7e49a9563601eaaad6794658355516e4ce7539f3,1,0.02,,100000000,14198201
259,435,16,0x8073c62366973b9960f4561f6a72c5826b75e828,1,21.2585,futurafree.eth,100000000,14198201
260,414,16,0x744208576858aa6bfcd705beb4f8d0b45bbb8d4d,1,0.02,,100000000,14198201
261,526,16,0x98fc6112749f7663cc537ca3330af68109891c09,1,0.02,,100000000,14198201
262,399,16,0x6e03f76fb77c3b27a1742bbab1ffa6ab4907ed5b,1,0.02,,100000000,14198201
263,480,16,0x8aef1645d9c40e5e0b770077e3a595175f28a4e7,1,0.02,,100000000,14198201
264,655,16,0xd08fef876978527ccd11afda95b6a5ad2a8bee57,1,0.02,,100000000,14198201
265,520,16,0x9471f3334397514f838675eca6a994d90254e6c1,1,0.0171,,100000000,14198201
266,519,16,0x938e3b0e9e70607c50c2629fa434b9a4e5f28421,1,0.02,,100000000,14198201
267,326,16,0x5869cecfc285e2cbd115f69df3495927dc763794,1,0.02,,100000000,14198201
268,325,16,0x575b498f184aa6785efd25fe68f3702e2157e8c6,1,0.0148,,100000000,14198201
269,324,16,0x5712171abca3743563a4594430b4cfe123711d9e,1,0.02,,100000000,14198201
270,323,16,0x57037b585567535ff910fad7f3f1e687958cbc5a,1,0.02,,100000000,14198201
271,703,16,0xe95a51277b86b34c654ccb1dd61a5d39d40b45c5,1,0.02,,100000000,14198201
272,674,16,0xdbabf33f0d2464c9ac403acb67ef0e3340a0c031,1,0.0104,,100000000,14198201
273,517,16,0x920eb9085e77ac5ad037bed5e90928ff1e33e885,1,0.02,,100000000,14198201
274,516,16,0x91a472abe81fb977f36e5253b41b8fd33a2dde28,1,0.0123,,100000000,14198201
275,514,16,0x905c1a4eb2a84cb864c6909499ba202a03f0aa17,1,0.02,,100000000,14198201
276,511,16,0x8f180fd387cfe63b77bfb09c07995464cf3e7d7f,1,0.02,,100000000,14198201
277,360,16,0x5e625fe8b18a18823795308015e6734e9f125720,1,0.02,,100000000,14198201
278,362,16,0x60940e44372ab21e66e30494c9f09b4e154b5143,1,0.02,,100000000,14198201
279,510,16,0x8efac00816e675e5b4b418c7c718cd463cbb6a59,1,0.0153,,100000000,14198201
280,371,16,0x66eae57797dbd63921e1ddb4dee25e9f4b22bc35,1,0.02,,100000000,14198201
281,375,16,0x6806f5a7d35f6b31f8cee5799fa7f70571b0d2b6,1,0.02,,100000000,14198201
282,695,16,0xe7481ee7af22f443303572cccf28a4a73a21bbe7,1,0.018000000000000002,,100000000,14198201
283,694,16,0xe66e4b4f43b6c7e7df71c0e325ad6797f3e66b3f,1,0.02,,100000000,14198201
284,379,16,0x696ceb745c4e909e872c9a5824a708154e44307a,1,0.0139,,100000000,14198201
285,380,16,0x6a7507970726809f79950d2cee4404b53acbd07b,1,0.006,,100000000,14198201
286,766,16,0xfea0b67bd8874681dca1973211cde2b362b13aa7,1,0.02,,100000000,14198201
287,692,16,0xe4deac4c2b075ee64814483d9038daaf83542f71,1,0.02,,100000000,14198201
288,679,16,0xde1678747ba2d5e61dac8f09c3a6a5315cc663f5,1,0.0164,,100000000,14198201
289,690,16,0xe46b1c63fb77ae9edb98e9eae87347fb61119aee,1,0.02,,100000000,14198201
290,395,16,0x6cf42e7e57b83aec88621173cdbe20d2261845d0,1,0.02,,100000000,14198201
291,678,16,0xdd913332c4779fefa9e72bf8b0d2613d6ad19663,1,0.02,,100000000,14198201
292,398,16,0x6d44f7fadaa7464fcb6c232693e4d889888066c9,1,0.02,,100000000,14198201
293,704,16,0xe96d806c830bb3f108eb51479a66edb31a3c1ab4,1,0.02,,100000000,14198201
294,767,16,0xffd3f0393f7bb8daa930668a51b885d48476abec,1,0.02,,100000000,14198201
295,237,16,0x4851a5e65e1e41291ac4d0770e72c4668e7d144c,1,0.0158,,100000000,14198201
296,147,16,0x2ac6d067926e4e6070cb0ec211f553e5ab1c9612,1,0.02,,100000000,14198201
297,107,16,0x1da76d5b2dae08818047e20f10767a49685a4432,1,0.0149,,100000000,14198201
298,602,16,0xbc9a6ebad551bc82b57d783cbefa8fc90cdbde3a,1,0.02,,100000000,14198201
299,105,16,0x1c750cbacea0d97dfa830014b927cc3d64b41b5c,1,0.02,,100000000,14198201
300,104,16,0x1b9f2c45d8d62e00d12c34ce1f9ba0232fa12b20,1,0.02,,100000000,14198201
301,103,16,0x1b0a44958b9d970947a5c8fbbc6ddbe53325df76,1,0.0143,,100000000,14198201
302,603,16,0xbd22f178cebac09fb4d4508c682fec1a18700dc7,1,0.02,,100000000,14198201
303,664,16,0xd471a840ec81be3ce5e1325413581a1eaf5dcc11,1,0.02,,100000000,14198201
304,600,16,0xbbae80a1d2ea6ae0dce2ced1cff1b903e8cfea63,1,0.02,,100000000,14198201
305,90,16,0x17ea86b6baa237c01cc0af7595c931d6d5442cf9,1,0.02,,100000000,14198201
306,88,16,0x1644621b1337676a1d2b0878c8d87148d960570b,1,0.0134,,100000000,14198201
307,87,16,0x16195ab399c18d608000011dc1b639b409a30b21,1,0.015,,100000000,14198201
308,86,16,0x16151dacfa22e483412af76e6f9484c0161c9549,1,0.02,,100000000,14198201
309,85,16,0x159b145e3b4a6e44c30ee2b310db3ad0716cfb8d,1,0.02,,100000000,14198201
310,607,16,0xbfc4ee67d03dd3450e9e53137b8db0a347cd086a,1,0.0188,,100000000,14198201
311,82,16,0x144ac9e3c06205220a7d40e88cc81912a34cc86d,0,0.02,,100000000,14198201
312,608,16,0xc1563d51c3cdae5bbbff9bc8f1c37a1ea50950fc,1,0.0103,,100000000,14198201
313,606,16,0xbe6e8588a539c015c32b947deebbae6ba7ea6419,1,0.02,,100000000,14198201
314,663,16,0xd43c50231c2d4273d968e649d2112e78cffaeb99,1,0.02,,100000000,14198201
315,112,16,0x1ed2c3edaf1d4ce024cd6ec27b922d52294c49cb,1,0.0163,,100000000,14198201
316,598,16,0xbb498ce39dfbe7038eb6fc4064998fe0b8e533db,1,0.0121,,100000000,14198201
317,165,16,0x2c0f9eb60ee7fdb702d47d2cc9f7c6ae88b20999,1,0.02,,100000000,14198201
318,585,16,0xb4da408106a7545130e64c559ecb65fdce8c21ef,1,0.02,,100000000,14198201
319,589,16,0xb606fdf543b3397bd0e6559b693ae8d60da4a46a,1,0.02,,100000000,14198201
320,591,16,0xb860bf346ebfd675c8aa521e9b8e6ac352babac6,1,0.0154,,100000000,14198201
321,543,16,0xa30ab83e693ad49f3f651085dad11d049c818923,1,174907.7914486156,,100000000,14198201
322,145,16,0x29b183fe5d4210f0ddf4301fd8c404e772d6ba12,1,0.0138,,100000000,14198201
323,140,16,0x2684091777c5b34415de038afbbe5d995bcc4fd4,1,0.0118,,100000000,14198201
324,114,16,0x1fd8d513b0a485365066ac95bfd25ff37ddf84c2,1,0.02,,100000000,14198201
325,139,16,0x24e84cf44ffba84185900d83566a37611a670e0c,1,0.0128,,100000000,14198201
326,594,16,0xb883c400a2a709e3cf20245ce76c2327f28e3740,1,0.02,,100000000,14198201
327,136,16,0x244201f97d6f67d77ff7389dc14c8155a8fd7921,1,0.017,,100000000,14198201
328,135,16,0x243ee1364d3023075dd3bacd9ef31d7f57f8a788,1,0.01991,,100000000,14198201
329,134,16,0x241c7a73b6d886a995bf704f408f998b5fcaeda8,1,0.02,,100000000,14198201
330,595,16,0xb9366fe9429c75e0d45726abb2d52c5db6aa4e85,1,0.0169,,100000000,14198201
331,596,16,0xbae00268df54cbd6e689de1ea3b2aafa52dd19a9,1,0.0105,,100000000,14198201
332,124,16,0x22aaf8a798b34a0b24527f838acf9f65e0d720dc,1,0.0175,,100000000,14198201
333,138,16,0x24dc4ed3dc259de95925a13081c0ecf37ffbd683,1,0.01992,,100000000,14198201
334,169,16,0x2faad2f292522ae6c85abf4f5048f3e32e6570ef,1,0.0127,,100000000,14198201
335,76,16,0x13022056cfacee5b94a8226293fa4530447d5d64,1,0.0131,,100000000,14198201
336,74,16,0x115b463d167cf26acdb68a7d062d2c1188f44ff6,1,0.0117,,100000000,14198201
337,660,16,0xd311f7431e960075b31e4debaeefcb5159db85ca,1,10.02,,100000000,14198201
338,22,16,0x05abc2cdbee2cd9be07433778f655da062d4c9ac,1,0.02,,100000000,14198201
339,645,16,0xcc4c1346484722e25b19dbb6a5d8c2d959cd43b8,1,0.0112,,100000000,14198201
340,18,16,0x054b81d3f3a26df142bf3f60961483e14f3f5d59,1,0.03,,100000000,14198201
341,15,16,0x03652b73bee719a69544d3e8b4c0f856658dbbaa,1,0.02,,100000000,14198201
342,14,16,0x0325db65a18c98f1227ea14bcf05a4039ab36b29,1,0.0125,,100000000,14198201
343,658,16,0xd1c1d05bc374d6c842197a7d2668eb9e4f53c2db,1,0.02,,100000000,14198201
344,636,16,0xca3470f4477de9280ca4f8ecb5240cf464b40f71,1,0.02,,100000000,14198201
345,759,16,0xfa8118fec97722451e36e84be84c37dd960a1ef2,1,0.02,rocut.eth,100000000,14198201
346,761,16,0xfb6430c4fe0b170202402db422bc1d720fb49671,1,0.02,,100000000,14198201
347,657,16,0xd102ee10cc56d2ee949f1ab1bc25453a6feaed7d,1,0.02,,100000000,14198201
348,650,16,0xcfb17c5f697af3e068cd98febef5f0486393f11c,1,0.0142,,100000000,14198201
349,651,16,0xd03e3cfe79fcd021a1721f591e3ae1f358eeb20d,1,0.0161,,100000000,14198201
350,764,16,0xfd18ef8cad226fe63ccc55e4246cd6c4e8161c7e,1,0.013000000000000001,,100000000,14198201
351,652,16,0xd046c54417cc29bef804e88d799560a8a4b6332b,1,0.0116,,100000000,14198201
352,654,16,0xd08f4ab23fc593d065d382a4f2f45b9f93097001,1,0.0141,,100000000,14198201
353,760,16,0xfb37cd65f1fec10489a6725a44c03f3042aeff57,1,0.02,,100000000,14198201
354,662,16,0xd357a7e5c94f46dfbc3c05033b1ff97926a4e4dc,1,0.02,,100000000,14198201
355,756,16,0xf7b1eb8292d7ffecd8ed04eb07890216491aa67d,1,0.0144,,100000000,14198201
356,38,16,0x072c59b2284d6766a9b486cc69ccdc12a801dc59,1,0.02,,100000000,14198201
357,751,16,0xf51075362e48552f241c6e5a87b3bc98e8701234,1,0.02,,100000000,14198201
358,618,16,0xc33eed63fe5830378f127d0f08c2b0f6ac429494,1,0.0173,,100000000,14198201
359,62,16,0x10d6d2e343281d388291a3e02f3293aaeda67178,1,1063025.933784445,helloshreyas.eth,100000000,14198201
360,61,16,0x0f87452a7eac3bcfe90fe4187d2f922d1d6699ae,1,0.0108,,100000000,14198201
361,619,16,0xc3ba6babbeecc28c34f04a5dfbaff4a18410e289,1,0.013999999999999999,,100000000,14198201
362,620,16,0xc52d24a78207b8c380d9b0ac2e5ec699dad04241,1,0.0107,,100000000,14198201
363,621,16,0xc54c577729bb114c7838fb839a74321c9d04efd1,1,0.02,,100000000,14198201
364,33,16,0x06c7b32ab075bd756f7887b7c16c739621e90895,1,0.0167,,100000000,14198201
365,622,16,0xc5c23df5e5d70aa181e7a00733eea041b9623903,1,0.009994,,100000000,14198201
366,753,16,0xf6124badcbccd0a6512ae9cc5ca6dba3a7cdefbb,1,0.02,,100000000,14198201
367,623,16,0xc5cf8fdd07c1eeab8a193b5145aa403ec084b71a,1,0.02,,100000000,14198201
368,624,16,0xc68f835106b588ad7946729d7ab2712c0cd2ffed,1,0.01993,,100000000,14198201
369,627,16,0xc7e6bbf6dbe78b40640385e73dc1958f4428fb3e,1,152222.29161259724,tobyshorin.eth,100000000,14198201
370,45,16,0x0b8e5fd8815d5995a42cc6f5b652d183f4057f01,1,0.02,,100000000,14198201
371,44,16,0x0b722a091442551d5571d14083846e7c3873ded9,1,0.0122,,100000000,14198201
372,41,16,0x0897ad2a24f9f54e31af325744ff2e1f7d64bb44,1,0.011000000000000001,,100000000,14198201
373,53,16,0x0d3da428dd261410aab95ef751ebb0b0f6f04c0d,1,0.0109,,100000000,14198201
374,170,16,0x300d76a6764a3d58f3ad330aa2277e2d31d54708,1,0.0113,,100000000,14198201
375,685,16,0xe37122b502dc52b8baa11c9c041939cead722031,1,0.0129,,100000000,14198201
376,223,16,0x3fbb9f73c664638e3197f9cfd44a17468962cff4,1,0.0119,,100000000,14198201
377,209,16,0x3cebae03e29ef29b515eac65c696c2f344932704,1,0.02,,100000000,14198201
378,210,16,0x3d0cc91049c386cb60f81d181d9b6890a2586f8f,1,0.0178,,100000000,14198201
379,723,16,0xee36a6023fb60606982673f208344793dea4574a,1,0.0114,,100000000,14198201
380,215,16,0x3dcb29343695c2472b2e34299d348894bc230290,1,0.02,,100000000,14198201
381,218,16,0x3f40ea90d8a23cc95b98a01b3295fb9059fa6c8c,1,0.02,,100000000,14198201
382,709,16,0xeb0ad1099f5e12968d41c04f8a22e6dbb0f65702,1,0.02,,100000000,14198201
383,222,16,0x3f9860ec9361b1d3a9587e9950632aa976b2beb4,1,0.02,,100000000,14198201
384,583,16,0xb4a3ac905164bf9e8dff4b6f04b1eab55814642a,1,0.08,,100000000,14198201
385,271,16,0x4d70990f98551b89a3c72734bfea31dd914da2bd,1,0.016,,100000000,14198201
386,668,16,0xd67d2f08cbc0e3b4cd6db121b5e0c0e5425268a2,1,0.0187,,100000000,14198201
387,562,16,0xab4d02267bb843c7f51ed34b698e18ba276dd9b5,1,0.0156,,100000000,14198201
388,227,16,0x4139fe019502af177eb3060460887be9aa2fa5e0,1,0.02,,100000000,14198201
389,713,16,0xeda63e40351544fba32c910e0a90ab1e30e376d4,1,0.02,,100000000,14198201
390,229,16,0x4169c8819a3105bcb766e5fdbf12c97aee09bdb6,1,0.0165,,100000000,14198201
391,231,16,0x427bd8e086a204e4085c4554cfc48b2ed44e602d,1,0.02,,100000000,14198201
392,232,16,0x42f09c50cb4b7deea5d51f5539dab08f65aa299a,1,0.0151,,100000000,14198201
393,234,16,0x446c70bf2f50f432f549775ded255e7bf9fa27f6,1,0.02,,100000000,14198201
394,552,16,0xa64eee5982d0af699c00b1eabfb01747c89780b4,1,0.0147,,100000000,14198201
395,553,16,0xa740ce8f73cfea4789b3a5d9024113f7818b2e0b,1,0.0157,,100000000,14198201
396,252,16,0x4b77909b88acd29d364fa4b3cc8ac9464aa9e32a,1,0.02,,100000000,14198201
397,251,16,0x4b7389c67d8dbeead35979edc7c5fa27226eb9b8,1,0.02,,100000000,14198201
398,250,16,0x4af997f78067dc2458cde261ffab863afa5cc357,1,0.0106,,100000000,14198201
399,249,16,0x4a706cfc1a4440b785458a1e3ba45a10c344e5dd,1,0.02,,100000000,14198201
400,567,16,0xac8e9cbcd6120f2a09eaa3a73d7e140995337346,1,0.0101,,100000000,14198201
401,255,16,0x4b93340bde2b254f21b1591ca8dab7b58945ad39,1,0.02,,100000000,14198201
402,260,16,0x4c164c5301addb304193146bd350c98a6950f1ae,1,0.0189,,100000000,14198201
403,239,16,0x48766d7cc59cc496fc71e0071fbee96664f30355,1,0.02,,100000000,14198201
404,238,16,0x4854a08947b94b24a4f0f3d6c35788c38c74507c,1,0.0177,,100000000,14198201
405,473,16,0x885ac62415e534665e80ca205290a3798da91159,1,0.02,,100000000,14198201
406,236,16,0x483034ddc7f555a48c939df1d0f3bdd7c9af043c,1,0.02,,100000000,14198201
407,714,16,0xee0579b4c36fd52ec0a2b542fb801f136838b7f1,1,2807.617624240368,sirlupinwatson.eth,100000000,14198201
408,554,16,0xa9a3e9f8c50a97a872ecd7418e2efeed82946241,1,0.0124,,100000000,14198201
409,277,16,0x500d1ad4a32708004d9ceb3e3c56e20d8d9260ed,1,0.01,,100000000,14198201
410,667,16,0xd53b399bf34305d1cd665c2b092d787c8a5e45b7,1,0.0174,,100000000,14198201
411,569,16,0xaca7a415f073fed0808749e048f85016c39188fd,1,0.02,,100000000,14198201
412,568,16,0xac8efff8b4ecef9f6704c38425d96a7048d938ed,1,0.02,,100000000,14198201
413,577,16,0xb2ed6de66f527a88fee596a5f7ddcc30c5031571,1,0.0179,,100000000,14198201
414,187,16,0x351a7ff8d9d4b5c237cc806bf173a9e0e450f2c6,1,0.02,,100000000,14198201
415,578,16,0xb302560a220d1adcc69c5f8d19279f572555b01b,1,0.004,,100000000,14198201
416,579,16,0xb35a83bda02c2cb5af44a8afc79431f9c11e505c,1,0.02,,100000000,14198201
417,580,16,0xb427fdbadfc56c4d127d19d532c705e0d5284618,1,0.0133,,100000000,14198201
418,179,16,0x34aa3f359a9d614239015126635ce7732c18fdf3,1,1645487.110858659,austingriffith.eth,100000000,14198201
419,178,16,0x33678ca7d8dd7ef76202459f91fe6bd852280063,1,0.02,,100000000,14198201
420,177,16,0x32e9c9397e6257bce4d9e47cf7e697059f22661c,1,0.04,,100000000,14198201
421,279,16,0x50c0dbacf5d99cdd70e57dfd26d43fff89f9b4f2,1,0.02,,100000000,14198201
422,547,16,0xa319744f71038a8602a5bae5f72656bb77906e79,1,0.012,,100000000,14198201
423,582,16,0xb4a2b428f5f46772abc83b553e4ed7bc6e096378,1,0.0182,,100000000,14198201
424,173,16,0x308d97b4a3e893baaf56bb28fc6cbc7f764184dd,1,0.0152,,100000000,14198201
425,282,16,0x521aacb43d89e1b8ffd64d9ef76b0a1074dedaf8,1,9209.559521063211,bobjiang.eth,100000000,14198201
426,172,16,0x307c997be2ee5f5d11bc92cd9915f93111146af0,1,0.02,,100000000,14198201
427,191,16,0x3747d4e3ef8daa960f1fe6e59fe463dbd9b0bdae,1,0.02,,100000000,14198201
428,192,16,0x37e324299c5c0011c36713e85029a3cd7810fe30,1,0.02,,100000000,14198201
429,190,16,0x36d48ebd2dac635f30b3ca76f970346e27519766,1,0.01,,100000000,14198201
430,278,16,0x50391a21cd153598bf1460d7d1efc0947e5f8e96,1,0.0132,,100000000,14198201
431,570,16,0xad15775933be166b389a9a660e8410d06084fbbb,1,0.02,,100000000,14198201
432,194,16,0x39ac673d8661f671fa0a67660ad02c782fc3105d,1,0.0176,,100000000,14198201
433,728,16,0xef3eb5dc534e6c1f690b2fdecc8c1594f133eecd,1,0.0136,,100000000,14198201
434,727,16,0xef39c8919373de11e888e9faf9fc5f71e4d015b8,1,0.0111,,100000000,14198201
435,202,16,0x3cbecafdb1ba14e85cc401a1d99f6b87dd40ebd7,1,0.0185,,100000000,14198201
436,574,16,0xb13acd5784a535ff854297f0445769efc200cb9f,1,0.0145,,100000000,14198201
437,200,16,0x3c9b541d0317276a05b9512266b8eae233c8e7f0,1,0.0181,,100000000,14198201
438,199,16,0x3c672e679e47b5cc69c93eb3df5b5bf733cf8d4c,1,0.0126,,100000000,14198201
439,665,16,0xd4a7385d50fa958d66d0df590e3204211a6027e0,1,0.02,,100000000,14198201
440,201,16,0x3cabc8cf68fde5b84bb21b5db1a7c1b43a3a5922,1,0.0155,,100000000,14198201
441,372,17,0x67149c6a2aa490636948b084d88dde8a958ca269,1,0.0,cxsyt.eth,100000000,14198201
442,590,17,0xb698419e8887a24f2db0e271833a051fc5caa814,1,0.0,,100000000,14198201
443,632,17,0xc896e7c0ad9a8f9c787b5bbedceeba259c912d72,1,0.0,bhbtc.eth,100000000,14198201
444,321,17,0x5681ff2150b6e39e00d972598fdb8a19d761f506,1,0.0,level6.eth,100000000,14198201
445,24,17,0x06c4865ab16c9c760622f19a313a2e637e2e66a2,0,2.0,aevolve.eth,100000000,14198201
446,422,17,0x78b3367b0f547cd16bac453f788956afce92447b,1,320.9666,firebirdcoin.eth,100000000,14198201
447,127,17,0x23c4111d6f85de542dd8ad911c7c3cc66e98faa7,0,25.0,fateswing.eth,100000000,14198201
448,25,18,0x06c4865ab16c9c760622f19a313a2e637e2e66a2,0,2.0,aevolve.eth,100000000,14198201
449,128,19,0x23c4111d6f85de542dd8ad911c7c3cc66e98faa7,0,25.0,fateswing.eth,100000000,14198201
450,26,19,0x06c4865ab16c9c760622f19a313a2e637e2e66a2,0,2.0,aevolve.eth,100000000,14198201
451,302,20,0x54becc7560a7be76d72ed76a1f5fee6c5a2a7ab6,1,1397162.8815761162,simona.eth,100000000,14198201
452,687,20,0xe40987f8ca51d3f72947400a7459e66db2715bc1,1,101.0,chenwentao.eth,100000000,14198201
453,275,20,0x4fa4167b3c94a80416bbc768fb919bf3ace9f8c2,1,1e-06,jjjjjaxdeng.eth,100000000,14198201
454,711,20,0xec0a73cc9b682695959611727da874afd8440c21,1,0.0,fahim.eth,100000000,14198201
455,261,20,0x4c22a285896e500ab8a85fc372e56f2c990794c3,1,0.0,,100000000,14198201
456,696,20,0xe7cf8fce5e83e07e56e2ebfeb7651f459c47217b,1,202.06203230657718,kingrf.eth,100000000,14198201
457,628,20,0xc7e6bbf6dbe78b40640385e73dc1958f4428fb3e,1,152202.34881259725,tobyshorin.eth,100000000,14198201
458,166,20,0x2caaab9cf5381309f768b38849ff2bf180ac81e0,1,477.2194849536171,,100000000,14198201
459,731,20,0xf503017d7baf7fbc0fff7492b751025c6a78179b,1,333283.95104697737,trueblocks.eth,100000000,14198201
460,149,20,0x2b888954421b424c5d3d9ce9bb67c9bd47537d12,1,1025503.7819027888,lefteris.eth,100000000,14198201
461,193,20,0x38430336153468dcf36af5cea7d6bc472425633a,1,0.0,edwardtay.eth,100000000,14198201
462,344,20,0x5e349eca2dc61abcd9dd99ce94d04136151a09ee,1,1454488.2732760122,lindajxie.eth,100000000,14198201
463,748,20,0xf507555538fd0537922e70817780908ad132d3eb,1,101.0,ethforever.eth,100000000,14198201
464,633,20,0xc94cc876a826bc75355569e696cb2304f3434709,1,0.0,,100000000,14198201
465,609,20,0xc2e2b715d9e302947ec7e312fd2384b5a1296099,1,450000.0,kbw.eth,100000000,14198201
466,490,20,0x8d07d225a769b7af3a923481e1fdf49180e6a265,1,162130.21163467222,monetsupply.eth,100000000,14198201
467,224,20,0x4131826eafdcb7dcd855fae9098ec693165f157d,1,173.22,btcking.eth,100000000,14198201
468,559,20,0xab06e86d240a5f515ea6d16c3530c6596f8bb774,1,101.0,95zhizun.eth,100000000,14198201
469,46,20,0x0cf30daf2fb962ed1d5d19c97f5f6651f3b691c1,1,455700.34099999897,fishbiscuit.eth,100000000,14198201
470,242,20,0x4a5b536a613e69f43a52f6aa7a7f3765428329ad,1,11.432359773334625,coinqt.eth,100000000,14198201
471,284,20,0x521aacb43d89e1b8ffd64d9ef76b0a1074dedaf8,1,8558.654041180318,bobjiang.eth,100000000,14198201
472,491,21,0x8d07d225a769b7af3a923481e1fdf49180e6a265,1,162130.21163467222,monetsupply.eth,100000000,14198201
473,560,21,0xab06e86d240a5f515ea6d16c3530c6596f8bb774,1,101.0,95zhizun.eth,100000000,14198201
474,610,21,0xc2e2b715d9e302947ec7e312fd2384b5a1296099,1,450000.0,kbw.eth,100000000,14198201
475,328,21,0x59d6779eca6c91ed7679e261b54299b5155eadf0,1,380.81766449899993,モノノフ.eth,100000000,14198201
476,428,21,0x7e052ef7b4bb7e5a45f331128afadb1e589deaf1,1,1052530.9442078378,kris.eth,100000000,14198201
477,285,21,0x521aacb43d89e1b8ffd64d9ef76b0a1074dedaf8,1,9699.984242015107,bobjiang.eth,100000000,14198201
478,749,21,0xf507555538fd0537922e70817780908ad132d3eb,1,101.0,ethforever.eth,100000000,14198201
479,262,21,0x4c22a285896e500ab8a85fc372e56f2c990794c3,1,0.0,,100000000,14198201
480,150,21,0x2b888954421b424c5d3d9ce9bb67c9bd47537d12,1,1025493.7819027888,lefteris.eth,100000000,14198201
481,697,21,0xe7cf8fce5e83e07e56e2ebfeb7651f459c47217b,1,202.06203230657718,kingrf.eth,100000000,14198201
482,303,21,0x54becc7560a7be76d72ed76a1f5fee6c5a2a7ab6,1,1397162.8815761162,simona.eth,100000000,14198201
483,345,21,0x5e349eca2dc61abcd9dd99ce94d04136151a09ee,1,1454488.2732760122,lindajxie.eth,100000000,14198201
484,47,21,0x0cf30daf2fb962ed1d5d19c97f5f6651f3b691c1,1,455700.34099999897,fishbiscuit.eth,100000000,14198201
485,180,21,0x34aa3f359a9d614239015126635ce7732c18fdf3,1,1793468.3357039941,austingriffith.eth,100000000,14198201
486,225,21,0x4131826eafdcb7dcd855fae9098ec693165f157d,1,173.22,btcking.eth,100000000,14198201
487,688,21,0xe40987f8ca51d3f72947400a7459e66db2715bc1,1,101.0,chenwentao.eth,100000000,14198201
488,732,21,0xf503017d7baf7fbc0fff7492b751025c6a78179b,1,333283.95104697737,trueblocks.eth,100000000,14198201
489,327,22,0x59c9d046d43b28816393825a3688d93b82bdd625,1,0.0005,avantgardefinance.eth,100000000,14198201
490,40,22,0x088355a6cf3f2ea0ccf1832b3c3e377d96a5c9ca,1,0.0005,,100000000,14198201
491,189,22,0x35bf253f60217abf339e9a01e74bd3eefd683ee5,1,0.0001,kokoafinance.eth,100000000,14198201
492,296,22,0x5291f0a0a7c5b27cb4e35baadad4f0776aabb7d9,1,0.0005,,100000000,14198201
493,635,22,0xca234530a0430c6212f8baa9b82ec6586d1363ce,1,0.0005,,100000000,14198201
494,672,22,0xd8f36126a4d2376bc70268f197d50bdc184bd38f,1,0.0005,,100000000,14198201
495,123,22,0x22703a7fe0bba25a8a9d017135219228ffbf0e41,1,0.0005,,100000000,14198201
496,181,22,0x34aa3f359a9d614239015126635ce7732c18fdf3,1,1793390.291303995,austingriffith.eth,100000000,14198201
497,42,22,0x08db79911bb3215ca7406e2b4df23348ea33915a,1,0.0001,grapeprotocol.eth,100000000,14198201
498,304,22,0x54becc7560a7be76d72ed76a1f5fee6c5a2a7ab6,1,1397162.8815761162,simona.eth,100000000,14198201
499,39,22,0x0765e6ced80f1ce50759cbe8aaf878d2417c9d73,1,0.0005,,100000000,14198201
500,754,22,0xf71841c483be037b6504e93680c7fe8e7c705165,1,0.0005,,100000000,14198201
501,298,22,0x54b254684380af671fbfdfbc086591b22c462790,1,0.0,,100000000,14198201
502,174,22,0x30bc11f50ebad6727ba95b719b235d14a757a747,1,0.0005,,100000000,14198201
503,280,22,0x50d3f0b10fec6ea094c0e2714ac293e5261b22a9,1,0.0005,,100000000,14198201
504,329,22,0x59d6779eca6c91ed7679e261b54299b5155eadf0,1,380.81766449899993,モノノフ.eth,100000000,14198201
505,467,22,0x83ff22cfc4876cdffb69f7440651720ce256d615,1,0.0005,,100000000,14198201
506,750,22,0xf507555538fd0537922e70817780908ad132d3eb,1,101.0,ethforever.eth,100000000,14198201
507,661,22,0xd31d7bc74e65c262589a4753fb0735c89c245e9f,1,0.0005,,100000000,14198201
508,226,22,0x4131826eafdcb7dcd855fae9098ec693165f157d,1,173.22,btcking.eth,100000000,14198201
509,561,22,0xab06e86d240a5f515ea6d16c3530c6596f8bb774,1,101.0,95zhizun.eth,100000000,14198201
510,571,22,0xad5e2c17f86d4a92f274ebca50721a7a9683febe,1,0.0005,,100000000,14198201
511,235,22,0x4527dfd6c9341f18f4b8304e6e6cd67e7766389c,1,0.0005,,100000000,14198201
512,58,22,0x0f8361ef329b43fa48ac66a7cd8f619c517274f1,1,0.0,zakk1115.eth,100000000,14198201
513,56,22,0x0f0e7fb7a2ba4df8169e77cada55eb330d36f310,1,0.0005,,100000000,14198201
514,572,22,0xade674fdedf7902836f9e86394d8bc6313ca214a,1,0.0005,,100000000,14198201
515,198,22,0x3b8a113464b5cc65af4bd0f043aab6edf999c84c,1,0.0005,,100000000,14198201
516,197,22,0x3ad33925fe4092099c9cc6e923ba97ab3ae681ae,1,0.0005,,100000000,14198201
517,253,22,0x4b8931d892e6a993d0195c02385a42a66005e58f,1,0.0005,,100000000,14198201
518,254,22,0x4b8ad27ed570255473d8e2cc3a93b189ef06dd06,1,0.0005,,100000000,14198201
519,575,22,0xb15054c02dbc343f47b868e1ffc15adf3e2f7269,1,0.0005,,100000000,14198201
520,48,22,0x0cf30daf2fb962ed1d5d19c97f5f6651f3b691c1,1,455700.34099999897,fishbiscuit.eth,100000000,14198201
521,273,22,0x4e3c1d2e5300d0341135bfcc03d8075693585ce2,1,0.0005,,100000000,14198201
522,286,22,0x521aacb43d89e1b8ffd64d9ef76b0a1074dedaf8,1,9699.984242015107,bobjiang.eth,100000000,14198201
523,525,22,0x987740d5071fba8c8678353020547844a756a99d,1,0.0005,,100000000,14198201
524,611,22,0xc2e2b715d9e302947ec7e312fd2384b5a1296099,1,450000.0,kbw.eth,100000000,14198201
525,523,22,0x96c4803694906bfcbe5c01d8fe5d2ff156f1e7e0,1,0.0005,,100000000,14198201
526,401,22,0x6ea58a23d84b3839ea61d81c45d60acf2017999c,1,0.0005,,100000000,14198201
527,408,22,0x7302c7e150ae4d035cf9e71f09580d59ce61fa54,1,4.315687746187816,loading03475575.eth,100000000,14198201
528,411,22,0x732c97e0f9b6386961e797c4914517a96ecfaec7,1,0.0005,,100000000,14198201
529,419,22,0x767a60f295aedd958932088f9cd6a4951d8739b6,1,0.0,mozuku.eth,100000000,14198201
530,492,22,0x8d07d225a769b7af3a923481e1fdf49180e6a265,1,162130.21163467222,monetsupply.eth,100000000,14198201
531,137,22,0x24623d7779d29c76ae0d4d258ebedbc16170414e,1,0.0005,,100000000,14198201
532,426,22,0x7ad649a20f03d7572407a9f58c92f5f72320142d,1,0.0005,,100000000,14198201
533,446,22,0x815c7ccf2616ad581e4d55d1504a676f55c04e02,1,0.0005,,100000000,14198201
534,400,22,0x6e8dd1c86151f7e98bd2d059206581f0d5017ce6,1,0.0005,,100000000,14198201
535,106,22,0x1cd2ae4b77e27da7bbe8090fbf51c6c362a882e9,1,0.0005,,100000000,14198201
536,689,22,0xe40987f8ca51d3f72947400a7459e66db2715bc1,1,101.0,chenwentao.eth,100000000,14198201
537,680,22,0xdecfcbd0d3c3d0a317da1077fcfda000e1c6de28,1,0.0005,,100000000,14198201
538,601,22,0xbc90c0f55514ee20d7a7478135e108ecc4956d11,1,0.0005,,100000000,14198201
539,763,22,0xfc5f1bd50db314902a2aefce822ca7da9058c954,1,0.0005,,100000000,14198201
540,464,22,0x83c9440dc34da00c47a0d4dc2b598d7bdb1b53f7,1,17.6088,denet.eth,100000000,14198201
541,653,22,0xd0815dbfa01bd6717703f329c031dc4958d04d4c,1,0.0005,,100000000,14198201
542,111,22,0x1e661aae5ebf2d428c2bc7142a50382077637ce4,1,0.0005,,100000000,14198201
543,1,22,0x016cb73dcd88e9cca61690e6dc5893f7409e3e18,1,0.0005,,100000000,14198201
544,649,22,0xcf61ebd3613684a53e48ee85d8fbc80c5156c479,1,0.0,shinya.eth,100000000,14198201
545,151,22,0x2b888954421b424c5d3d9ce9bb67c9bd47537d12,1,1027706.296342436,lefteris.eth,100000000,14198201
546,396,22,0x6d009586634bc3260c658126cf95c1cc732fddc2,1,14.1189,,100000000,14198201
547,512,22,0x8f4e36370602465acd4afc07204fa311bfbc1198,1,0.0005,,100000000,14198201
548,338,22,0x5b716577ee35a146846f1fa33f6c3d0138ebc468,1,0.0005,,100000000,14198201
549,637,22,0xcb0c0ed0cfc972ce60b4f1ebd93481da4d218ea4,1,0.0005,,100000000,14198201
550,515,22,0x912e817d785ea149b705a5905855411c2cb977ba,1,0.0005,,100000000,14198201
551,733,22,0xf503017d7baf7fbc0fff7492b751025c6a78179b,1,333283.95104697737,trueblocks.eth,100000000,14198201
552,642,22,0xcb9f176f3c90837a727e4678e29515cb2d557f18,1,0.0,mazurka.eth,100000000,14198201
553,724,22,0xee836251ee934c3126ac5d9bb29ae9177a6a12e6,1,0.0001,fxdxexchange.eth,100000000,14198201
554,524,22,0x97cdedca258d6e425c200b3ac36b5a33b1699339,1,0.0005,,100000000,14198201
555,337,22,0x5a5426030765baaed938c4c9ee865af2fbeaaba4,1,0.0005,,100000000,14198201
556,83,22,0x14cc6134860c0877ed46f6096dbf81363f724041,1,0.0005,,100000000,14198201
557,586,22,0xb4ed43c65854177ab3a70682a4d559ef005b4eb9,1,0.0005,,100000000,14198201
558,507,22,0x8e52ded086f3673a9a87bb039fdb05dbd7c97bfb,1,0.0,chami.eth,100000000,14198201
559,370,22,0x66ccc53383dd8f6b8d4d145d057696cefe5dcf42,1,0.0005,,100000000,14198201
560,89,22,0x1706585ae92ec81174818913ab1918c7fce3ddd0,1,0.0005,,100000000,14198201
561,693,22,0xe5860d2f4608db2620d4124a6904c1ee5d848549,1,0.0005,,100000000,14198201
562,92,22,0x1821d347c035ee39aa01bb048fb1e24e45dac5f1,1,0.0005,,100000000,14198201
563,93,22,0x18c94a19e091ab86c997edf2267a616072ceccfe,1,0.0005,,100000000,14198201
564,698,22,0xe7cf8fce5e83e07e56e2ebfeb7651f459c47217b,1,202.06203230657718,kingrf.eth,100000000,14198201
565,521,22,0x968277451c46cacd65e7df55f110cade19ff6002,1,0.0005,,100000000,14198201
566,152,23,0x2b888954421b424c5d3d9ce9bb67c9bd47537d12,1,1027706.296342436,lefteris.eth,100000000,14198201
567,182,23,0x34aa3f359a9d614239015126635ce7732c18fdf3,1,1793390.091303995,austingriffith.eth,100000000,14198201
568,299,23,0x54b254684380af671fbfdfbc086591b22c462790,1,0.0,,100000000,14198201
569,116,23,0x202d0b551f0e137efb419e70e1776b6d578bdbf3,1,0.0,kweiss.eth,100000000,14198201
570,305,23,0x54becc7560a7be76d72ed76a1f5fee6c5a2a7ab6,1,1397186.5679999685,simona.eth,100000000,14198201
571,612,23,0xc2e2b715d9e302947ec7e312fd2384b5a1296099,1,450000.0,kbw.eth,100000000,14198201
572,493,23,0x8d07d225a769b7af3a923481e1fdf49180e6a265,1,162130.21163467222,monetsupply.eth,100000000,14198201
573,330,23,0x59d6779eca6c91ed7679e261b54299b5155eadf0,1,380.81766449899993,モノノフ.eth,100000000,14198201
574,420,23,0x767a60f295aedd958932088f9cd6a4951d8739b6,1,0.0,mozuku.eth,100000000,14198201
575,34,23,0x06d13d1562eb9da28c59e86e9bfc2a87d13afb01,1,0.0,zk-outcome.eth,100000000,14198201
576,397,23,0x6d009586634bc3260c658126cf95c1cc732fddc2,1,14.1189,,100000000,14198201
577,643,23,0xcb9f176f3c90837a727e4678e29515cb2d557f18,1,0.0,mazurka.eth,100000000,14198201
578,508,23,0x8e52ded086f3673a9a87bb039fdb05dbd7c97bfb,1,0.0,chami.eth,100000000,14198201
579,295,23,0x523d007855b3543797e0d3d462cb44b601274819,1,0.0,salatti.eth,100000000,14198201
580,49,23,0x0cf30daf2fb962ed1d5d19c97f5f6651f3b691c1,1,455700.34099999897,fishbiscuit.eth,100000000,14198201
581,716,23,0xee0579b4c36fd52ec0a2b542fb801f136838b7f1,1,3029.636799745066,sirlupinwatson.eth,100000000,14198201
582,373,23,0x67149c6a2aa490636948b084d88dde8a958ca269,1,1.0,cxsyt.eth,100000000,14198201
583,465,23,0x83c9440dc34da00c47a0d4dc2b598d7bdb1b53f7,1,17.6088,denet.eth,100000000,14198201
584,59,23,0x0f8361ef329b43fa48ac66a7cd8f619c517274f1,1,0.0,zakk1115.eth,100000000,14198201
585,297,23,0x52cbcf67e76b9537a92955c50c0becac0addc006,1,0.0,qinhaoyi.eth,100000000,14198201
586,613,24,0xc2e2b715d9e302947ec7e312fd2384b5a1296099,1,1650000.0,kbw.eth,100000000,14198201
587,648,24,0xcdd05bae4c5ba7dc483d092903aaf3036e91efdf,1,0.2,878eth.eth,100000000,14198201
588,6,24,0x01cf9fd2efa5fdf178bd635c3e2adf25b2052712,1,233739.7798,disruptionjoe.eth,100000000,14198201
589,13,24,0x03154b9e76b3e6eb27357ccfd638f9ac9085e8b3,1,0.1,848eth.eth,100000000,14198201
590,27,24,0x06c4865ab16c9c760622f19a313a2e637e2e66a2,1,2.0,aevolve.eth,100000000,14198201
591,23,24,0x068db2a4655158bc61e6147c0015bd2c63b4cf08,1,0.2,868eth.eth,100000000,14198201
592,91,24,0x18016955798ff78bd167111674ae278d5320d62d,1,0.1,,100000000,14198201
593,638,24,0xcb3cafe85a0719d2d994c06e3d7ac9304505c54c,1,0.0,woodfire.eth,100000000,14198201
594,79,24,0x13ac0d7bb293163922ca296a0c3fb1b236c815f0,1,0.2,88888888eth.eth,100000000,14198201
595,35,24,0x06f398ce76acc1fce97b7cab0eb2a96ba9230c9b,1,10.0,marsdao.eth,100000000,14198201
596,50,24,0x0cf30daf2fb962ed1d5d19c97f5f6651f3b691c1,1,609125.340999999,fishbiscuit.eth,100000000,14198201
597,54,24,0x0dee63f471f1c31d4d2fffde275f8a8f40f45d00,1,0.1,,100000000,14198201
598,20,24,0x0586cc847c82397c443992facdc8cae0dba46956,1,0.1,818eth.eth,100000000,14198201
599,476,24,0x894aa5f1e45454677a8560dde3b45cb5c427ef92,1,1050000.0,wombat.eth,100000000,14198201
600,211,24,0x3d21a58408c47dd4631da17d1c492d06acfef085,1,0.0,alanmumu.eth,100000000,14198201
601,129,24,0x23c4111d6f85de542dd8ad911c7c3cc66e98faa7,1,25.0,fateswing.eth,100000000,14198201
602,266,24,0x4d477f1aabcfc2fc3fc9b802e861c013e0123ad9,1,0.9925,0x00eth.eth,100000000,14198201
603,287,24,0x521aacb43d89e1b8ffd64d9ef76b0a1074dedaf8,1,12383.133841437932,bobjiang.eth,100000000,14198201
604,597,24,0xbb3407b8a7bd31ab92e076628697f3033ebdf9a5,1,0.1,,100000000,14198201
605,708,24,0xeac7824c2f633c53d2acfab0c8e483789b7e10e7,1,0.1,888eth.eth,100000000,14198201
606,533,24,0x9c9fcaf3456fc2b5c10cc82d6128800ad6a067d8,1,0.1,,100000000,14198201
607,306,24,0x54becc7560a7be76d72ed76a1f5fee6c5a2a7ab6,1,1455325.945587743,simona.eth,100000000,14198201
608,528,24,0x9a3aa8a638f8e67ff73ce671ac49bc3d2eb69538,1,1.0000999989999697,lightszwl.eth,100000000,14198201
609,342,24,0x5bfe77c263ffeb120dcd40523473852b3bc5a932,1,0.1,,100000000,14198201
610,343,24,0x5c07271a50c18c0a93e5d72dc45e561e3bd3e07e,1,0.1,,100000000,14198201
611,346,24,0x5e349eca2dc61abcd9dd99ce94d04136151a09ee,1,1302536.40044848,lindajxie.eth,100000000,14198201
612,359,24,0x5e4ec235c2e7be6e0501f7d4ec3b02edb4f84405,1,0.1,,100000000,14198201
613,381,24,0x6b07d4ace5bc9a690fda9ddeb5a0f131fda0b257,1,4.118920135586967,chainb.eth,100000000,14198201
614,393,24,0x6bf3b32c6cd3d657f602347666244377793282e3,1,0.3,111eth.eth,100000000,14198201
615,449,24,0x839395e20bbb182fa440d08f850e6c7a8f6f0780,0,322774.67793149536,griff.eth,100000000,14198201
616,482,24,0x8c69f8d2f360d0bd12cb73b92e90a380e32987bb,1,8.07,supernate.eth,100000000,14198201
617,241,24,0x4a1d9e3b1a543601a7550d9490cb41936265f715,1,0.2,999999999eth.eth,100000000,14198201
618,558,24,0xaa59f0c28f9220fe60365f342b9e505d651fbb0d,1,0.1,,100000000,14198201
619,656,24,0xd0ef3a2ae7fb496c0897400f1be46693b6183b0a,1,6918.165048092297,sidcode.eth,100000000,14198201
620,228,24,0x413fd6b18910e516da68d3292ab9b2dd3a87971d,1,0.1,808eth.eth,100000000,14198201
621,734,24,0xf503017d7baf7fbc0fff7492b751025c6a78179b,0,172198.27017266836,trueblocks.eth,100000000,14198201
622,204,24,0x3cd93a082b247311595fd2b9ba70c549f03603dc,1,0.1,,100000000,14198201
623,153,24,0x2b888954421b424c5d3d9ce9bb67c9bd47537d12,0,779245.8157629819,lefteris.eth,100000000,14198201
624,205,24,0x3ce1e7a2b491dd5e545bca1a480ed1084712798f,1,4.396260457291728,968259.eth,100000000,14198201
625,581,24,0xb454dc9f3dad18d7118a5946b056b7103c8779ab,1,0.1,,100000000,14198201
626,28,25,0x06c4865ab16c9c760622f19a313a2e637e2e66a2,1,2.0,aevolve.eth,100000000,14198201
627,347,26,0x5e349eca2dc61abcd9dd99ce94d04136151a09ee,1,1302536.40044848,lindajxie.eth,100000000,14198201
628,735,26,0xf503017d7baf7fbc0fff7492b751025c6a78179b,0,172198.27017266836,trueblocks.eth,100000000,14198201
629,382,26,0x6b07d4ace5bc9a690fda9ddeb5a0f131fda0b257,1,4.118920135586967,chainb.eth,100000000,14198201
630,80,26,0x13dda63c28bb95fe9822fea43ad5feaa966636a9,1,0.0,likerogue.eth,100000000,14198201
631,450,26,0x839395e20bbb182fa440d08f850e6c7a8f6f0780,1,322774.67793149536,griff.eth,100000000,14198201
632,483,26,0x8c69f8d2f360d0bd12cb73b92e90a380e32987bb,1,8.07,supernate.eth,100000000,14198201
633,130,26,0x23c4111d6f85de542dd8ad911c7c3cc66e98faa7,1,25.0,fateswing.eth,100000000,14198201
634,2,26,0x018365374732403a5286de3ddc875f2fdaf00dfc,1,0.0,,100000000,14198201
635,683,26,0xe12776d24fcf00c2966dce5bdcec284236901c77,1,1.5501464984816464,happy8086.eth,100000000,14198201
636,477,26,0x894aa5f1e45454677a8560dde3b45cb5c427ef92,1,1050000.0,wombat.eth,100000000,14198201
637,7,26,0x01cf9fd2efa5fdf178bd635c3e2adf25b2052712,1,233739.7798,disruptionjoe.eth,100000000,14198201
638,154,26,0x2b888954421b424c5d3d9ce9bb67c9bd47537d12,1,779245.8157629819,lefteris.eth,100000000,14198201
639,288,26,0x521aacb43d89e1b8ffd64d9ef76b0a1074dedaf8,1,12383.133841437932,bobjiang.eth,100000000,14198201
640,29,26,0x06c4865ab16c9c760622f19a313a2e637e2e66a2,1,2.0,aevolve.eth,100000000,14198201
641,563,26,0xab7b49bacd43bd4cfa41433d477f690bb9e1fb26,1,11.08981441357831,eth9999.eth,100000000,14198201
642,243,26,0x4a5b536a613e69f43a52f6aa7a7f3765428329ad,1,154011.60914913798,coinqt.eth,100000000,14198201
643,51,26,0x0cf30daf2fb962ed1d5d19c97f5f6651f3b691c1,1,609125.340999999,fishbiscuit.eth,100000000,14198201
644,212,26,0x3d21a58408c47dd4631da17d1c492d06acfef085,1,5.0,alanmumu.eth,100000000,14198201
645,267,26,0x4d477f1aabcfc2fc3fc9b802e861c013e0123ad9,1,0.9925,0x00eth.eth,100000000,14198201
646,639,26,0xcb3cafe85a0719d2d994c06e3d7ac9304505c54c,1,0.0,woodfire.eth,100000000,14198201
647,77,26,0x136d54e730ad568cf49f8d7b8d36e1b079f37e1e,1,37.2993,,100000000,14198201
648,206,26,0x3ce1e7a2b491dd5e545bca1a480ed1084712798f,1,4.396260457291728,968259.eth,100000000,14198201
649,36,26,0x06f398ce76acc1fce97b7cab0eb2a96ba9230c9b,1,10.0,marsdao.eth,100000000,14198201
650,307,26,0x54becc7560a7be76d72ed76a1f5fee6c5a2a7ab6,1,1455325.945587743,simona.eth,100000000,14198201
651,529,26,0x9a3aa8a638f8e67ff73ce671ac49bc3d2eb69538,1,1.0000999989999697,lightszwl.eth,100000000,14198201
652,614,26,0xc2e2b715d9e302947ec7e312fd2384b5a1296099,1,1650000.0,kbw.eth,100000000,14198201
653,736,27,0xf503017d7baf7fbc0fff7492b751025c6a78179b,1,172198.27017266836,trueblocks.eth,100000000,14198201
654,717,27,0xee0579b4c36fd52ec0a2b542fb801f136838b7f1,1,2083.716977520319,sirlupinwatson.eth,100000000,14198201
655,729,27,0xefcd62a2b7c73b57c1fc9365b089d1fdabb527d7,1,0.1,,100000000,14198201
656,752,27,0xf564a9cc0b3187d4c81899aea6508f65ed78c030,1,0.1,,100000000,14198201
657,383,27,0x6b07d4ace5bc9a690fda9ddeb5a0f131fda0b257,1,4.118920135586967,chainb.eth,100000000,14198201
658,144,27,0x2914ae7e3d398431658f2ea7d892b1b935778d41,1,0.1,,100000000,14198201
659,484,27,0x8c69f8d2f360d0bd12cb73b92e90a380e32987bb,1,8.07,supernate.eth,100000000,14198201
660,141,27,0x271c140f932d0f5d120335232a66e599c4a7ae28,1,0.1,,100000000,14198201
661,478,27,0x894aa5f1e45454677a8560dde3b45cb5c427ef92,1,1050000.0,wombat.eth,100000000,14198201
662,155,27,0x2b888954421b424c5d3d9ce9bb67c9bd47537d12,1,779245.8157629819,lefteris.eth,100000000,14198201
663,168,27,0x2d51319d75569d386ff38706fd279d405b59888c,1,0.1,,100000000,14198201
664,451,27,0x839395e20bbb182fa440d08f850e6c7a8f6f0780,0,322774.67793149536,griff.eth,100000000,14198201
665,207,27,0x3ce1e7a2b491dd5e545bca1a480ed1084712798f,1,4.396260457291728,968259.eth,100000000,14198201
666,131,27,0x23c4111d6f85de542dd8ad911c7c3cc66e98faa7,1,25.0,fateswing.eth,100000000,14198201
667,213,27,0x3d21a58408c47dd4631da17d1c492d06acfef085,1,5.0,alanmumu.eth,100000000,14198201
668,369,27,0x66c9bbef586c3a328df34aaa3f2e882634f308a1,1,0.1,,100000000,14198201
669,244,27,0x4a5b536a613e69f43a52f6aa7a7f3765428329ad,1,154011.60914913798,coinqt.eth,100000000,14198201
670,361,27,0x600f4649fd944e8b89677546b3f5b23875ccba71,1,0.1,,100000000,14198201
671,265,27,0x4cfd8997fa4534c69b3e5f4d7af4cbdf30abd142,1,0.1,,100000000,14198201
672,348,27,0x5e349eca2dc61abcd9dd99ce94d04136151a09ee,1,1302536.40044848,lindajxie.eth,100000000,14198201
673,268,27,0x4d477f1aabcfc2fc3fc9b802e861c013e0123ad9,1,0.9925,0x00eth.eth,100000000,14198201
674,308,27,0x54becc7560a7be76d72ed76a1f5fee6c5a2a7ab6,1,1455325.945587743,simona.eth,100000000,14198201
675,374,27,0x67434e4f16fb70e59c91b8642522fac5b0c292c1,1,0.0,kendir.eth,100000000,14198201
676,115,27,0x1ff714337aaf68c7e9a513e47dcf6ce7c9d44cae,1,0.1,,100000000,14198201
677,289,27,0x521aacb43d89e1b8ffd64d9ef76b0a1074dedaf8,0,12383.133841437932,bobjiang.eth,100000000,14198201
678,84,27,0x1510180e8873b8ff89d3ecf3d6971a84faaf5848,1,0.1,,100000000,14198201
679,564,27,0xab7b49bacd43bd4cfa41433d477f690bb9e1fb26,1,11.08981441357831,eth9999.eth,100000000,14198201
680,37,27,0x06f398ce76acc1fce97b7cab0eb2a96ba9230c9b,1,10.0,marsdao.eth,100000000,14198201
681,615,27,0xc2e2b715d9e302947ec7e312fd2384b5a1296099,1,1650000.0,kbw.eth,100000000,14198201
682,52,27,0x0cf30daf2fb962ed1d5d19c97f5f6651f3b691c1,1,609125.340999999,fishbiscuit.eth,100000000,14198201
683,78,27,0x136d54e730ad568cf49f8d7b8d36e1b079f37e1e,1,37.2993,,100000000,14198201
684,8,27,0x01cf9fd2efa5fdf178bd635c3e2adf25b2052712,1,233739.7798,disruptionjoe.eth,100000000,14198201
685,530,27,0x9a3aa8a638f8e67ff73ce671ac49bc3d2eb69538,1,1.0000999989999697,lightszwl.eth,100000000,14198201
686,81,27,0x13dda63c28bb95fe9822fea43ad5feaa966636a9,1,0.0,likerogue.eth,100000000,14198201
687,3,27,0x018365374732403a5286de3ddc875f2fdaf00dfc,1,0.0,,100000000,14198201
688,640,27,0xcb3cafe85a0719d2d994c06e3d7ac9304505c54c,1,3.0,woodfire.eth,100000000,14198201
689,4,28,0x018365374732403a5286de3ddc875f2fdaf00dfc,1,1.031597334534621,,100000000,14198201
690,17,28,0x052cd92257aa17b3f965c4b0d3f51f0d223c6950,1,11.0,aapay.eth,100000000,14198201
691,647,28,0xcd78829b418e18b85d4e0acdf2fbfec610ff025e,1,1.08355,sinapay.eth,100000000,14198201
692,245,28,0x4a5b536a613e69f43a52f6aa7a7f3765428329ad,1,154011.60914913798,coinqt.eth,100000000,14198201
693,9,28,0x01cf9fd2efa5fdf178bd635c3e2adf25b2052712,1,233739.7798,disruptionjoe.eth,100000000,14198201
694,757,28,0xf7e0ef9177e01d5871dfc59714510b44c9918622,1,1.7303916038609584,huapay.eth,100000000,14198201
695,208,28,0x3ce1e7a2b491dd5e545bca1a480ed1084712798f,1,4.396260457291728,968259.eth,100000000,14198201
696,214,28,0x3d21a58408c47dd4631da17d1c492d06acfef085,1,5.0,alanmumu.eth,100000000,14198201
697,30,28,0x06c4865ab16c9c760622f19a313a2e637e2e66a2,1,2.0,aevolve.eth,100000000,14198201
698,110,28,0x1e5af7b64cecd78f0141450e942f19b1935c495e,1,2.0,kenee.eth,100000000,14198201
699,195,28,0x3a051cff039d0ea6964c0f9f01db6e61cc521748,0,1000.0,padpad.eth,100000000,14198201
700,183,28,0x34aa3f359a9d614239015126635ce7732c18fdf3,1,1481798.5117275843,austingriffith.eth,100000000,14198201
701,156,28,0x2b888954421b424c5d3d9ce9bb67c9bd47537d12,0,778077.9727267915,lefteris.eth,100000000,14198201
702,64,28,0x10d6d2e343281d388291a3e02f3293aaeda67178,1,157113.3725644451,helloshreyas.eth,100000000,14198201
703,737,28,0xf503017d7baf7fbc0fff7492b751025c6a78179b,0,172198.27017266836,trueblocks.eth,100000000,14198201
704,710,28,0xec07ce9c26bab652e14d81e6278da3a6ea5004d6,1,1.1,0xseal.eth,100000000,14198201
705,132,28,0x23c4111d6f85de542dd8ad911c7c3cc66e98faa7,1,25.0,fateswing.eth,100000000,14198201
706,718,28,0xee0579b4c36fd52ec0a2b542fb801f136838b7f1,1,2469.037064780011,sirlupinwatson.eth,100000000,14198201
707,646,28,0xcd6b9fb0d134017c39b86bcc18edaa02dcc6e4e2,1,50.0,91dao.eth,100000000,14198201
708,269,28,0x4d477f1aabcfc2fc3fc9b802e861c013e0123ad9,1,0.9925,0x00eth.eth,100000000,14198201
709,0,28,0x00d2432e6af76a8150a7609d7ff11dbe44de8e14,1,41.0,2coin.eth,100000000,14198201
710,485,28,0x8c69f8d2f360d0bd12cb73b92e90a380e32987bb,1,8.07,supernate.eth,100000000,14198201
711,468,28,0x86505baa2ffac3444fbb9a53c6c75833d088c6c6,1,2.035149057344472,a.ethid.eth,100000000,14198201
712,466,28,0x83d2e472495f408bd0bc85702f4be5ef1acaee80,1,8.0,neteasy.eth,100000000,14198201
713,452,28,0x839395e20bbb182fa440d08f850e6c7a8f6f0780,1,322774.67793149536,griff.eth,100000000,14198201
714,518,28,0x931e76877118c84f1d904295971ce383ecfed5f4,0,0.0,freeboy.eth,100000000,14198201
715,429,28,0x7e052ef7b4bb7e5a45f331128afadb1e589deaf1,1,1353454.1766961273,kris.eth,100000000,14198201
716,290,28,0x521aacb43d89e1b8ffd64d9ef76b0a1074dedaf8,1,12383.133841437932,bobjiang.eth,100000000,14198201
717,378,28,0x69423a88dbeab0177e935a5c63a79f5e576f5c06,1,1.0,twallet.eth,100000000,14198201
718,377,28,0x687c13498f693b290c5ff8c565a1775d6018aab9,1,0.0,tohash.eth,100000000,14198201
719,537,28,0xa0254f19d987d8bdba12a278b2d207a317d050aa,1,35.0,,100000000,14198201
720,384,28,0x6b07d4ace5bc9a690fda9ddeb5a0f131fda0b257,1,4.118920135586967,chainb.eth,100000000,14198201
721,681,28,0xe04a9418cffe0f43fd42527bd3cfc05593eac052,1,1.0,shabi.eth,100000000,14198201
722,641,28,0xcb3cafe85a0719d2d994c06e3d7ac9304505c54c,1,3.0,woodfire.eth,100000000,14198201
723,616,28,0xc2e2b715d9e302947ec7e312fd2384b5a1296099,0,1650000.0,kbw.eth,100000000,14198201
724,349,28,0x5e349eca2dc61abcd9dd99ce94d04136151a09ee,1,1302536.40044848,lindajxie.eth,100000000,14198201
725,309,28,0x54becc7560a7be76d72ed76a1f5fee6c5a2a7ab6,1,1455325.945587743,simona.eth,100000000,14198201
726,565,28,0xab7b49bacd43bd4cfa41433d477f690bb9e1fb26,0,11.08981441357831,eth9999.eth,100000000,14198201
727,133,29,0x23c4111d6f85de542dd8ad911c7c3cc66e98faa7,1,25.0,fateswing.eth,100000000,14198201
728,617,29,0xc2e2b715d9e302947ec7e312fd2384b5a1296099,1,1650000.0,kbw.eth,100000000,14198201
729,494,29,0x8d07d225a769b7af3a923481e1fdf49180e6a265,1,6083.818745100819,monetsupply.eth,100000000,14198201
730,509,29,0x8eef779818afa953b0652e45438423ebe089f55a,1,5.230095366133139,souluv7.eth,100000000,14198201
731,534,29,0x9f8b8d36dabd8e4a6a9e667d1a5681d09e244eda,1,1.393214642568532,,100000000,14198201
732,513,29,0x8fbb54606676ba5f8edc6c4c88ef29b86d58774c,1,10.0,dylanfrances.eth,100000000,14198201
733,5,29,0x018365374732403a5286de3ddc875f2fdaf00dfc,1,1.031597334534621,,100000000,14198201
734,75,29,0x128b7e7f0bfa7cda46bb4728a0da88dbaa095026,1,5163.224024833994,biodunayorinde.eth,100000000,14198201
735,10,29,0x01cf9fd2efa5fdf178bd635c3e2adf25b2052712,1,233739.7798,disruptionjoe.eth,100000000,14198201
736,573,29,0xb110bd3f66f7692577e74f57adcae2576ead6702,1,0.0,a3roger.eth,100000000,14198201
737,566,29,0xab7b49bacd43bd4cfa41433d477f690bb9e1fb26,1,11.08981441357831,eth9999.eth,100000000,14198201
738,100,29,0x19c3c3823a0d55afe95499cd7eef7c496f3c837d,1,1.0,,100000000,14198201
739,94,29,0x196a37946c3d93e9a5309f539ae28b774a32411f,1,79.7707,gandalfcrypto.eth,100000000,14198201
740,276,29,0x4fa4167b3c94a80416bbc768fb919bf3ace9f8c2,1,1e-06,jjjjjaxdeng.eth,100000000,14198201
741,474,29,0x88a2d89d44a94f549f14869947f2b443000dddd7,1,1.0,,100000000,14198201
742,291,29,0x521aacb43d89e1b8ffd64d9ef76b0a1074dedaf8,1,13826.360672650451,bobjiang.eth,100000000,14198201
743,270,29,0x4d477f1aabcfc2fc3fc9b802e861c013e0123ad9,1,0.9925,0x00eth.eth,100000000,14198201
744,322,29,0x56bdee90dc6d484e9191ca4cde0ccc7dcb6db48b,1,1.0,,100000000,14198201
745,246,29,0x4a5b536a613e69f43a52f6aa7a7f3765428329ad,1,157223.21543257812,coinqt.eth,100000000,14198201
746,376,29,0x684dd2ba7b71ee743ea10569b40cf1fa15264a15,1,1.0,,100000000,14198201
747,240,29,0x48d2277f87c0afb75042c300fcf80b87b13257f7,1,0.0,akcakoray.eth,100000000,14198201
748,217,29,0x3eefaa9d6e2ab7972c1001d41c82bb4881389257,1,0.0,ispeaknerd.eth,100000000,14198201
749,203,29,0x3ccd44bb20bc9c06fa8cce8f6aa207ae86d7dd5b,1,15.0,0xfremen.eth,100000000,14198201
750,682,29,0xe0a2b6c3f67814fc35af40b742139ba3e546f2f3,1,0.0,mamamiya.eth,100000000,14198201
751,157,29,0x2b888954421b424c5d3d9ce9bb67c9bd47537d12,1,746154.1551598555,lefteris.eth,100000000,14198201
752,175,29,0x30e86e9a4e5de3f492d4801f9414751f1ef5df81,1,1.0,rbq.eth,100000000,14198201
753,453,29,0x839395e20bbb182fa440d08f850e6c7a8f6f0780,1,315062.3284314953,griff.eth,100000000,14198201
754,65,30,0x10d6d2e343281d388291a3e02f3293aaeda67178,1,157091.47466444512,helloshreyas.eth,100000000,14198201
755,486,30,0x8c69f8d2f360d0bd12cb73b92e90a380e32987bb,1,8.07,supernate.eth,100000000,14198201
756,171,30,0x30438cf64e2e16b87187453c3a6956468eb24fa6,1,0.069,,100000000,14198201
757,605,30,0xbe368cc284a8303ae4c76a1870d897cfee2b0812,1,900000.0,lthrift.eth,100000000,14198201
758,350,30,0x5e349eca2dc61abcd9dd99ce94d04136151a09ee,1,1388381.7594250506,lindajxie.eth,100000000,14198201
759,11,30,0x01cf9fd2efa5fdf178bd635c3e2adf25b2052712,1,260886.8248,disruptionjoe.eth,100000000,14198201
760,363,30,0x60dd456273cbb018c2222621d4c2dc5016e870d3,1,1.0,,100000000,14198201
761,188,30,0x3535727aeb8963fb136f1335ede8fa980666e8b4,1,0.0,vaughnmck.eth,100000000,14198201
762,31,30,0x06c4865ab16c9c760622f19a313a2e637e2e66a2,1,2.0,aevolve.eth,100000000,14198201
763,479,30,0x894aa5f1e45454677a8560dde3b45cb5c427ef92,1,750000.0,wombat.eth,100000000,14198201
764,233,30,0x4303ddc9943d862f2b205af468a4a786c5137e76,1,0.0,nir.eth,100000000,14198201
765,196,30,0x3a79595dcda4727b4685f79e2f178bdc02848050,1,0.0,,100000000,14198201
766,531,30,0x9a3aa8a638f8e67ff73ce671ac49bc3d2eb69538,1,1.0000999989999697,lightszwl.eth,100000000,14198201
767,540,30,0xa2866d610c17e371604ff75e65a3120f493fc9e6,1,150000.0,seanmac.eth,100000000,14198201
