,id,delegatedVotesRaw,tokenHoldersRepresentedAmount,tokenHoldersRepresented,numberVotes,proposals
0,0xace4119f329818f3b2646a4c22db53c0f2efe0ba,0,0,[],0,[]
1,0xace4387bd5cdb7588f402b185951a975c746dac5,0,0,[],0,[]
2,0xace52b51d12ee7a8cf7d0d53465d9837ef82b017,0,0,[],0,[]
3,0xace56a01874b3a268424839ec15589fe03e2f9dc,0,0,[],1,[]
4,0xace5ea783fb414c9181b87576d9c06db24a33786,0,0,[],0,[]
5,0xace6b4008fa083a2110fcbff1d94fd826e242bac,0,0,[],0,[]
6,0xace6bee8ab75a7e203d649459147bec270a0e59d,0,0,[],0,[]
7,0xace7200499e7f5a2b767c4655238fb40273c67b3,0,0,[],0,[]
8,0xace740f6898a45dc44ce16cc15a3aa10acd2832b,0,0,[],0,[]
9,0xace8976533f9197163810407efc0a7fa06a8bb12,0,0,[],0,[]
10,0xace8f00d3fc35cb0fdd72b84eac0ca378c4cc899,0,0,[],0,[]
11,0xace8fe4838dbe3f84067169a243685194696f617,0,0,[],0,[]
12,0xace95175b107f0d6a7a2949f7af83d7a3528fb4e,0,0,[],0,[]
13,0xace97b3a7f2659cb68f69ced06279db1b806dbf3,0,0,[],0,[]
14,0xacec66a5a394f9928d954dafd3030a64c2b191b0,0,0,[],0,[]
15,0xaced1c49e9f8de5529d0d15a459055b0e013463a,0,0,[],0,[]
16,0xacedcd79e58f9573fe2f7c67e39c84f55a96d939,0,0,[],0,[]
17,0xacedf45902448fea2a2bfd1212a217ea300a44f6,0,0,[],0,[]
18,0xacf06964108bd04e79e0b2ce39139e3e76c3a217,0,0,[],0,[]
19,0xacf0c73c28179ed52f4e427c64c6c9a80232cf65,0,0,[],0,[]
20,0xacf228b522e82802f30497b55b2816b09c43d212,0,0,[],0,[]
21,0xacf3420e0e9f2ac391841ab5deb6547efddc2bde,0,0,[],0,[]
22,0xacf342b48cd5f87d7064bc245f3f8b39449c281c,0,0,[],0,[]
23,0xacf5c924ca4a12e484254ddfb89a2e7a383014b5,0,0,[],0,[]
24,0xacf5f6d083afd9e7d16a6059350bdb6d884c2687,0,0,[],0,[]
25,0xacf68af74964556837246787af1053607dec034d,0,0,[],0,[]
26,0xacf8fb2c618cadda639138d13dd99e3bb65b69f8,0,0,[],0,[]
27,0xacf98af36845ec9aeda29feed2907ea287388cf3,0,0,[],0,[]
28,0xacfa2a893716ee16d195f572a768338e164a7291,0,0,[],0,[]
29,0xacfa3e822961cede6dabbbeef96838fec3ad3d47,0,0,[],0,[]
30,0xacfb937408881f0f1a566303e77375c596a09ae2,0,0,[],0,[]
31,0xacfbb1a53bf4477716dc03d8a6d4128a87ca0be4,0,0,[],0,[]
32,0xacfc71a192a817cb6512f2f0ba27dd99dbb66970,0,0,[],0,[]
33,0xacfeb449ba1ba66a08fd481c1bdcb3a12fe4a821,0,0,[],0,[]
34,0xacff600e41d5915ff70884ad90b5fb98e51469b0,0,0,[],0,[]
35,0xad012e1d7cd7a618fe3366cebb17d86d1a65433f,0,0,[],0,[]
36,0xad01c8aa5975cf78fd49a33216dfe62cc14cd980,0,0,[],0,[]
37,0xad02b6d3f43e22289c20f2843832f5e6c22fd472,0,0,[],0,[]
38,0xad034710d978cbd253b285d679062e7bedde3a62,0,0,[],0,[]
39,0xad04baa85203c323eb372dd94d31b070fe0b551c,0,0,[],0,[]
40,0xad0500f2bd8e6524037464437ba6c45c1a447699,0,0,[],0,[]
41,0xad054ddce9bcc0986cc41fdb35ce4a0d94d72b19,0,0,[],0,[]
42,0xad0567c3c42ec9fd5cd9b37ab44ba174803fafcc,0,0,[],0,[]
43,0xad057e630246a909479237bd11748506d4f7e95e,0,0,[],0,[]
44,0xad05ea6e0b9e692fdd9b9cb42b398a4b48e9b0d5,0,0,[],0,[]
45,0xad0639969ec307bd031b59959a7c61928f34c8f2,0,0,[],0,[]
46,0xad077720523a2ea9d8eb0c96f6aa043538cea442,0,0,[],0,[]
47,0xad07776229e35f1f0a4152033273be156392e1e1,0,0,[],0,[]
48,0xad077bbf666e380d6b80e9a340ac7f1ddbc08aa5,0,0,[],0,[]
49,0xad0832d7a7b9cd1b105eea9b4de7271fb82e76e9,0,0,[],0,[]
50,0xad08c4957dc64aa27722fe922ca67e8116ec3e0d,0,0,[],0,[]
51,0xad0950e4899e2e62b8a25da6c98986faa6666692,0,0,[],0,[]
52,0xad0aec90f8af655ad2d8c65266474756338f8999,0,0,[],0,[]
53,0xad0b333f73c2b541a571b48154ef3455ef94507a,0,0,[],0,[]
54,0xad0e907a3f3c517acbfd9054b43f743e4edbbe95,0,0,[],0,[]
55,0xad0ef0d7a4f6e28324010b68b745e3bce05cbc0c,0,0,[],0,[]
56,0xad123c3426bfc45e4cbc8391966c369574eec180,0,0,[],0,[]
57,0xad12423f7ce699c8f92e28c6f8bf5c0e4b98d7ce,0,0,[],0,[]
58,0xad126ea56df1bd4f394760d846af3f349f0363ce,0,0,[],0,[]
59,0xad128857e59a11ac345d40c6fb0c0832d7c31c56,0,0,[],0,[]
60,0xad1381b56303b775e56fff358cf755bb72e944b3,0,0,[],0,[]
61,0xad13e2628410e99b87fc838a83e520a369cf8ed0,0,0,[],0,[]
62,0xad146095bee80916e61ccf3bd97e99794ec4a7f5,0,0,[],0,[]
63,0xad14a88d5a05da96e38f9e83a18973c057cea638,0,0,[],0,[]
64,0xad14e4564a57d495924c86241e409bcce4a0c913,0,0,[],0,[]
65,0xad15aeb3eb853fe1d4b10ed85d3beeddd4c571d1,0,0,[],0,[]
66,0xad177f46c4a9cddb25f0c1efaac45a7cdf82a914,0,0,[],0,[]
67,0xad188f6fad8aa724178389b4f138c2fcfe692fff,0,0,[],0,[]
68,0xad1922818583f6e50bd12db81622cb16c302e83d,0,0,[],0,[]
69,0xad194a32698f86181c8222bd1f379086d09296f7,0,0,[],0,[]
70,0xad1971c80e75da7591c2db557fb2e398f50e575b,0,0,[],0,[]
71,0xad19b378f33fc101f7d642659a293548b7008013,0,0,[],0,[]
72,0xad1a027545116bb22559df90c0e86c380e0aaa2e,0,0,[],0,[]
73,0xad1a117450dd00738eb7177a4cae51bff5149e7c,0,0,[],0,[]
74,0xad1a74a31b00ed0403bb7d8b11130e30ae15853c,0,0,[],0,[]
75,0xad1bacd74efb03fd6ec5ed67b33272996103f76d,0,0,[],0,[]
76,0xad1cbe6fcab49120273df0c308f6c1b094fbfb57,0,0,[],0,[]
77,0xad1cc47416c2c8c9a1b91bff41ea627718e80074,0,0,[],0,[]
78,0xad1e011906d6e47d76c632852d54f901b737cded,0,0,[],0,[]
79,0xad1e0ac2686c059f47301fcdfac8273cba1ef4a9,0,0,[],0,[]
80,0xad1f2688641d9fe17239d3625a8b6ab92ae78e89,0,0,[],0,[]
81,0xad1f4d196d1818e9059c148b60a739e9855075d1,0,0,[],0,[]
82,0xad1f8ddf162c78f77676dc421f0de91d58b5ce27,0,0,[],0,[]
83,0xad2168a369f61bb9e4620b95553a0e920940e5cb,0,0,[],0,[]
84,0xad218c30e6aa46c8253e54919a0c9d4bc42efe7f,0,0,[],0,[]
85,0xad22e1a9ddffe428b245ffd611480a14bd9d36f8,0,0,[],0,[]
86,0xad233db0ba3dcc071b0625921ea01720cf0aba9f,0,0,[],0,[]
87,0xad24850e3afa29e5d47a29012dbe22389e3781c5,0,0,[],0,[]
88,0xad252feafcfaf15b25be1c4b4a964c1dbfe34b1a,0,0,[],0,[]
89,0xad25db692211b3c8d78ca459ba2f184dad0df196,0,0,[],0,[]
90,0xad25ec7e357bdfd9ef25462ac45aaf543eeb34f1,0,0,[],0,[]
91,0xad26394618e089422bcf8b09d3756b02dab80156,0,0,[],0,[]
92,0xad2666865c9ff32444e2fff3b552595d90dfc5a7,0,0,[],0,[]
93,0xad275522aa64ad34ff45f461ce1d2fd857600fd3,0,0,[],0,[]
94,0xad2844acbe8cbde5ea1eba469db6332019e95bc0,0,0,[],0,[]
95,0xad286b35bb6a84027690e7ba1263ffb2609503ba,0,0,[],0,[]
96,0xad2883e1563a685b263ba0e4952924b89370faee,0,0,[],0,[]
97,0xad290c6dae4161e50e7ac6777be4368014d989e2,0,0,[],0,[]
98,0xad2955994fb189117478eec154153ba7d0f835ca,0,0,[],0,[]
99,0xad29b73216ec1a063a1f3e9454c6bacbb74d35ee,0,0,[],0,[]
100,0xad2b6c1f9e5b71f19fd802d9b334598c2736411a,0,0,[],0,[]
101,0xad2bde0e7a504a138a2d2c295d60d4c10dd033cc,0,0,[],0,[]
102,0xad2c796220e869611cc73736f667401e247a97bd,0,0,[],0,[]
103,0xad2d50b5d9de5eefe686d2e4c8895cd83eca4743,0,0,[],0,[]
104,0xad2d7ee1e17adcad461d50ba02aaa98f8d00d41f,0,0,[],0,[]
105,0xad2dde8d67d4e149d8ce6b8260a330699a6545b1,0,0,[],0,[]
106,0xad2e9f9c2deff8efe212cace179292b294c9f4fd,0,0,[],0,[]
107,0xad2f1625a4ca947b35258399248eabadadfbc25b,0,0,[],0,[]
108,0xad2f4d2ded1d558a23abbb5479423810b8b9d1ae,0,0,[],0,[]
109,0xad2ff20a49f9eec8529fa31c8d9ec66e4949a808,0,0,[],0,[]
110,0xad306c1f29eb03466d28db9cdb48c9047d8024cb,0,0,[],0,[]
111,0xad30c4811fd70bee3a368f69030def1e567aafb1,0,0,[],0,[]
112,0xad312585303ad7afeb83e183059abad1251008a5,0,0,[],0,[]
113,0xad31c0f5b1d3f97678d273e5570e439e482b83c0,0,0,[],0,[]
114,0xad32216fe475c9affae52d58215977ccc608aa05,0,0,[],0,[]
115,0xad3241cbe089782bfcbe4bdf52c84e334dd15b7f,0,0,[],0,[]
116,0xad3270a3a7ca45af3f4c2b458678581fe334eaee,0,0,[],0,[]
117,0xad328f5739fb4ac10130ad0a9a129b251ec4e50f,0,0,[],0,[]
118,0xad32cd6c5d881b27ff1e037b8747379f71b1d7bc,0,0,[],0,[]
119,0xad330f97b8da5ce594c10bd2f69c961b3c528053,0,0,[],0,[]
120,0xad33293a527abdbfd50a4eddb8aa1151106c0622,0,0,[],0,[]
121,0xad3454f37266119e8938c6e91960143e5325c5f4,0,0,[],0,[]
122,0xad34dc8b72564ea96a3fd72772d146a8d1787a87,0,0,[],0,[]
123,0xad357ca4946f1de05da78d553dc21cb3b7a18dee,0,0,[],0,[]
124,0xad360d904a1abd461f2477545cfb5bed789a0daf,0,0,[],0,[]
125,0xad36535f28f3aee93d3490ae267bc852974702ca,0,0,[],0,[]
126,0xad36abf5b2be920aca583df1d3481d291bc45e89,0,0,[],0,[]
127,0xad373380f291142467143d828b00281b3b0b896f,0,0,[],0,[]
128,0xad3767d33bdba7f778eadf4e240a2d8d1b3b1567,0,0,[],0,[]
129,0xad38b383a0c2922bd099403ac4a20284b527d637,0,0,[],0,[]
130,0xad38b69b25014496d4b46d7e22efe72f2d2c88df,0,0,[],0,[]
131,0xad38bc948eb5f17db04a2d83dfe02c71a94dd54e,0,0,[],0,[]
132,0xad39f298df2dd5a3e2f4108488710ba7f82f2952,0,0,[],0,[]
133,0xad3a17a2f813345a2ae9fae471fc60218fac1cba,0,0,[],0,[]
134,0xad3aa9564ae2347584caa10913e7b052addcfd27,0,0,[],0,[]
135,0xad3ab30bf7e7423fa8266c7300f2dcd07377dc7e,0,0,[],0,[]
136,0xad3ca1c16f7d3aaa7f51660c87beddc3b7f29c9f,0,0,[],0,[]
137,0xad3ceec46d2112165f38ee293015e37c7e6cd54a,0,0,[],0,[]
138,0xad3ea8cd360c6017598a3cdb6d944a25d4b69d0c,0,0,[],0,[]
139,0xad3ef0e777d0a4e19a4dd0234463d2cc6f64b1b0,0,0,[],0,[]
140,0xad3fcc3881735fd92a5b388d3883397143823a61,0,0,[],0,[]
141,0xad42c8b724596799671ae61c1f6e405217c0d974,0,0,[],0,[]
142,0xad43630c15c0211f6cd7066951071305a656adad,0,0,[],0,[]
143,0xad43fcb35ddd1a4085acc78bc17a0eadcb100f0b,0,0,[],0,[]
144,0xad4421039fa602e527eab78218cb965b65e56bcd,0,0,[],0,[]
145,0xad4489f64a8be791294116d3e99d2721c7f0a72a,0,0,[],0,[]
146,0xad448cc918263a990324851a0f7e9900ffe52a6d,0,0,[],0,[]
147,0xad4535f9ebe0b845c1890c52eb524bbc867528ed,0,0,[],0,[]
148,0xad4633c435cd3f268d7fb131f77c6cbb6411f5ba,0,0,[],0,[]
149,0xad464fade0624262164294d9df8230aeb788259a,0,0,[],0,[]
150,0xad471580e114649dc34cd77a7c7fe511a447e9d8,0,0,[],0,[]
151,0xad47da4364606414849ddf1b425a21f884f0e31f,0,0,[],0,[]
152,0xad4943f7e8e7496fdf1b7c79d5399ceaac4938ec,0,0,[],0,[]
153,0xad4989f058e8733e89c876ec6763df144baac5e4,0,0,[],0,[]
154,0xad49ad63eeb6bccb205d6290ce7e0d30a181531d,0,0,[],0,[]
155,0xad4b61240c27bd6c8a8b4d3b909158a6663426f7,0,0,[],0,[]
156,0xad4b91cadff8b979558b9c85c64020d9a4afd5ab,0,0,[],0,[]
157,0xad4d5bf1f0f8015928140b836e98e68661612010,0,0,[],0,[]
158,0xad4e2ef452894c45ee7889182faf77676331e34f,0,0,[],0,[]
159,0xad4ec851393af8f5ed24698f5d55d84b6f0a2ba9,0,0,[],0,[]
160,0xad5240b6780555e4a177c39280f2fa6f4c87c2a9,0,0,[],0,[]
161,0xad528a3b79cc5100b3fd26a4c0e11ac100a764dc,0,0,[],1,[]
162,0xad549c7fcf1bd3e57bca464d9dce0a0d561599d1,0,0,[],0,[]
163,0xad549e88702c701f39777078738415db16aaeed2,0,0,[],0,[]
164,0xad5509273d21f6f3e7a8bb9de306e6e573a84c04,0,0,[],0,[]
165,0xad55160a98e6011e281f55700966a32a22904d52,0,0,[],0,[]
166,0xad559d9abb4b151b15a93c4a42d68c33c3684f4b,0,0,[],0,[]
167,0xad56124e059b3a51fe69d78e6664d716bbbd2283,0,0,[],0,[]
168,0xad564d1c240390ff747a4b48ba2abb115f54dbdc,0,0,[],0,[]
169,0xad5652e65bfde3d39a0cf8aa1377f08a515afc88,0,0,[],0,[]
170,0xad570798fa568d93c52ee0f9839278959b13a49b,0,0,[],0,[]
171,0xad581b2e2c97ea2e896861bc6e97921693baeddc,0,0,[],0,[]
172,0xad595067e9a95bea1986daf72c8892d0e03801c4,0,0,[],0,[]
173,0xad59d2a3f85bd03cfb8f7e01ac84bfe5ec3ba9d2,0,0,[],0,[]
174,0xad5aad91e5ec4ace6e7e869a9d260440bd19c1d8,0,0,[],0,[]
175,0xad5ae47a9fa8c513d0e03d0ba806e574adef1e84,0,0,[],0,[]
176,0xad5b6fa7c14c76e01676961efa8fa6ab38d05fd9,0,0,[],0,[]
177,0xad5bf546cab869e9331aa8cbcb79670440a7f6e5,0,0,[],0,[]
178,0xad5ca05ff6ce2f4f588c4d810a6144547a9406b6,0,0,[],0,[]
179,0xad5f78f19d07cd3422aefe1f76abcae8de127219,0,0,[],0,[]
180,0xad5ff29b658decf9e6ca39ea525bcb98e8c0cdcd,0,0,[],0,[]
181,0xad60dade8a6941388789990622350a29165aff5d,0,0,[],0,[]
182,0xad615f88d4483b80dd415a0cf533c027d6ecde01,0,0,[],0,[]
183,0xad6200621c405e0a0f3a4567418f37bb64d6cbfb,0,0,[],0,[]
184,0xad6241408db226febe62252157bd48a96d30b558,0,0,[],0,[]
185,0xad62d4fdd2d071536dbcb72202f1ef51b17ece30,0,0,[],0,[]
186,0xad62da09a5fac08c802aa97707186c9be1838700,0,0,[],0,[]
187,0xad62f69b5d93880ec1ff39b1bbd995658d4f724e,0,0,[],1,[]
188,0xad6450c435d85c7ff8cded605ebadfcd9d06c8f3,0,0,[],0,[]
189,0xad64561293f0e0c27decca28d72d5d2f82a9348a,0,0,[],0,[]
190,0xad650e8f20f6727b2bae42c9302fcf1077fb87d9,0,0,[],0,[]
191,0xad65335106af5fa1bb6d326e4d2a0cc0b4c30628,0,0,[],0,[]
192,0xad658c7edbb50c0bf4525b3f6889db47223d8036,0,0,[],0,[]
193,0xad65a065e6c542b3bfdd79387f61445b90ee5fe6,0,0,[],0,[]
194,0xad66b927a7a6434eabd763ef53490561a886c043,0,0,[],0,[]
195,0xad66cf4e17328ad77a438e6cf5b98454c7d0e25e,0,0,[],0,[]
196,0xad68ee1ff16a3cc9dd95fc8fc870ca2eac210511,0,0,[],0,[]
197,0xad6c5ed0e5443c03d64ec77ab7f15b0eefa81c1e,0,0,[],0,[]
198,0xad6d1a848f00ae5975e9e6a1833373fca3ec7dd6,0,0,[],0,[]
199,0xad6d7a90dbfeaf2391b5b93e487f8aec33df31c8,0,0,[],0,[]
200,0xad6ee7c40d7d80a6c404e82e77cde5c5088e98a5,0,0,[],0,[]
201,0xad6eec843d629ba5a6bd0d57b3a728363b9b59d6,0,0,[],0,[]
202,0xad6fceed0402aacc53643e8568b9a7d8c1e3ae64,0,0,[],0,[]
203,0xad7086f225d09142fa38cdc7afd7ca6154448161,0,0,[],0,[]
204,0xad70c32b9417dc3bd8e3b2d6d88481169a869513,0,0,[],0,[]
205,0xad71ad35c1ac98ffbe8f065b08782ee9dd6897ad,0,0,[],0,[]
206,0xad720ce3bae3a305107b039fb2637c29e44ed003,0,0,[],0,[]
207,0xad72aa5d77415b74119815704694332a9daf6b8a,0,0,[],0,[]
208,0xad738fa27c49ff597cabe1c8351b4bede39decfd,0,0,[],0,[]
209,0xad73c9dbc6865e18683f64d0d98852304adb7c88,0,0,[],0,[]
210,0xad747d82b0a4c3f66dba067762e664ba866c08c0,0,0,[],0,[]
211,0xad769f2aeb5f231bc61c4ed1d9bd7f07428d934e,0,0,[],0,[]
212,0xad7720466d2da866af1bd16f74953bd66b393674,0,0,[],0,[]
213,0xad7748a9b5482256f449243a432541d17de17e24,0,0,[],0,[]
214,0xad78a64a17c2e59aa2a80fcff4f2c49c7c2c2c5e,0,0,[],0,[]
215,0xad79106d7e31c0f87065f3d17befb8f2b59b2a72,0,0,[],0,[]
216,0xad7b21bd86658ee03bbe2ee35336c4aeb04b8d6a,0,0,[],0,[]
217,0xad7b4e86fe4a5a9edfe29f464b86aacb1770d0f2,0,0,[],0,[]
218,0xad7bd3cd05abf8000de825f6d6698926981e8b11,0,0,[],0,[]
219,0xad7e2bb37e12cdae01f9379c24afef499431235a,0,0,[],0,[]
220,0xad80d166ed49db6afcbc5c552401586e7d075eca,0,0,[],0,[]
221,0xad82704804ecd22828351ee1eb2ef228d301da31,0,0,[],0,[]
222,0xad828b3ac4225918317e0916b6f99358e7618265,0,0,[],0,[]
223,0xad8303f72da60c3cd0971c1485320b7c6243fde6,0,0,[],0,[]
224,0xad84693a21e0a1db73ae6c6e5aceb041a6c8b6b3,0,0,[],0,[]
225,0xad84afa44a7b1b60001b83a41c546ae1d35e007a,0,0,[],0,[]
226,0xad86580d0d4b6837534bf4110cb5db8ed2a844c7,0,0,[],0,[]
227,0xad867bba1271c0e10e7f069ca1122b6b010ba5b4,0,0,[],0,[]
228,0xad868084b051bc51b90117bb05bb04849f5ef3c8,0,0,[],0,[]
229,0xad87b6b6e3f25824aa8d9e8f700614f71c5cef87,0,0,[],0,[]
230,0xad8865fee684ee0de827aac8be33a75c0c4f0944,0,0,[],0,[]
231,0xad8a93897f0d3fcba96adfd6d26b876084caadeb,0,0,[],0,[]
232,0xad8a9c8659b10a4b4eac7bdea503666d9400b729,0,0,[],0,[]
233,0xad8b6336d1f1670c66e30dbdaa23451508c21048,0,0,[],0,[]
234,0xad8b65381cf81bcc61a9a58f9accb27d0419e8d9,0,0,[],0,[]
235,0xad8cdd7b49ca9a23fbce8a1b1133444d64cafdeb,0,0,[],0,[]
236,0xad8cf42977fbb3503bd8f3ee69e98bd28ac03af2,0,0,[],0,[]
237,0xad8dcda3df80a524db2824422caa99e4c0a7dd4e,0,0,[],0,[]
238,0xad8e3034a0280aac824e20999f247b503d133297,0,0,[],0,[]
239,0xad8e9a2e4c9d71edb0425edd0911d4062c28b219,0,0,[],0,[]
240,0xad8ec7926fc30abbf9f533f60047713b95e08d71,0,0,[],0,[]
241,0xad8f7847f7558847f81453735afae264ded35362,0,0,[],0,[]
242,0xad8f82245062d20db63faca796c3bef37a377655,0,0,[],0,[]
243,0xad9083c6cadc572988efb604a87e86f8de205bdc,0,0,[],0,[]
244,0xad9084c37840d012e6e8b45f4520fe5ee219b9a5,0,0,[],0,[]
245,0xad90b461b038d4972ec900c49792c1eef29a4cbc,0,0,[],0,[]
246,0xad91b8e8239bda1020cc4b4cead139842e85fa55,0,0,[],0,[]
247,0xad91bae71e4569ec5ff09be170e223cc6b388ab0,0,0,[],0,[]
248,0xad91bfabd6e7c005f204475c3af95a64966c531c,0,0,[],0,[]
249,0xad928e545cf5598802b3c601e04b0cfe6bf6351c,0,0,[],0,[]
250,0xad92e09975a6c640016632ef1cb5e97dc44c244c,0,0,[],0,[]
251,0xad9369c388aa82dc7ef055616e58f90a1e66b4d2,0,0,[],0,[]
252,0xad964a55205d5ffb7311bced9a8880bf2b91f9d6,0,0,[],0,[]
253,0xad967a12c27edcfca7036364739001b2b3cc71f5,0,0,[],0,[]
254,0xad97b225134339a51cd25e53af031dcef596ef7c,0,0,[],0,[]
255,0xad97f87decd6227ebcf867710ba4482a6a486172,0,0,[],0,[]
256,0xad98b2ab3db461417a789cc65c122b31f1b42aae,0,0,[],0,[]
257,0xad99c18742ac5c5e9c5d23f13d4f2eccdca9ad5c,0,0,[],0,[]
258,0xad9a89e66ba5c1af450a304829401cb5545b92bc,0,0,[],0,[]
259,0xad9baa283fab3f3abb1a5d0e30389b60de3b1f05,0,0,[],0,[]
260,0xad9d52f9c95849242ef0df85068f5b72b8292e3e,0,0,[],0,[]
261,0xad9f9194c68bd83250a534a7da574687e1f102ff,0,0,[],0,[]
262,0xada0b7eec097c5a5f4ea0c57880da59a5e19992d,0,0,[],0,[]
263,0xada46f0c68c092065bdffc6c5d98207140e875e5,0,0,[],0,[]
264,0xada642258390b4f9eebdb7c1a9896b3b6d7e27de,0,0,[],0,[]
265,0xada6b747f95a8d28c60ef56fa9395f8e481d3873,0,0,[],0,[]
266,0xada7c86f4206e1f6b8540bc304cdbc00f01bb64e,0,0,[],0,[]
267,0xadaaafac2ea1061510d2fc52aa2fbd0ffc424a8b,0,0,[],0,[]
268,0xadab3cd88877d56c87c14f4774acdd7391cc14ed,0,0,[],0,[]
269,0xadab4df3d8fb2927f59487c2fd90df17a3ae20ce,0,0,[],0,[]
270,0xadab738a7a091b9b729bf8e70803ea868c8762ab,0,0,[],0,[]
271,0xadac3e7000241b4e7d1d259838cb518013c393b1,0,0,[],0,[]
272,0xadac8e1c3474d09816d5d9eaede524769f46fc1b,0,0,[],0,[]
273,0xadace4a849827460ada93665e01a5b57eeca19d1,0,0,[],0,[]
274,0xadae583beba5085c29faa876847ad9891104c3e6,0,0,[],0,[]
275,0xadae85e5438e81ae5f272a394ef9b0e8d8152185,0,0,[],0,[]
276,0xadaf9433a57b999e774c69015e85db2b022d8035,0,0,[],0,[]
277,0xadaf94c8e4ad77a99cc8fdd53b26625c1ec21ad0,0,0,[],0,[]
278,0xadb09a5d01c8da7cad6556275c5e734734c31fff,0,0,[],0,[]
279,0xadb334feccda31ee7e20a10aecba40c19329e088,0,0,[],0,[]
280,0xadb3c8ff48dd3d42b00470984c857b68f8b9dce2,0,0,[],0,[]
281,0xadb5b59bfb94e8c75dd6aab82d2dc16c6406ad66,0,0,[],0,[]
282,0xadb5d2cce25b51f41938a540348121ea732bb641,0,0,[],0,[]
283,0xadb5e062306aba310398923a9bcfb9f0b6316be7,0,0,[],0,[]
284,0xadb644a8757fbca63d2ab0a378340f5e78ff960b,0,0,[],0,[]
285,0xadb66221f484e1a97872ce97dd792cfbdcc380ba,0,0,[],0,[]
286,0xadb9e48341324cd3a0568b57040455b6ffd1ceb3,0,0,[],0,[]
287,0xadba633fd05f2a93dbfab523977997662876e398,0,0,[],0,[]
288,0xadbab4f38ff9dcd71886f43b148bcad4a3081fb9,0,0,[],0,[]
289,0xadbac67ab15fff80adfd370b7b9eb4ee6d1f23c1,0,0,[],0,[]
290,0xadbb1013989adecaa44037a3db201cb98c05a127,0,0,[],0,[]
291,0xadbb2bdb90624935168f72323bee78b6250f0230,0,0,[],0,[]
292,0xadbb613874db8e4d0f56659d54cda04149b42093,0,0,[],0,[]
293,0xadbb744a9434aad006772cf76e79d246c4506d1b,0,0,[],0,[]
294,0xadbc447052045e9a6d5bbe90623dac8ec82a4d05,0,0,[],0,[]
295,0xadc16ddc5e45932093aadd053d2ce4ab772c4b90,0,0,[],0,[]
296,0xadc2134bde1ddf9959765344a40b402f36ccd683,0,0,[],0,[]
297,0xadc41728f106102d79099706745cb0e3caaaf073,0,0,[],0,[]
298,0xadc5023a12238767aea8242defad1a1ed676c0f2,0,0,[],0,[]
299,0xadc585324d9e2e6aec0d553080c928bee517e006,0,0,[],0,[]
300,0xadc6048406dd93be66cf55997709649dc4fb5423,0,0,[],0,[]
301,0xadc68292df3d3eb2d9332ee91c59da1c84a7a36c,0,0,[],0,[]
302,0xadc6934c97597fc7429e10e203a593a65c101c1e,0,0,[],0,[]
303,0xadc72df7a035ddc067ff9b0e6fb653e23388781f,0,0,[],0,[]
304,0xadc8422d82c7e61b3ebebcef31e124af5608873c,0,0,[],0,[]
305,0xadca0093d750b7c24863f79bfa5178bd40fea314,0,0,[],0,[]
306,0xadca05c9d10446d264282c7c0f7dd0fda1e4d439,0,0,[],0,[]
307,0xadcb397c01b0ebf68f8c3d104b1b351072731117,0,0,[],0,[]
308,0xadcd1b60cf1db6b4351ecab52f06029956d46986,0,0,[],0,[]
309,0xadcd32a1c8f644e8f85dd499efc75797d5774bb5,0,0,[],0,[]
310,0xadce17a01da8edb9c37f920d576ed79c0129d83a,0,0,[],0,[]
311,0xadcf389cbf5ab615ec9ae4b25e7526b6159fd6cc,0,0,[],0,[]
312,0xadcf46f005ca17d71b09639648735d44d96be30a,0,0,[],0,[]
313,0xadd0d2e9b405ded97a70d79b6eb121bd58a12c58,0,0,[],0,[]
314,0xadd10dff7ef705c42cc89e4cdd37c53a13788b4b,0,0,[],0,[]
315,0xadd170e9783e4f30f8e41ff9a62e25ca15945d02,0,0,[],0,[]
316,0xadd191f581a17265e203e1ca6cc9f01c5a6f52d2,0,0,[],0,[]
317,0xadd26dfca83e39cd6bc7ddcb1ba7b127b2d51ed6,0,0,[],0,[]
318,0xadd2aab05c1aa892792735f1eb895a2b14cd1d9f,0,0,[],0,[]
319,0xadd6d6e6234cf12512574806436b2e0e0975a4a7,0,0,[],1,[]
320,0xadd6d754b48a7eb4b4a71651722666093f7bc5d9,0,0,[],0,[]
321,0xadd834b1f73502e5cc17a382f3667183abad2834,0,0,[],0,[]
322,0xadda1b905a3a487573b621ec36ef77c43b8f9995,0,0,[],0,[]
323,0xaddc8f3b51e4c5241260a49ed0d41cb1a758e328,0,0,[],0,[]
324,0xaddde134b0d6e47b52a317967f99c2c31b06c110,0,0,[],0,[]
325,0xaddffbfda9fc9b9030d71391aef32eda12cbe4f1,0,0,[],0,[]
326,0xade0b06e81f570f3aa392a056a728fe43a05f7d5,0,0,[],0,[]
327,0xade12f53b682fda9ba1b6d55d66fbfd6f0e6633c,0,0,[],0,[]
328,0xade1349303d608b802af220b4afd338a0858387d,0,0,[],0,[]
329,0xade13a9e448a807188616aad3add0c6d7f01ef3a,0,0,[],0,[]
330,0xade1804de14980a085861c740971070f38899693,0,0,[],0,[]
331,0xade19af6bee1dd3023771b721d7d928c1e7ad470,0,0,[],0,[]
332,0xade19d94a7fa8c5df1be728630932afa85e18ea7,0,0,[],0,[]
333,0xade30800fab79ff9380166c8b35e47c60f45ef96,0,0,[],0,[]
334,0xade5423ba4fa386ce8f23c0515d29ae05d3fa360,0,0,[],0,[]
335,0xade5dce3a1e85b252c6f213bea7ea908a06bf62d,0,0,[],0,[]
336,0xade61a430f8915b62778c39efe2125b574ecfb72,0,0,[],0,[]
337,0xade6823c0207efe1b823621317da7fba37bd5c33,0,0,[],0,[]
338,0xade7af9dc8812b0b959d4e8bc55dbe764497fc08,0,0,[],0,[]
339,0xade883c2d201faee374ee238b88f4c0d9adf0d04,0,0,[],2,[]
340,0xade8bfb4b1ab40c20c0ebdf21d38163b8839507a,0,0,[],0,[]
341,0xadead97b0c0da74ac84aa7274c87048b4d290fc8,0,0,[],0,[]
342,0xadeb44f1371af708234414b82cce0bcd1f69acf1,0,0,[],0,[]
343,0xadebff92fce62b2e6ac9e72a286ff1501098d09d,0,0,[],0,[]
344,0xadecefceb40ce12f4ddd067d70326f7b90f9da02,0,0,[],0,[]
345,0xaded4b5f9ba879b1b47ac5cfed0b4598d9b7241c,0,0,[],0,[]
346,0xaded5d84c09e44343d9a363ef648aa377143bc09,0,0,[],0,[]
347,0xadee2be86a4682cf9b14c70953c69257af5bd97f,0,0,[],0,[]
348,0xadeeb9d09b8bcee10943198fb6f6a4229bab3675,0,0,[],0,[]
349,0xadef1f1bd68f5951e140485cfb3ab06f82fa6a99,0,0,[],0,[]
350,0xadf00a18cca8a2fb93ea87de501c337be9ba7912,0,0,[],0,[]
351,0xadf080c8b238844c164f06bc640085ce3f156a4b,0,0,[],0,[]
352,0xadf18b32d207c145f5aac24758cb709bcdb087b7,0,0,[],0,[]
353,0xadf19bd8c637b3241e25e0d60ff78f598008ecc0,0,0,[],0,[]
354,0xadf204aa4d49a51f6da8ca991cc6fb7c9091f9ee,0,0,[],0,[]
355,0xadf205b4e6c4e38138f2331dc255464a0f2a4377,0,0,[],0,[]
356,0xadf3c88c5a19a652ad1ca58d3484f6de4fa47192,0,0,[],0,[]
357,0xadf3f99d28a97fff4ed59203f3a82e9d71952780,0,0,[],0,[]
358,0xadf42ed1209d29246cc3d4053967bdae47477b3f,0,0,[],0,[]
359,0xadf5427a7aadf09caf9d640a37565efcb131cf74,0,0,[],0,[]
360,0xadf6b6166312a5612cb1b6998b4e94a818910d4c,0,0,[],0,[]
361,0xadf6fa6b0d7999d195061c66e1100ddab1abde9a,0,0,[],0,[]
362,0xadf7ba220339ad184fd3c8c5ea2eff38c4228f58,0,0,[],0,[]
363,0xadf80f8bbc2af06063c7d5b4dc4b650c90203a96,0,0,[],0,[]
364,0xadf8d761ed7f2f8a9703267386b920036e5216b9,0,0,[],0,[]
365,0xadfa2212b489bc244ab6b850693816a8555940df,0,0,[],0,[]
366,0xadfc5a5e8b5e3b743d146d9e284e4959af91b673,0,0,[],0,[]
367,0xadfd5ec169a18e6f78c9b9f31f42948efec67de5,0,0,[],0,[]
368,0xadfe74b65741733e91cc6ced766be4ea6cee7aa1,0,0,[],0,[]
369,0xadff69d9d494104de288bc147c293271d3dc3440,0,0,[],0,[]
370,0xadffc7ff3e937e3d7a34e989fac05fe06cd0fc99,0,0,[],0,[]
371,0xae0094a3d4bc74c7f30f8a680e13264233f94067,0,0,[],0,[]
372,0xae01ef3ebbbcfff043099c472a5503f09e87f9dd,0,0,[],0,[]
373,0xae0249869c021f99ec05d1827176a6804d9c7f16,0,0,[],0,[]
374,0xae03105f89f9c2172d6cd187536a06f3486db16c,0,0,[],0,[]
375,0xae038336d684818dc5d363c0cd77c52e85fe5a46,0,0,[],0,[]
376,0xae03c3c56e3be547bb73945371a5c38ef7022185,0,0,[],0,[]
377,0xae0413c12509aa10844b64fdcb313cdf654e589c,0,0,[],0,[]
378,0xae045c46187f6a6acd91fb90c06b55be23380b4a,0,0,[],0,[]
379,0xae054907081025e263b2d00d74e3ce0484b0d4ca,0,0,[],0,[]
380,0xae063cc83596633158516eb2769cc796a9a5b9e3,0,0,[],0,[]
381,0xae07c70ea4fa89d93532e5c73b069f14fa64ac7b,0,0,[],0,[]
382,0xae08e1b1e8c835acac16359f50e5e0dee8fa2b05,0,0,[],0,[]
383,0xae0a739c3724bb5cd2bdcf73764c87a5a6ec21a3,0,0,[],0,[]
384,0xae0c37cf7f1efd9ed9d086d18a7a51d05eace5a0,0,0,[],0,[]
385,0xae0d35889578d85bd5133ee15d22d985681e258c,0,0,[],0,[]
386,0xae10f2e0012222b7bd0c183174ee80b42ed5ae7c,0,0,[],0,[]
387,0xae11b1c2d6fb7c0f71975faf54ac6d3281d846f9,0,0,[],0,[]
388,0xae11d4eb4a30337b7f69a3f77251a2663f975f96,0,0,[],0,[]
389,0xae125f5af793d8eaac023af8ed6347c1e7b5028c,0,0,[],0,[]
390,0xae12a8b278ccd735e7450ac71906d31f6fb7cace,0,0,[],0,[]
391,0xae12b5cca272b74d2e7513cc5812a7e42b810f1b,0,0,[],0,[]
392,0xae139be36a9aaf91af8f719740ce3a2f7102e66e,0,0,[],0,[]
393,0xae1467df6a41c1917e45b640525f5f4a2c94561a,0,0,[],0,[]
394,0xae147acba9c029b207421191c872394c9de8749a,0,0,[],0,[]
395,0xae14b068470dfe2a4742c993a9bf728a15d72dd5,0,0,[],0,[]
396,0xae14d69c487da3cd8c7b3fb8b0adf7cfe438af5f,0,0,[],0,[]
397,0xae1542c364276ff31ec9d54b881bb6d95fd89461,0,0,[],0,[]
398,0xae16d90dcb9641f61245f918c92d38e48737ba42,0,0,[],0,[]
399,0xae16efdb932b4b103330c530e6f6fc737953c5ad,0,0,[],0,[]
400,0xae1727d52cf2009e6e85446962abccd2d4b9fd08,0,0,[],0,[]
401,0xae18eb3f7efffa4327b80e92ea2b80e74ba0c6f8,0,0,[],0,[]
402,0xae192f68d5e987f217039ae469d437e428cda5a4,0,0,[],0,[]
403,0xae1981b7f37d7ae694e0158de56e66782f466167,0,0,[],0,[]
404,0xae1a1cdb13ec86506831531d9e52456b2c0eb625,0,0,[],0,[]
405,0xae1a4e1d9fe9c21541506afbd72287cdd8ead86b,0,0,[],0,[]
406,0xae1c7445e3873e4c5d78f5788277fb83f2fb9d42,0,0,[],0,[]
407,0xae1c7d00e64baec26999e43653e1e403764ad4fb,0,0,[],0,[]
408,0xae1d86f6f8aac356b0ce843f219e0db309fbf62b,0,0,[],0,[]
409,0xae1d8f6566f8c63a02e48533b23dafe9c17cf0d0,0,0,[],0,[]
410,0xae1e5c84b73136a49efb70a15149c350015391ed,0,0,[],0,[]
411,0xae1f7f90991935c4db92c4cbb6b6687a58f9df65,0,0,[],0,[]
412,0xae1feb53f9c415e5f30e587ae7830d2b0097572d,0,0,[],0,[]
413,0xae1ff96fe632aaafb09073df01e318ade4dbef0f,0,0,[],0,[]
414,0xae2041045be9ec3557ba3ba2d814da98f30ab7ca,0,0,[],0,[]
415,0xae20df1161a53e7e7f682348ec4dc184448aaa6b,0,0,[],0,[]
416,0xae21085c2867d9918497bed134b0c53a45b5a464,0,0,[],0,[]
417,0xae2135a36ec9529c09cf15c3bb6f1d0dbd8727f7,0,0,[],0,[]
418,0xae214e1a6f410cb74deed1737e349c5cdc564dd6,0,0,[],0,[]
419,0xae21b9abcaafaa8a15379589ffec636e8678b820,0,0,[],0,[]
420,0xae22242de5fd7798991b3acb5696af00b596bd19,0,0,[],0,[]
421,0xae2255e1b5e77996f9e869c8de370a1d430cf0a0,0,0,[],0,[]
422,0xae22f0357f4df5535cb9e0ca9bf6c4d18f8f592a,0,0,[],0,[]
423,0xae231a64fb4c895d0563811b57c646386e75815a,0,0,[],0,[]
424,0xae24df68ba13b99859c7c61277af5727e24ee044,0,0,[],0,[]
425,0xae27287f61426e69298dd83f7dc5b4ca202ee61e,0,0,[],0,[]
426,0xae280f6104489c53bc7e50ff71fd9d1d3d026318,0,0,[],0,[]
427,0xae28357be7069cdaf7b3378e72024ec143e8eae9,0,0,[],0,[]
428,0xae288bc61f9275b902a488bfc4f43b186a5404d2,0,0,[],0,[]
429,0xae29d83755ae866d7d5c76175fb85edb29393cb4,0,0,[],0,[]
430,0xae29e4b70326f699e5aeb85fbe96fd0fddaee08c,0,0,[],0,[]
431,0xae2b852967adfd7c15f673ee7efd172f22937dfd,0,0,[],0,[]
432,0xae2b8db1b79ce00d360526e19be5bf87bc22e48d,0,0,[],0,[]
433,0xae2cb999628eea396ea649b2e02451de6c814979,0,0,[],0,[]
434,0xae2dbfecd2d2110c5ebb010a3a9cbff89b686278,0,0,[],0,[]
435,0xae2f175948821430330b2aaed19cea2b60570740,0,0,[],0,[]
436,0xae301e35171dcfdd21323edeee34aa3085d6c7c9,0,0,[],0,[]
437,0xae3048a74ff907c2977e8ff79fb916f445381dc7,0,0,[],0,[]
438,0xae30debe2ce8258523938b44d2adbc4d6805ab38,0,0,[],0,[]
439,0xae311005f2596fc5b1d0f8252ddfd00e09b7cf51,0,0,[],0,[]
440,0xae31a6aae679dd42da54e8bdd4f9116b23a626c1,0,0,[],0,[]
441,0xae330f2ed977f86301839e00fb8c533594a205c4,0,0,[],0,[]
442,0xae3522688489c352f45292a857dcbf8a3b6cdbd9,0,0,[],0,[]
443,0xae363537e12fd24f9fbd331edaa9c319f2d8c96f,0,0,[],0,[]
444,0xae36b211bb84d72811f03e71e940059afcf7d1fd,0,0,[],0,[]
445,0xae37047a2c3178675563ea49739941dc08f3f677,0,0,[],0,[]
446,0xae387441742cd13712e00735aa76fe81e1f20068,0,0,[],0,[]
447,0xae388072b9b53bbd354470ed9a93d741a5457124,0,0,[],0,[]
448,0xae38855c862c9c5dc14fd056f6c1384e914a2063,0,0,[],0,[]
449,0xae38b5361216524145a53a250ccfea57b007b246,0,0,[],0,[]
450,0xae3ac3d52d34646b5408e4fef1d680330c1aab1d,0,0,[],0,[]
451,0xae3b0454159b1c2e615468cfe9a61004287bff4d,0,0,[],0,[]
452,0xae3bffc9e388227e8c0165baac5f222fb62796a0,0,0,[],0,[]
453,0xae3c12da6aa47f42ba58f2dfb9c1e8911e8d8f78,0,0,[],0,[]
454,0xae3c4dc9aa87564fbd8717cc895221fa22734df7,0,0,[],0,[]
455,0xae3c67b8aa12e458f2b4eafc0e9209710582c9d3,0,0,[],0,[]
456,0xae3e8e50db2a0c47cce83722622fdceafecb5b7b,0,0,[],0,[]
457,0xae3ee144e2c7ae4336919ca199f1a3b9dc9e0bb6,0,0,[],0,[]
458,0xae3f171def425ffad658dead81bf1e9a046c7384,0,0,[],0,[]
459,0xae3f4e4f9ef67c6b9fbefc73763e714b113cf002,0,0,[],0,[]
460,0xae403cbeca064fc7c1a552f0eea08ea337fe9d34,0,0,[],0,[]
461,0xae4060fa1606935d4ce9922ded9510f4b142c577,0,0,[],0,[]
462,0xae4076912111a01da810fbfe8cbd9ce0b881ff78,0,0,[],0,[]
463,0xae41de15018c3118168e267565e8228fc387c41d,0,0,[],0,[]
464,0xae424a5cdc6c21ec3a629df5824570862bb0e925,0,0,[],0,[]
465,0xae424fcced379cc5d4bf289ddc933efde7ddaef5,0,0,[],0,[]
466,0xae447efdb02d15d460d9c640710244f3ebad5473,0,0,[],0,[]
467,0xae44ad90f98b1c5b8f9309dc73d437a5f95995c4,0,0,[],0,[]
468,0xae45e9aa9f37c35751dc61e13e7e727c0883343f,0,0,[],0,[]
469,0xae4634ec379e95c0ffaa52a7b8bcb4c138214077,0,0,[],0,[]
470,0xae47363f1065a91958a554f8328e47b2dbd057ae,0,0,[],0,[]
471,0xae48121ba03d5cb89c770f37f20aef8b301d1fc9,0,0,[],0,[]
472,0xae49fec8cbbf0c03512a85a5de463d72260f604a,0,0,[],0,[]
473,0xae4ab9ad987006f6e11ccf59cab51f904d9422fc,0,0,[],0,[]
474,0xae4b411355f3cbf31c65499cca90f390a5915575,0,0,[],0,[]
475,0xae4b51976d6425f18fbc8ddb3c7f25ba4a270952,0,0,[],0,[]
476,0xae4c248dba929095d3da4bbe25a58fb6dbced0c7,0,0,[],0,[]
477,0xae4e9651ecb807113b67f94a883a5e168c9d4f10,0,0,[],0,[]
478,0xae4f0d82de4e821ba4ad7a05a3db38696c746607,0,0,[],0,[]
479,0xae510148eed96ca181e50ce3656e8cdf95b0d665,0,0,[],0,[]
480,0xae51b9aaf33b10fa28e55e36a162a3c76463c5eb,0,0,[],0,[]
481,0xae52649e1e9d280bf33f64829e0810d96c30c929,0,0,[],0,[]
482,0xae530c7d3fee3be95f15b3c6dce122c9069af14c,0,0,[],0,[]
483,0xae5439ba7ae5ce68a15161bb4b381d41796e2eac,0,0,[],0,[]
484,0xae5478bfcbe33b8c04620181b6f7422d4844a91b,0,0,[],0,[]
485,0xae550e7547d03ddf63f043582a7e8de3c94f64ac,0,0,[],0,[]
486,0xae5562d1d4731522992bf2fb68d161c4e534f09e,0,0,[],0,[]
487,0xae5567daa94b853b63297be50db24917d41c2e84,0,0,[],0,[]
488,0xae558290b606eef16a3d26184d59af1456dc4543,0,0,[],0,[]
489,0xae559b5835c4f79f6bddb64b04a7f651725a097d,0,0,[],0,[]
490,0xae568dfd601024e8c0a0c5e04c1e600db044d11d,0,0,[],0,[]
491,0xae56d3eb8c7d65b13f43f48f7456812985971e96,0,0,[],0,[]
492,0xae575fe2941ad116bb468a1e68c124be02f89dc4,0,0,[],0,[]
493,0xae57625da25cef866f276a11d219ca3ee4458025,0,0,[],0,[]
494,0xae577e063cc1e5d3b1bcf4103426f1dc5627124e,0,0,[],0,[]
495,0xae597035b5eba66133d1c0008332860a9459aee9,0,0,[],0,[]
496,0xae5c25dc74d9d02d9eabf6f0b9d697fba3dbdb1c,0,0,[],0,[]
497,0xae5cf0ca60aaee4b8c87d6dd6d9aba906d6add43,0,0,[],0,[]
498,0xae5dd76c4a3b83f3e2c1d7b81c982494409fc250,0,0,[],0,[]
499,0xae5ecb75bb2461a1fa8b990c1468fff924d4d7af,0,0,[],0,[]
500,0xae5fc5dee8a7e03ea75fe38fffe5ed068f7fbdda,0,0,[],0,[]
501,0xae602bf80dc775cc8644e0c05f4bde9d006aff9d,0,0,[],0,[]
502,0xae60c874ee07f44fb7bbbd1a5087cdb66e90bed8,0,0,[],0,[]
503,0xae60da5f4f1ae7a4f18e5632f389ade1d1a8bcb2,0,0,[],0,[]
504,0xae614e49fb5587be82b1afd137536c79a0e397b3,0,0,[],0,[]
505,0xae63120ca7f6afbf13412b8b7a44e0c4ba07e32e,0,0,[],0,[]
506,0xae63e1f1e9b3efbbe86b10354ebd8e87bfa8aa54,0,0,[],0,[]
507,0xae65ec977b17b480e7ee3c4e794397c6b2874e29,0,0,[],0,[]
508,0xae6686600f0019b56b4c890225ce7526690b83c1,0,0,[],0,[]
509,0xae675c63b19963efe7271cc0c3dbf8b663a2e960,0,0,[],0,[]
510,0xae67d6a44ae07ccb69c7c5097cf526901d6fb8cd,0,0,[],0,[]
511,0xae68ff0ad7ee8e07fe73699bb8368504736c276b,0,0,[],0,[]
512,0xae69116e4aa49645f78c1fc9f28f677aede0d153,0,0,[],0,[]
513,0xae6976751251d769bd049fb1f05423837040ff36,0,0,[],0,[]
514,0xae69a6a995eeb7b7b0349359ef29aa51548869bd,0,0,[],0,[]
515,0xae6c7551120c2679eca95694b59e45893228a329,0,0,[],0,[]
516,0xae6f557f06880ba814ffa46f423bb9b9e012e2ba,0,0,[],0,[]
517,0xae6f85921273599c5c2469c7d5af4132ae6e079e,0,0,[],0,[]
518,0xae6fd706582aa8b95a1c2650f6c1406ba98d2a39,0,0,[],0,[]
519,0xae6fed72ba2b1bd07f1d340e5d99e9e661ebe52b,0,0,[],0,[]
520,0xae6ff621a3aa1d1ecb598d9c725055c35ca97a71,0,0,[],0,[]
521,0xae700d9d0a99e2d219a74b1ffe7066071b240447,0,0,[],0,[]
522,0xae7040b991dfdf5a9d1d0152f8584a832c52974c,0,0,[],0,[]
523,0xae731f120231bc61b6982c62f2957d0ff78e487b,0,0,[],0,[]
524,0xae746577c64782fc07766ae6472f714a3f5c73e6,0,0,[],0,[]
525,0xae74aa6ba841f515d47e9045deb53411633d44fb,0,0,[],0,[]
526,0xae74b9610a784bdb074c106747d34b17faa89322,0,0,[],0,[]
527,0xae75e5f21cf683190b7c4949f5b7251a7627fe6a,0,0,[],0,[]
528,0xae7626171970473101214f7502781b2f08528530,0,0,[],0,[]
529,0xae7683a825805cdafdef47504bd0fc4d546097e9,0,0,[],0,[]
530,0xae772a15163ce1ac3e9e4250caddee475899f886,0,0,[],0,[]
531,0xae784f21e646d83b685a4c307ff0fbbf88f49849,0,0,[],0,[]
532,0xae7861c80d03826837a50b45aecf11ec677f6586,0,0,[],0,[]
533,0xae786e1f9b0ab70a34ed1a3e87db33ae3af030f0,0,0,[],0,[]
534,0xae7888aa070d74ba3c23bdbcd8826d8e19e45708,0,0,[],0,[]
535,0xae790a632a4f69e00aa710889de35854c87e9f66,0,0,[],0,[]
536,0xae7954284d61b2ffda5e80d40f5a4a321525fe28,0,0,[],0,[]
537,0xae7a8bbf95d300c96140478b16276fca745e6ffc,0,0,[],0,[]
538,0xae7b8cceaa21b632125785615d86d6a517af0ffd,0,0,[],0,[]
539,0xae7bc2ecb4d293105cb0b21500b710eeb7ca8321,0,0,[],0,[]
540,0xae7c2226e1b99b7e8a027b93e737ec4b4eaaa43a,0,0,[],0,[]
541,0xae7ccdbad891bcf990bc8cc5bd82e1d41a0d7066,0,0,[],0,[]
542,0xae7d68d080938390406b1290ac1f6e01eb0ec522,0,0,[],0,[]
543,0xae7ed2368e7d95b9712fce8710d69c03c2c616a7,0,0,[],0,[]
544,0xae7ee1b48454ac7bb8e108d88d1564332995fa3d,0,0,[],0,[]
545,0xae7f08301a0b774b3f9a7f7f3b7e99f1570eb1dc,0,0,[],0,[]
546,0xae7f087fed6b5f8195374acff1b16826584706da,0,0,[],0,[]
547,0xae7f76861f23f8da48ca82a05a0ffc8f9aef6af6,0,0,[],0,[]
548,0xae805de8b5d7976f70e2c6509fcfc17400805dd1,0,0,[],0,[]
549,0xae80dcf8109e2774d38884ece6c11191c7a1c583,0,0,[],0,[]
550,0xae80f0c1218ba5a08e952987e5ccbfa2a140fcbd,0,0,[],0,[]
551,0xae818712399223f18cbb75731454ca9eea0b7e10,0,0,[],0,[]
552,0xae8217941ec7621c212ccaa3bc5fbd6f9ca2f8f3,0,0,[],0,[]
553,0xae8223fc65e401cc70f6325e3bd5e1237a2483b9,0,0,[],0,[]
554,0xae8244bb7bf14660ace49fbd7afefe27a78f40d2,0,0,[],0,[]
555,0xae83219720b9f2daee0f733cc2dd26629c4a552c,0,0,[],0,[]
556,0xae8453d0d4c581dec82dab0ff1c5048690bd6c12,0,0,[],0,[]
557,0xae86f3fd0972c562d0d661da804b9cdcdac1124f,0,0,[],0,[]
558,0xae8708a2ee7d913afd5e2d458341b45552b9790e,0,0,[],0,[]
559,0xae8aa790177a2986fbca1ef9e7d27b1f25f727a8,0,0,[],0,[]
560,0xae8b23bb6fb012ed82588274ea06a00e18cc1736,0,0,[],0,[]
561,0xae8be269377c4075feffdd12fb6c3f85a176b970,0,0,[],0,[]
562,0xae8c386c2d406389547f165a77232e2833c9be71,0,0,[],0,[]
563,0xae8edf49fa33c9dfbc4f7f8a81d6fcb7e9f99da3,0,0,[],0,[]
564,0xae8f748df5b7a23838f348e3df6d3ba6d1db8256,0,0,[],0,[]
565,0xae8faa40c64624324da7350077ee22321fb76df3,0,0,[],0,[]
566,0xae8fad6c873ea877a64a05ff47be9a8b64575cb7,0,0,[],0,[]
567,0xae9033ec252ff3384f79ab390d1ce6530557f113,0,0,[],0,[]
568,0xae9191803c2a545bc01d34bbb52ce12f43436a7a,0,0,[],0,[]
569,0xae92ce424b488ce362b4147d48f11c3514d615e7,0,0,[],0,[]
570,0xae9393288285043daed4b89853d0a299d082b02a,0,0,[],0,[]
571,0xae95a9541806a0492931be24699faf8d21bc0215,0,0,[],0,[]
572,0xae95f854d8ce3076c1797333dcb220afc8791d90,0,0,[],0,[]
573,0xae98398edfb6d6b2d5d27f1743954b74c8142964,0,0,[],0,[]
574,0xae99c88c89cb04953a23e1ecc95aa36947e529dd,0,0,[],0,[]
575,0xae9a30fdc0caa2eb8624756f1725f75283aaa343,0,0,[],0,[]
576,0xae9a6947834b38e4244f3085f4ea3b06db9c081c,0,0,[],0,[]
577,0xae9d5647400ce620dcf954b0f822976ced9a6504,0,0,[],1,[]
578,0xae9d76ecb71ce40cfd9089d73146797388777ecc,0,0,[],0,[]
579,0xae9d8a297191ede9e8fa9678484c3321eb8b55b0,0,0,[],0,[]
580,0xae9f6802361080da15b26ef31f681041177dd91f,0,0,[],0,[]
581,0xae9f9d109ebd08276fcda02234e89110fe996809,0,0,[],0,[]
582,0xae9fed7edf2bc3e2365eb63f9c5155721fde715a,0,0,[],0,[]
583,0xaea13a9b44656cd58b34968b58ef73c16242bdfe,0,0,[],0,[]
584,0xaea29b872661e0b4066537bfc8516c8271ada550,0,0,[],0,[]
585,0xaea34095c51e5b811182777d076e602d302fd019,0,0,[],0,[]
586,0xaea3720993e8244e74515f692351c8df9d139897,0,0,[],0,[]
587,0xaea431b16b9a518140201cca3308cb5bf8e05e31,0,0,[],0,[]
588,0xaea5172a77f8ecf024c9683e06af539ba3e8a9d9,0,0,[],0,[]
589,0xaea61bffc84031c4c1d1f2c7a265ae52eedb1d21,0,0,[],0,[]
590,0xaea61dcd45cd299a8beb0d42484344fc20624e95,0,0,[],0,[]
591,0xaea6355e4e8cf659a2c783e1c8c9c183a44aa6cf,0,0,[],0,[]
592,0xaea66e14d5c3b4bf4d1e5bc1d99a0451a537855b,0,0,[],0,[]
593,0xaea7473a95e9484576c8264d2eb15b0aff89ca6b,0,0,[],0,[]
594,0xaea76e3f3b2d14b01b31913c8cbd73e894e1e895,0,0,[],0,[]
595,0xaea835b04f4746a066662b4b44a6c833ec682bde,0,0,[],0,[]
596,0xaea8658914cf1ee552e30c8a71906cba5897b4ad,0,0,[],0,[]
597,0xaea8e3bd369217cc6e3e6abddf0da318fba8e59b,0,0,[],0,[]
598,0xaea91190dfa1c80cb140f2bfa46db065dcbc9433,0,0,[],0,[]
599,0xaea91e7335bb32489ae25315fdd8f1b55e8f8c44,0,0,[],1,[]
600,0xaeab53157dc9b0eb7b0f931cea270ece5da087b0,0,0,[],0,[]
601,0xaeab6b930578badb13b5f40efa3606f3db88f868,0,0,[],0,[]
602,0xaeab8114f8920a0522f422618c5b9a2c618527c3,0,0,[],0,[]
603,0xaeac516f3364eda84b3aa71dc5047d3bfe803cf9,0,0,[],0,[]
604,0xaeadf645aba208eb84cba39708bf253fd9cac60f,0,0,[],0,[]
605,0xaeaf98c960994568315c5bfbce42f5b4ffe0d7dc,0,0,[],0,[]
606,0xaeb0e11e7c21715b4e8f3425cb3d4978e5a7cf11,0,0,[],0,[]
607,0xaeb12067bfc1eb64fcdae8daffc76a4cb2069457,0,0,[],0,[]
608,0xaeb25aecd80d1c120500f3baff65433ff13a571c,0,0,[],0,[]
609,0xaeb2761f832e93174ddad7d56197c2de02773a15,0,0,[],0,[]
610,0xaeb279bb000b850181471542991c6758ea2d3136,0,0,[],0,[]
611,0xaeb28c4a696f6a665f2fe791fbc9d3235bdecdd1,0,0,[],0,[]
612,0xaeb324f841cb52530cc6fee2b0e60b8785cc47b8,0,0,[],0,[]
613,0xaeb7d4965ef30a6f2d5bc78d767e98cc0b5def2c,0,0,[],0,[]
614,0xaeb81142f8b2965574cd6cc24745403e909d0b7c,0,0,[],0,[]
615,0xaeb87d23a4df5884c63899872bb1296ad6c024da,0,0,[],0,[]
616,0xaeb9eef4a129f9b63032e33be4bccefd46b09f15,0,0,[],0,[]
617,0xaeba5aab903659cfe452176e8d75650905472d61,0,0,[],0,[]
618,0xaebaaf184b30ae12ea8e7e7cece8a94c9f9ead1c,0,0,[],0,[]
619,0xaebc6fd1db7c9a882248b1078569b2eb85218363,0,0,[],0,[]
620,0xaebdbc775bb6b1bd8149d35f54223cbace2aed21,0,0,[],0,[]
621,0xaebe12ef504af0971bc645eced110b42ba8cef97,0,0,[],0,[]
622,0xaebf0fb91f73e560b134b57dc50f341916c13952,0,0,[],0,[]
623,0xaebffcb7519274f634145096d4e76647440dec10,0,0,[],0,[]
624,0xaec0d25498cfd7b4b28cf30cbab22151ba2f8150,0,0,[],0,[]
625,0xaec123ebbfc9a92a89f2ed92e3f6a46d0b104a16,0,0,[],0,[]
626,0xaec14ec7c4341ad6980534c9e91a7fbb9574d185,0,0,[],0,[]
627,0xaec32c688fea68676beaba26e49902c369200ddd,0,0,[],0,[]
628,0xaec42dae1d9550d83fe147fcb33b138a8084f0bd,0,0,[],0,[]
629,0xaec4381b75683d4f70971b750cbbd66436f28afd,0,0,[],0,[]
630,0xaec59674917f82c961bfac5d1b52a2c53e287846,0,0,[],0,[]
631,0xaec610f2bb9505000c60bd2ec2f5bfb5b2ea4dbe,0,0,[],0,[]
632,0xaec61d02b0465b5c1fc50e710138e858b9f3d7d4,0,0,[],0,[]
633,0xaec66839a474f3166326229abe9e1544f2ca985c,0,0,[],0,[]
634,0xaec80b4fbe227198720b1d1b82a12968baa0b144,0,0,[],0,[]
635,0xaec84f45e9673e5c3a4932b1b605fa1fdc1861d0,0,0,[],0,[]
636,0xaec90b45c6aabe1978f250d1c3cf92245588d7bb,0,0,[],0,[]
637,0xaec962f4f83d746ef96feb3e615b9e797a67cbf8,0,0,[],0,[]
638,0xaeca31678a7fe53c11f1546b78b1bd1174025143,0,0,[],0,[]
639,0xaeccdf2a3e645fa057cc816a4a8d184af654bf13,0,0,[],0,[]
640,0xaecd644cf4fe311edf80e0cb591d9663bd7b9bdc,0,0,[],0,[]
641,0xaeced0e23b2ddfca49868adebbc57102b8a818dc,0,0,[],0,[]
642,0xaecf98f207f8152045338eadca25e4ec4a10259c,0,0,[],0,[]
643,0xaecfa05dd8775cca4b6f7bae966f9b4b4014926f,0,0,[],0,[]
644,0xaecfeee9c6b6ba40593eb592b486dd140776b56f,0,0,[],0,[]
645,0xaed1b20a31df78c2825bbef821916e619a033849,0,0,[],0,[]
646,0xaed4bf7fb78a5e7ee813a619506590e017b82f23,0,0,[],0,[]
647,0xaed51a3aff113b610c95b600622087a5d67296d8,0,0,[],0,[]
648,0xaed55b0ebb566e4ed491f68ef0ec4e705c7a1523,0,0,[],0,[]
649,0xaed5a862133a7583bd2f4533d26365b33f8debb0,0,0,[],0,[]
650,0xaed610d86e09aaead6b17f7f6599652313ec540f,0,0,[],0,[]
651,0xaed79176c42a979e733f3355c6696d7a22f40446,0,0,[],0,[]
652,0xaed856ae89bcf8bd37b66e3cf5567155e8819dd1,0,0,[],0,[]
653,0xaed8838ca12a396ec3ad82354c5d5e1ee86e535e,0,0,[],0,[]
654,0xaed8ca3e520a3a1387b501c99822afe42fde337b,0,0,[],0,[]
655,0xaeda60fb1c0551fb6f4b4a56042fb1ee61a3899f,0,0,[],0,[]
656,0xaedc687fa5376d2fe9d4b81ebfc8c2ba30ba54ae,0,0,[],0,[]
657,0xaedc9136ec1a6be4d8907a8c0de017041b2cafe0,0,0,[],0,[]
658,0xaedd01fc33818d3c455adb17ec772de709ef53ae,0,0,[],0,[]
659,0xaedd2de090f2e1f38e70e44a995410315a80c86b,0,0,[],0,[]
660,0xaedd335c57a2b037d4bd22900651e08c46693402,0,0,[],0,[]
661,0xaedd5721f62ad73bf273ba68e91894d1c142c58f,0,0,[],0,[]
662,0xaedfd65f6fcbaea3b85f042b9bd19a5d4938df2b,0,0,[],0,[]
663,0xaee2a1fc36b0068a7e857cb8ca76a8dc06cfb60c,0,0,[],0,[]
664,0xaee2ae13ebf81d38df5a9ed7013e80ea3f72e39b,0,0,[],0,[]
665,0xaee2ca78911d34949dd8140d15e02914fa19d752,0,0,[],0,[]
666,0xaee2d734a1e5903c400706af70c6684f4d919f16,0,0,[],0,[]
667,0xaee2e2efb1552f8bff7f9e4a5cbd1b4a49e84489,0,0,[],0,[]
668,0xaee33d473c68f9b4946020d79021416ff0587005,0,0,[],0,[]
669,0xaee40f32afc02ad94753e462da1fb4fed050ef6a,0,0,[],0,[]
670,0xaee41b660c7d87969cf3d9b2bccf03f88f216667,0,0,[],0,[]
671,0xaee4fe9b18f4c2fb284ab131541c3d630f090764,0,0,[],0,[]
672,0xaee50cc07a0c3857dccf3f47408b7e471129c5a9,0,0,[],0,[]
673,0xaee56486fdd2fd63471004c9bd8e1b65944ba3ea,0,0,[],0,[]
674,0xaee659273e917f858bdf77a84d57a6e421482d40,0,0,[],0,[]
675,0xaee6847a41a03c5093031ad9af309e8e9938f298,0,0,[],0,[]
676,0xaee83780bc799605a0dd810e660c341cd2c51d60,0,0,[],0,[]
677,0xaee847cce810093819545c1c999436de0f6859e1,0,0,[],0,[]
678,0xaee8be2d995a78fd0c585ed7d411bb025ee7090b,0,0,[],0,[]
679,0xaee9484f0742a432b9e8c8d737259993686ffcfa,0,0,[],0,[]
680,0xaee961bad0972052bb4e35d33f7be91d26a3916d,0,0,[],0,[]
681,0xaee9d3b406818ad02811fad3bda7007c9b45903d,0,0,[],0,[]
682,0xaeea937450d1af24254f6f3a19ee3f66dbc68ec6,0,0,[],0,[]
683,0xaeed445b70cc0f87750af6d1a8d9c54b61dbdb49,0,0,[],0,[]
684,0xaeee0f86a109adea9b632e41d903e9edcab4f8e6,0,0,[],0,[]
685,0xaef0bc9410107e4f7709287c7e03ca57c97a39f9,0,0,[],0,[]
686,0xaef18590283a541ee221b517a2fa97ed0864f44a,0,0,[],0,[]
687,0xaef1bee05355eb5c7cf44b59dde1ad3cc54716ad,0,0,[],0,[]
688,0xaef281a51dcaa62bf4dbb0fdea5b91648e4ac5ba,0,0,[],0,[]
689,0xaef31d2f4bbc454c0d76a27fc06dfe8faa4627b4,0,0,[],0,[]
690,0xaef3d2f5673d80266186f7885341df3934806efd,0,0,[],0,[]
691,0xaef45391a38acb2f83c6ae5fa38cae70a098de07,0,0,[],0,[]
692,0xaef62dc822374d8899bdf4decc4ae801c1657c4a,0,0,[],0,[]
693,0xaef6a6bdbb62e79b3f6fe6b08ef571a4177259c4,0,0,[],0,[]
694,0xaef8b9d860d7b50b489c8416e723a352c88a3329,0,0,[],0,[]
695,0xaefb51c524828a9f6e14e6dd2d899840c799f1fe,0,0,[],0,[]
696,0xaefb8fd6f4a1743bad0203f272a22d006c896c8d,0,0,[],0,[]
697,0xaefbeed54b2e2cc0a3c41a33b013fcab08e450cb,0,0,[],0,[]
698,0xaefcd82bdad31021b669bdceb9d1bbd7fc4e1118,0,0,[],0,[]
699,0xaefdbe5dfb8ce8ae3cd5ff27355d693b8eeabc58,0,0,[],0,[]
700,0xaefdf4d4751a2e9e375ce9f4c3fb3bafeaf05a05,0,0,[],0,[]
701,0xaefee88517679d0c508617297e9b192ff2d869d6,0,0,[],0,[]
702,0xaf01264cf7299a758cb831ee8aa488269dbe3b6c,0,0,[],0,[]
703,0xaf01e55f14b3965f9b7bedd3ecba7c9af40fe22b,0,0,[],0,[]
704,0xaf023ca874655494b9c73577b21ed9879bc9250c,0,0,[],0,[]
705,0xaf0302ec8ec2cf0d99a2a5a5a9851ce67fd021b4,0,0,[],0,[]
706,0xaf037b98e720b543f08a7213df6a0fb4d658e47f,0,0,[],0,[]
707,0xaf05abcfe204f9c2e5e5cdf83e485f7f72eb0e9f,0,0,[],0,[]
708,0xaf066655d41b073677b102e8cbbc17e49ca2d558,0,0,[],0,[]
709,0xaf06809d93dd7efa71b5829800898913051e870c,0,0,[],0,[]
710,0xaf0c948790eedf208a8bf40116b4bee8cc83fb2c,0,0,[],0,[]
711,0xaf0cf5fcef50d5315de5b16bd3bf25c1952ab515,0,0,[],0,[]
712,0xaf0fdd39e5d92499b0ed9f68693da99c0ec1e92e,0,0,[],0,[]
713,0xaf10c5efd682ebd281213ddf368ec6183294c4bd,0,0,[],0,[]
714,0xaf11b6ec458981480387d84d06d6f8fa44d4387e,0,0,[],0,[]
715,0xaf11d0c9239b8e9f9c685c22690593dad76cf768,0,0,[],0,[]
716,0xaf1269c64f16a4476cba9fc73eae2ba40762563a,0,0,[],0,[]
717,0xaf127b00ae9fd54067eecdb417cc07275f6564c3,0,0,[],0,[]
718,0xaf141825ec1e507aab6be6403b785ef60fcc629d,0,0,[],0,[]
719,0xaf1470da3c37b69b5451406896e85f462a57ce81,0,0,[],0,[]
720,0xaf17506399bd25492376611f045a96bcc67d5ce4,0,0,[],0,[]
721,0xaf18ffd7629a7a548ca233a9d39c76f2528fe0e9,0,0,[],0,[]
722,0xaf1a080bf49b9f20305e937260f5375016dfbab6,0,0,[],0,[]
723,0xaf1c21af8278f80a2dcf6deca971c55c3b98ee61,0,0,[],0,[]
724,0xaf1e6f5cf7cc94bd1ccefd4e98b0cc5526317517,0,0,[],0,[]
725,0xaf201800a4388628f07f1c45492fe11f3245296d,0,0,[],0,[]
726,0xaf202c0fca4cfee833970add47ae296e5f2d3b02,0,0,[],0,[]
727,0xaf2046ab2426b00bbcc916aedfd2ff6aa5599210,0,0,[],0,[]
728,0xaf204eec79f060c05e16aff9533788e931b8c1a2,0,0,[],0,[]
729,0xaf20a65dd30474a1a041b88d6f91d0807e8d2a11,0,0,[],0,[]
730,0xaf20ffbed11680249bd472cd7d4e2a2a4b51cc3f,0,0,[],0,[]
731,0xaf212f9899cd05eba6c8c879c2742409a0d4b9a8,0,0,[],0,[]
732,0xaf233027bbcd947c4ff0fd14e6200e31f06f0864,0,0,[],0,[]
733,0xaf233841d25c5f74ccc518b384449b0047e5b794,0,0,[],0,[]
734,0xaf242588ac975779e430112d1690b38e37aba0a4,0,0,[],0,[]
735,0xaf24c01e10f53e50d4237aead080bd7535da7d44,0,0,[],0,[]
736,0xaf260e7420c56eea2f21f151e8a303c9eb089c38,0,0,[],0,[]
737,0xaf26ba248bd39b81c692da28870db06b9a240feb,0,0,[],0,[]
738,0xaf274d6079e01960031ae0d7b3a771f577bfded4,0,0,[],0,[]
739,0xaf279caa5f2dd434fa7dbe73a48489a66b9c3567,0,0,[],0,[]
740,0xaf28074411f1e08564c39aad4a83c0683dfebd6b,0,0,[],0,[]
741,0xaf283be8358972ceb30f3d914f520bb69f10715d,0,0,[],0,[]
742,0xaf291119f6fe3dd34bfcb67627ae4cdf6591e8d9,0,0,[],0,[]
743,0xaf29e98515424b2ab7fbf92e5b5080c63fa77f6f,0,0,[],0,[]
744,0xaf2ba2e8bcc3a85893a72f930c03321ecfb077e8,0,0,[],0,[]
745,0xaf2be8eccaf0fe8c47eebf0148beb09f26c02be9,0,0,[],0,[]
746,0xaf2dc6a4e40aa239aee6ef8f0a3aec74c00cfda4,0,0,[],0,[]
747,0xaf2de749e57b6217d96105014834d22f00679dfa,0,0,[],0,[]
748,0xaf2ed364703fd7a8c3a02a39c843ac11155a7935,0,0,[],0,[]
749,0xaf30e586ceb1b49fe87e9ff3a83ffc9260a9a52f,0,0,[],0,[]
750,0xaf317a5e814f3dffa97d780368e021e894440645,0,0,[],0,[]
751,0xaf329a2986d7f78991ab5aedad6c7c3a2bc760a5,0,0,[],0,[]
752,0xaf3369da3151b51182d772a862399bb1466d3104,0,0,[],0,[]
753,0xaf33df3b2752b9451199b34d88d7e16bffd0a8ce,0,0,[],0,[]
754,0xaf342e951451dce7b7c16574817dc7db94355ecc,0,0,[],0,[]
755,0xaf365da2f74d6102ddfcb3866068240dd4236f21,0,0,[],0,[]
756,0xaf36782a6237afe66fe1522fc462cbba1d51017f,0,0,[],0,[]
757,0xaf36e19e82ad389dd098e5707817e32151cb4492,0,0,[],0,[]
758,0xaf38079c62bf0904de1c3045608f66e063d687aa,0,0,[],0,[]
759,0xaf38b6957e9aba44185b2349ae61037156c18a3e,0,0,[],0,[]
760,0xaf3a0d08d2b7794484c3f31e1ac97786340a96a5,0,0,[],0,[]
761,0xaf3b44ea27a900b70dc29a775b51ea07f1c7ba41,0,0,[],0,[]
762,0xaf3bcca21d3719cb59a94ea8e6babc913ebc4916,0,0,[],0,[]
763,0xaf3d3a6438b723d426b144161eb1653f10cd4574,0,0,[],0,[]
764,0xaf3d6646f72fd5181165149a8bf50f8f4f90ada9,0,0,[],0,[]
765,0xaf3e8b81f5d8da2862001867cd7d848909f1e79f,0,0,[],0,[]
766,0xaf3fbe8389eb7f8a9cf6c5f3c640085e0ed92c22,0,0,[],0,[]
767,0xaf3fe895886db9aa9d4e3c21936fa05394e4c51e,0,0,[],0,[]
768,0xaf406304da5d2a2f542eaffdbd2ec05f54b8c2d7,0,0,[],0,[]
769,0xaf4196d24b7804dc866f5b069088042e5f8bfe4d,0,0,[],0,[]
770,0xaf4241849b9d665bc4cae8c0cf36645426f0e9ef,0,0,[],0,[]
771,0xaf427bc514e0b843710a56362bec71d63f3bc3d5,0,0,[],0,[]
772,0xaf4290f15e3fc2b761139f28eabaa7b205fc0d28,0,0,[],0,[]
773,0xaf44d5c99c853016b49202e45c7a6cd925fabd39,0,0,[],0,[]
774,0xaf45140c2391342999818f7da63a7ffb3277c04c,0,0,[],0,[]
775,0xaf46d2f2b13cbe132bed2ecfecde1ef0b4ae9351,0,0,[],0,[]
776,0xaf4774798b5a9c6f831cae5e56d8b12d25ae3972,0,0,[],0,[]
777,0xaf47b5f1d2418e3255907d5ffe6af95fe1f2d8ed,0,0,[],0,[]
778,0xaf4807d083287f205d897e6d00c6fde1bf0a241a,0,0,[],0,[]
779,0xaf4ab1a227d6d315f0b3d1354046a5c88071b4cc,0,0,[],0,[]
780,0xaf4b67fdbe09451f55113f95d2fcb56324dd2599,0,0,[],0,[]
781,0xaf4ba7a52d476f173893a884e0050b933c473607,0,0,[],0,[]
782,0xaf4bff80c6188ebb69c848fc07f40ec7da20714c,0,0,[],0,[]
783,0xaf4c4e3092fdc2b384e9493b121f180dfb685644,0,0,[],0,[]
784,0xaf4e96019fcfa04c57156a0f3815c0c6ead47912,0,0,[],0,[]
785,0xaf4f9a71535ba87be4a4df8e1b2c8887d18abda7,0,0,[],0,[]
786,0xaf4f9aa4a83133ae981b5afeda7d764621c5fae6,0,0,[],0,[]
787,0xaf50970bc190e7a857ae891e6bf0617d02fa2643,0,0,[],0,[]
788,0xaf50a487d75812e793b066935ec6b6b66395d1e3,0,0,[],0,[]
789,0xaf513df0585c81d48a2926473726c1d17824bed5,0,0,[],0,[]
790,0xaf5181e91880235c7a60ee87b93f117f8df82ce2,0,0,[],0,[]
791,0xaf534259367ed01314949ded7d477a3f11a1c18e,0,0,[],0,[]
792,0xaf535f8a3ee6c85622ab86f72697fad26fa15f2d,0,0,[],0,[]
793,0xaf53757477e811def33601117b35753bc08a87d4,0,0,[],0,[]
794,0xaf54955b2e644e9a1fae999398542a83ef3535b0,0,0,[],0,[]
795,0xaf551e925e6adb94e4a68cf2d8ad1a8fd1f16d08,0,0,[],0,[]
796,0xaf59a48df5267efc1b6a95fe8bee24235d340d57,0,0,[],0,[]
797,0xaf59f759fb7817299002c5ff093d12037a248084,0,0,[],0,[]
798,0xaf5aa1819e5dc9f5c2d0bacf22aedb6b1f69cf30,0,0,[],0,[]
799,0xaf5d465d9d97b9a4c72170a0860267cf9a34aa3f,0,0,[],0,[]
800,0xaf5dbee02b4eef48a44c9a9c6bc74f6389f713a5,0,0,[],0,[]
801,0xaf5e15b45fac30e2e9392af643ba1b5f69a36b1b,0,0,[],0,[]
802,0xaf5f9d6758dd5e95c88635410a11ebbe248b5cc5,0,0,[],0,[]
803,0xaf5fd19b5ecda2118e9f8971088b49f27ba431bd,0,0,[],0,[]
804,0xaf6037a19db4f23047b14905512648cb13f0e6a5,0,0,[],0,[]
805,0xaf62d405d9b047f7e54ae65199b6450d4661cee1,0,0,[],0,[]
806,0xaf62d4322e35323da92a562c0e9a5568b3b30229,0,0,[],0,[]
807,0xaf62f31d136df9f2ef6ece5d1efdb0f7c49a8605,0,0,[],0,[]
808,0xaf6391065fb2d70a3c5f84c906f3b17d5365b086,0,0,[],0,[]
809,0xaf668111a6098609a0923ac74a1bee4b183a0f97,0,0,[],0,[]
810,0xaf67057b4c951a8f79ea324b69b508a97c0309af,0,0,[],0,[]
811,0xaf670f9a818043e73dd5ceadc6ef0987f186e848,0,0,[],0,[]
812,0xaf67758d1961e1a427bb2de3226536f43d6e65ea,0,0,[],0,[]
813,0xaf679e73e6e8676f55195c2897b74fd8ba4b7048,0,0,[],0,[]
814,0xaf6adbe9fa8c17acfe3d75e40c9fcde347e343e4,0,0,[],0,[]
815,0xaf6c2047add1b661a73d445df04d52e810cb49c3,0,0,[],0,[]
816,0xaf6c243d162a087e93377f01dd4cb8f9b50287a8,0,0,[],0,[]
817,0xaf6c2c23a402d486c7a9a6ce8610bacb9804e07a,0,0,[],0,[]
818,0xaf6cf08ea4f95713310cfe4fa8c32ddd98f8d5bb,0,0,[],0,[]
819,0xaf6cfaaca1804b3c53982dc42665c10a953a7b5c,0,0,[],0,[]
820,0xaf6e65053383e77fb093f1d2b80dccc0ec3ecc35,0,0,[],0,[]
821,0xaf6efe6e030a18df42e9d6622c0b51f8691e1b43,0,0,[],0,[]
822,0xaf6f10d7238e3fc78794fe550f7544060ac05679,0,0,[],0,[]
823,0xaf7035881761650bd1d390b8e52b405697da86bb,0,0,[],0,[]
824,0xaf7075810810db4f9a248946f5d4cdd165df4a68,0,0,[],0,[]
825,0xaf73047aa611edb52328077b873396c6c282716e,0,0,[],0,[]
826,0xaf7313763dc65cbaea68239b908055ee0ac8b604,0,0,[],0,[]
827,0xaf760de44f0283183e6d2cfd4008a8e2d246d135,0,0,[],0,[]
828,0xaf775e4da39a4e842080fd138469f949cc99c85d,0,0,[],0,[]
829,0xaf77f649e1232e98a0a8c1f2617f004b7d72afaf,0,0,[],0,[]
830,0xaf79162da548d2474b949f31bd406c60c7454447,0,0,[],0,[]
831,0xaf79caaaa638c57d533fc9231092ab4203f0c88c,0,0,[],1,[]
832,0xaf79cc082ea58c6139aedc17e87ea3c819955693,0,0,[],0,[]
833,0xaf7a3687a820acd64bfc2bcdc58b672eec24ac8a,0,0,[],0,[]
834,0xaf7b4466c104ce42ae00c1e1aca0ba567e02ec9d,0,0,[],0,[]
835,0xaf7b91c050783351f9a2f5c2b4978ec8921cb9c0,0,0,[],0,[]
836,0xaf7cbcfb3805d28debcb10ec711f576b013ae880,0,0,[],0,[]
837,0xaf7d03e1ac97921218c5586da2bdb58383f54174,0,0,[],0,[]
838,0xaf7db63877b399b2ae19b3430d6f081a2bc4b6e0,0,0,[],0,[]
839,0xaf7ebbdd14a2d65a569c57539b676a111db622b9,0,0,[],0,[]
840,0xaf7f8e2e684f26d1a22d6e44bebda53a682f79f1,0,0,[],0,[]
841,0xaf809f133b5de44ce25158c789a0c5e75ce92205,0,0,[],0,[]
842,0xaf812e8babab3173edce179fe6fc6c2b1c482e39,0,0,[],0,[]
843,0xaf82142faa61ce003e5cf6473eb77780013b487a,0,0,[],0,[]
844,0xaf827f5f4cfd06feba9d77e39bfd1547104790ce,0,0,[],0,[]
845,0xaf836dac0cbcfb821e34b968a5ef464b20c7f3bc,0,0,[],0,[]
846,0xaf84cb606dbbc027a771e6223db16467766dc222,0,0,[],0,[]
847,0xaf85286fe62a8fd9a8ed777091e41923fecf9ad5,0,0,[],0,[]
848,0xaf859c6de2b20a67e3d33ce0295655db6e9877b4,0,0,[],0,[]
849,0xaf8615fe4bb80efbd0ae631fa51b7ed1bf9e4039,0,0,[],0,[]
850,0xaf8651926874018743083f4d6f1568c22b8f6f12,0,0,[],0,[]
851,0xaf879ac3770d612c9e9032e4c6ff0c227407c9e3,0,0,[],0,[]
852,0xaf884fc78e7446e3e11e8e4c7d4e2085b8aaf956,0,0,[],0,[]
853,0xaf8862941e4afa49385ad89fdf4946cf2724fdfd,0,0,[],0,[]
854,0xaf89be47fbe895f48ac6121c328de719a825c4ba,0,0,[],0,[]
855,0xaf8a37ef8a28fd09e68b554f508202be19dab5c5,0,0,[],0,[]
856,0xaf8b5e0171f2350c9ac78a6f8d8b7ee8a337df63,0,0,[],0,[]
857,0xaf8be590e78bb52ddb860b34e532e525920a93f5,0,0,[],0,[]
858,0xaf8bf5751e525863c6f38df58741a0a3057c6951,0,0,[],0,[]
859,0xaf8c4e8b1cb5b1dbb45259fcf8af27e36aed0384,0,0,[],0,[]
860,0xaf8c7426af7e6c457bee5fe9b437ef4c72e74317,0,0,[],0,[]
861,0xaf8d88ce173db2696b4ac23002bd8a4f17e27860,0,0,[],0,[]
862,0xaf8da983838fae07c9dee9fb69dc401c828c3899,0,0,[],0,[]
863,0xaf8dbb8afc623993d1fed03224d352d16a8dd4d4,0,0,[],0,[]
864,0xaf8e0cfc4691ddb7032538b40bcb175154a2aba7,0,0,[],0,[]
865,0xaf8f394009653d3336d8627d71e47acc824da6a9,0,0,[],0,[]
866,0xaf8f691603f576142438ed78fb8a3316d36d303b,0,0,[],0,[]
867,0xaf8fbf59e221d27b55dc3adc2366f9230bcf5096,0,0,[],0,[]
868,0xaf9097f076919795eacdb0e816db86a08a71cfeb,0,0,[],0,[]
869,0xaf90df88e9d14e769772245ccbdc11a8361a81a1,0,0,[],0,[]
870,0xaf91fa05a9376f0ac4b0e19eeec776e44732855d,0,0,[],0,[]
871,0xaf9424cada0b22abe92e0602dfc09f3e00903764,0,0,[],0,[]
872,0xaf945d9538bc93f3d1362b9b4dcbdea577806668,0,0,[],0,[]
873,0xaf94730ae3897d4758ea3547ea271b0084591a6b,0,0,[],0,[]
874,0xaf950fc1925c9a8e86d7b95ac016e362451e31af,0,0,[],0,[]
875,0xaf958b2baf85c54f52b7cd063598a01857cd7fcc,0,0,[],0,[]
876,0xaf95bf77618ab59ede0ea1d58e34e12a8306c5ad,0,0,[],0,[]
877,0xaf95cb4310bab7e090a700cafb8f09e8d2921ca7,0,0,[],0,[]
878,0xaf96333cc7860f7d556ff922cceea745cb6c0115,0,0,[],0,[]
879,0xaf971e2ef884065921d9b8afb122f04b0831cf6f,0,0,[],0,[]
880,0xaf97db8e53c0a4ece913ced43eef31f01d93421a,0,0,[],0,[]
881,0xaf98dd67216538ee57d84fc9d86fd885e8bf3572,0,0,[],0,[]
882,0xaf99280955182fe90891c1970bb9212e96d5d478,0,0,[],0,[]
883,0xaf99775c5e9918b202186f845ec7a9177d63bde5,0,0,[],0,[]
884,0xaf99c0a61132583168ef6868898641126d93be18,0,0,[],0,[]
885,0xaf99f03b9c6e10bbcc972a62e009970a187c2e44,0,0,[],0,[]
886,0xaf9b8e169e52faf91231c7ecce1bd15a87d2a95e,0,0,[],0,[]
887,0xaf9db189443ba3904c2ea9a61f49988903440022,0,0,[],0,[]
888,0xaf9db354d0821986066a877df52028bed72e43a4,0,0,[],0,[]
889,0xaf9fd79537a7cb88760fa2179a74d58259f29f96,0,0,[],0,[]
890,0xafa0d14a38fc9c842133d63992673134d532f8d4,0,0,[],0,[]
891,0xafa306dbb13beb550511ffbd304d97461e71603c,0,0,[],0,[]
892,0xafa3fe92f41071b906ebc7a32ae2df00a9be84dd,0,0,[],0,[]
893,0xafa49611a2135ee59715e7b5396db74337909f42,0,0,[],0,[]
894,0xafa5039f3330af767b8d8bde552666c5b2910cc2,0,0,[],0,[]
895,0xafa56a3ab7971e8308c7004abe5e00d93d62ac2f,0,0,[],0,[]
896,0xafa64cca337efee0ad827f6c2684e69275226e90,0,0,[],3,[]
897,0xafa64e3b0e0815a63070e8987361aa64f1e7662a,0,0,[],0,[]
898,0xafa677370f7196d186fb596c6c5000e5255eec3c,0,0,[],0,[]
899,0xafa77a994e8157e312057bc78d40d4816042b797,0,0,[],0,[]
900,0xafa78d6e24101eb874333549a87f46629c94b759,0,0,[],0,[]
901,0xafa7e6b21f9751d3956ec64a0dc1e0b142ee39a2,0,0,[],0,[]
902,0xafa93e805e79c0225e308138c7e9785bd3a8e5b7,0,0,[],0,[]
903,0xafaa118e3126759157e161aee165ef04be8ddf34,0,0,[],0,[]
904,0xafaa6f9dc424fd585a7684401c661bfcf4c8b6c7,0,0,[],0,[]
905,0xafaaefad7c0ea3c81cb7062bbd9123988badf498,0,0,[],0,[]
906,0xafab11645064fbdce4d8480d413213940f60e7c3,0,0,[],0,[]
907,0xafab4d09a814d2d36a7dfb2bb89ed6e2b0cea4e4,0,0,[],0,[]
908,0xafab6c0d99ceca5b086b4bb5a7d7865718d65044,0,0,[],0,[]
909,0xafacc3bcd5ddd46d41bd6f383a8052aa072d7a39,0,0,[],0,[]
910,0xafae298a5c0bf4fa2dab76359ad63ae5a7eef9e9,0,0,[],0,[]
911,0xafae45e80b92ff0c98f857bce5f01c64de977fe9,0,0,[],0,[]
912,0xafae72eac8d43ad4e7f889544bdbfa331216f5e2,0,0,[],0,[]
913,0xafaf343f3f4c2aa5bb9c43d3e649a869828848fd,0,0,[],0,[]
914,0xafaf8f1e42b61d54d27a7be29e39a8e0ef252792,0,0,[],1,[]
915,0xafb0c8c52e0eb6836f11812deaba292ca109618d,0,0,[],0,[]
916,0xafb118856b17e4917062ba7a8ee50abe4045e6a0,0,0,[],0,[]
917,0xafb221b7c1e9e30fc73eb48338cc8864374e0018,0,0,[],0,[]
918,0xafb4b69adb8c52d24361dfed6d42eed0a05cdb18,0,0,[],0,[]
919,0xafb50e978276e07d3ae3fcc7a96a8b05c5650e22,0,0,[],0,[]
920,0xafb60c3bbf7f7935be853a96fa3e0905efd9aeec,0,0,[],0,[]
921,0xafb69d91e7cbdb9f02424001df612e4e06de1adb,0,0,[],0,[]
922,0xafb93285e08148caa7c2262e21de2d3d172c8461,0,0,[],0,[]
923,0xafb952a99baf2ab621262d5ddcccb27b49ea70d8,0,0,[],0,[]
924,0xafb9bbfadd1d094e2fb5641b0d5dc6e150b6bb62,0,0,[],0,[]
925,0xafba1acc74aa89d638612e57aa4a9c60cae7c1c8,0,0,[],0,[]
926,0xafbb992487f8d3c37ecc690ad6496a3ed5a45420,0,0,[],0,[]
927,0xafbbd8dea53ab9a636505aebea136e8e27d53441,0,0,[],0,[]
928,0xafbc01054080bbdcf591c3b2067981d6ae0ba798,0,0,[],0,[]
929,0xafbc6194a950274bb96a36293a24ee11aa26130f,0,0,[],0,[]
930,0xafbe075f91797e50f064dac5d42aab46007b65fa,0,0,[],0,[]
931,0xafbecbf1c5b1bdf1b97c959d3290a4de9d13ead9,0,0,[],0,[]
932,0xafc023f620982dfb2aa8cda796d7fb7609e0f1e1,0,0,[],0,[]
933,0xafc1b70e1cb8720cf167acaa2f12c5ad43f80e8c,0,0,[],0,[]
934,0xafc2cd87b390dd33199dbcf5233b2fd49d7e1bac,0,0,[],0,[]
935,0xafc38ac65f15502b51fdae65e966bb3afe4b4b18,0,0,[],0,[]
936,0xafc56d3bde6a1fa70924d02b2ef8e5d701e0cc5d,0,0,[],0,[]
937,0xafc5b61311b079844ee7f8ccc9bf349cc448cfbe,0,0,[],0,[]
938,0xafc5dfa874ba66094eda30393d1b4b98e08809b3,0,0,[],0,[]
939,0xafc63e03e92a6c938ec404e3f2cce51c4703752d,0,0,[],0,[]
940,0xafc68a733659f9c7ab870f8e85228ba5ec4e7da0,0,0,[],0,[]
941,0xafc9810c1990e3f0869fbd6940d4101d99e647de,0,0,[],0,[]
942,0xafc9f8d57b06409111a24de6cabae283c40b2328,0,0,[],0,[]
943,0xafca57fc8df53b5b4aec8a602870c647f2c0415b,0,0,[],0,[]
944,0xafca6670d7a1b0e9ba46b5bcb541b8c73712eafe,0,0,[],0,[]
945,0xafcc6e1caa7fe6f3b7fcdb16f64b6a2265ffa50f,0,0,[],0,[]
946,0xafcc7d528780b7d93d62ecf9a8387a10ec2a3d49,0,0,[],0,[]
947,0xafcd5509550d563e17e96960107d28724b41cde8,0,0,[],0,[]
948,0xafcd5a6569ef77dc3a93b562682fac7987edb423,0,0,[],0,[]
949,0xafcdfdd9f67412269b7c4f61eeaf4d8462bf8b1e,0,0,[],0,[]
950,0xafcee237a8c69637c3d9c3155654e7f6e5e00cfd,0,0,[],0,[]
951,0xafcf681cc1e66f4ddd8f87a209d440cfdb78893c,0,0,[],0,[]
952,0xafcfec3e8e9add711973654198166f9256c7aab3,0,0,[],0,[]
953,0xafd07787d0b8e8c75b49536d1942eadd79ad245f,0,0,[],0,[]
954,0xafd0ae31f511c436c23b233a908951d93ff7eb4e,0,0,[],0,[]
955,0xafd0bdef0a8b6fcb13dba1ed7d74d087417f1421,0,0,[],0,[]
956,0xafd0f01f347a5852b2dd9967fdacd81ce5d6944d,0,0,[],0,[]
957,0xafd17dffdbb6585d9ddfaa6d0aafae408d0c7723,0,0,[],0,[]
958,0xafd28dc2a33a5cf3cbf7126bb7ee188a9a75e7cb,0,0,[],0,[]
959,0xafd42d22bc8017b156a2328da61c9e3d1b3414e8,0,0,[],0,[]
960,0xafd53aad7d3ab2b1be5f254c141c1a1a9e9a0fa5,0,0,[],0,[]
961,0xafd5f60aa8eb4f488eaa0ef98c1c5b0645d9a0a0,0,0,[],0,[]
962,0xafd6537db3ac19b37ec6c6c744bb6b91eb476953,0,0,[],0,[]
963,0xafd680fb78648298d13422da8eb29199e72368ec,0,0,[],0,[]
964,0xafd74a17da0054868d59e8ad826540258d23c5ec,0,0,[],0,[]
965,0xafd78afb11bba701280210cc805a85b4729753ce,0,0,[],0,[]
966,0xafd8d853043fea966c8b5525a97623dc3341a3a9,0,0,[],0,[]
967,0xafd9034aba776d09c52b573c0b8becfd2b22fb5a,0,0,[],0,[]
968,0xafd9b2f1d93d3a001aeaa7b1b0d6b1329a88f056,0,0,[],0,[]
969,0xafdbf0d20ea5fd75d6a2c59bbfab9ea90e238fcd,0,0,[],0,[]
970,0xafdc797a2a97708d580ea1e30c8479cac4df9226,0,0,[],0,[]
971,0xafdc8d72ea7f89be7b021c71f293921e0e0dfb24,0,0,[],0,[]
972,0xafdca29b4e1a2b3cdf4d5d9efd883e97bf7b49da,0,0,[],0,[]
973,0xafdd97ff13898d18c24d93ca6beed32c12ea7a90,0,0,[],0,[]
974,0xafde495f0daf8367fb8b9c34c3efc6de08d5ce96,0,0,[],0,[]
975,0xafdf5e8e55a56ffc5e577dd5798fb164058339c7,0,0,[],0,[]
976,0xafdf9c33f5f7c54eaea50313ae26016c87040b1d,0,0,[],0,[]
977,0xafdfd1d4257b3e4220265da26e906c879fade809,0,0,[],0,[]
978,0xafe0f4f9fdfb4e4f7a65745dfc122be7391d57e9,0,0,[],0,[]
979,0xafe0ff231770fe550cec79ae9a8d7d63e13da1f4,0,0,[],0,[]
980,0xafe20bb0ac02ba886c448d497537c0b15ba5d09d,0,0,[],0,[]
981,0xafe22634a4280effe217f59506cea86e231499b4,0,0,[],0,[]
982,0xafe2b439fcef7b857aa3e625ea6516dac672c2ba,0,0,[],0,[]
983,0xafe42afcdf3a4d4f1bbdf19309c030087c98c1d0,0,0,[],0,[]
984,0xafe43531a21f804d3b3149dd6299e286b4ffffb5,0,0,[],0,[]
985,0xafe46af83f9a749e3c96029472946b197034f829,0,0,[],0,[]
986,0xafe625f920260d22a2c0361d0f274aedb5b67869,0,0,[],0,[]
987,0xafe76ab552b20ec6a1866a7ef1d77f121193da5b,0,0,[],0,[]
988,0xafe8374db1b5b2378644d4a0a9b3f2141dd216a8,0,0,[],0,[]
989,0xafe8c329f25c68e09359e070fea9735126c16a27,0,0,[],0,[]
990,0xafeaf6749bff37468c3e4b6468444a3352c0e309,0,0,[],0,[]
991,0xafeb52d0d3f58c22a25580f0a22307ea442f11aa,0,0,[],0,[]
992,0xafece6fdd82fd72a57c04211aee6d61d0dff1570,0,0,[],0,[]
993,0xafed099d5ed01f778f7a73f9aa580bcc3bdc6c01,0,0,[],0,[]
994,0xafed4cd5c6c290a5a0bbd0d8795e7dea3ecbc6fc,0,0,[],0,[]
995,0xafed86ec2671aba648494e5c7f1d3733887aae20,0,0,[],0,[]
996,0xafee1f241f3b94748ec10cb7172829ea54327980,0,0,[],0,[]
997,0xafee74e1909935e2319452b4057f6bf38bc22c8c,0,0,[],0,[]
998,0xafef7e6c7cc8ee1ce7140fdacee481ed5f219113,0,0,[],0,[]
999,0xafefc6ae5ee2e116d60038f1e4f8c852a5ba7717,0,0,[],0,[]
