,id,delegatedVotesRaw,tokenHoldersRepresentedAmount,tokenHoldersRepresented,numberVotes,proposals
0,0xc1ced87638bdd16e4a3538a774f67b3838d0b10c,0,0,[],0,[]
1,0xc1cf3dc481c1857d3abf1a16f5c6149271363c61,0,0,[],0,[]
2,0xc1cf5ddf8ef57f884a210b9941aa027616402f15,0,0,[],0,[]
3,0xc1cfb11f293362e3f8367ba91989938fb2ccac48,0,0,[],0,[]
4,0xc1cff24406e00ce980fe306f2bdd7a8248ffb165,0,0,[],0,[]
5,0xc1d073c7eee416a6286f2e18cc406b3cf4fd19b7,0,0,[],0,[]
6,0xc1d0bfe992918b8caeb74a8b797ebd810298dc76,0,0,[],0,[]
7,0xc1d0de7e4490f8379c4e74407a722c8b9c8b0203,0,0,[],0,[]
8,0xc1d1408c793ea35d259bb7682a6536ba7c1f3b9a,0,0,[],0,[]
9,0xc1d15104d032decf20c641d9b936a0a245b76b51,0,0,[],0,[]
10,0xc1d1da6c0426898606b54b6d2311ca0448adf6eb,0,0,[],0,[]
11,0xc1d1f50c80e052b0522440c1ed0ce4eeba36cd2d,0,0,[],0,[]
12,0xc1d20886999daeff8f272f10942958a93689e070,0,0,[],0,[]
13,0xc1d22b8bff4b2db03243b68b3e0358562ee4b7f4,0,2,[{'id': '0xc1d22b8bff4b2db03243b68b3e0358562ee4b7f4'}],0,[]
14,0xc1d25bab325134fd588c5e8eed934dcaa99352cb,0,0,[],0,[]
15,0xc1d2729aa92fd9c4ec300488817f96fdd8231ef6,0,0,[],0,[]
16,0xc1d277aa87d8366b1560c6172bf2a2d3ee117073,0,0,[],0,[]
17,0xc1d2791ba089ede704280740ece8bb06896e58eb,0,0,[],0,[]
18,0xc1d3298b025ba7561a81734b5e27d7dbf66f83cf,0,0,[],0,[]
19,0xc1d381489c46a17479318a7c82a6c8232958c830,0,0,[],0,[]
20,0xc1d390b4a96aba1ed7167a98f8106a7633b724c1,0,0,[],0,[]
21,0xc1d3f32a345d216c61701d031f6fe9ed92c7f13e,0,0,[],0,[]
22,0xc1d4096ddd351d9f7026de044f7d01cc55d99a6e,0,0,[],0,[]
23,0xc1d41aaac574f82c8d3f65810ffe6bc201359f81,0,0,[],0,[]
24,0xc1d45701ec065ff85567e003785dc59341b71e67,0,0,[],0,[]
25,0xc1d46df80a2875daebd033d61985cfa738c7c6d1,0,0,[],0,[]
26,0xc1d4953b803cc432095d495c781b1c2e96beb44a,0,0,[],0,[]
27,0xc1d4b2189dfd55bd08fad291722e3c401d036a98,0,0,[],0,[]
28,0xc1d4c4deaf14cca1af1d33d20da5974016da5191,0,0,[],0,[]
29,0xc1d4d705cb50334e6954c38b4db1b43b0ee52a4f,0,0,[],0,[]
30,0xc1d4debddb2a48920ba2e46340187e11fb5e53fb,0,0,[],0,[]
31,0xc1d4e8c1a55c8b7e13cd10a3b922366de033c675,0,0,[],0,[]
32,0xc1d500812e05506e46a1652d0a1081ad242585c9,0,0,[],0,[]
33,0xc1d504a813b3ca61fc4c52ea230e0004c5950e4a,0,0,[],0,[]
34,0xc1d5bd9f7621e200fbd535b36218871cd1baa4e9,0,0,[],0,[]
35,0xc1d5c4cb6dbeddcf1fd37f57c0168d3f2b66f3a5,0,0,[],0,[]
36,0xc1d5ca8cfd6fd545d1985fb70735b7aa0643fde4,0,0,[],0,[]
37,0xc1d5e3d57f1808b2e9f6379792d06a68f98a627e,0,0,[],0,[]
38,0xc1d5ef49cefaae7a0dfaf3c27686333d269b7dd1,0,0,[],0,[]
39,0xc1d61143edcdd2efe1efc3140e3d56191ce8ae0b,0,0,[],0,[]
40,0xc1d62db147628d87c2e4053fd9d75c3a36e76bc5,0,0,[],0,[]
41,0xc1d63aca231a78be1a88329a10928e9e1916752e,0,0,[],0,[]
42,0xc1d69cfcfa1763d1a7f64c3de82f35d326256e1f,0,0,[],0,[]
43,0xc1d72b37c3178a40c77cfa28ac9d8b53d4d5ffea,0,0,[],0,[]
44,0xc1d746230fda499ddf7af3e96767c5e67f156c14,0,0,[],0,[]
45,0xc1d772ed75eb9273bfd6d1ddc03a1cf011b8fa80,0,0,[],0,[]
46,0xc1d7ffe1b3db8b5d8a2ac0720d7ed1920f33e9f9,0,0,[],0,[]
47,0xc1d818c4ea1726e16896829db2fc57e404b583ae,0,0,[],0,[]
48,0xc1d81ff4be3bddf7971d40b9e146250b6fc2f0b4,0,0,[],0,[]
49,0xc1d820087bc4b3064f506604ef55e89d9b04ac81,0,0,[],0,[]
50,0xc1d8325689636ddfb491606cee9aa7d00c687bb8,0,0,[],0,[]
51,0xc1d89a83de8d4c634476e76c2485d39b9301ca2c,0,0,[],0,[]
52,0xc1d8e21548c0ab0c50ec7da4d367888a2795081b,0,0,[],0,[]
53,0xc1d8ff968e6d38b27a68632dce78e1bf2729f250,0,0,[],0,[]
54,0xc1d9c751f6b53ec2a08181caf2a91be35eb9eb73,0,0,[],0,[]
55,0xc1d9d84bc33422668784ae80d8c7682bc2cdd268,0,0,[],0,[]
56,0xc1da243d7fd84e23f594450fd58684bafd7bdb1c,0,0,[],0,[]
57,0xc1da55462165ff682a5f5e94604855f67a6030b7,0,0,[],0,[]
58,0xc1da5f5be4ea24ec292a2e7d0d5ed543e0b2d3ea,0,0,[],0,[]
59,0xc1da6a69613eae4b1ca4ff0229d22e05b5b6a329,0,0,[],0,[]
60,0xc1da7be965434a8462880d9f1b95bb85b849626b,0,0,[],0,[]
61,0xc1da8588b9b8e88ba669b4bb4951b9008af2d20c,0,0,[],0,[]
62,0xc1da8ab31f339b02421c0c77be1555584b05a102,0,0,[],0,[]
63,0xc1db01a940910c6f0dda44654252d806526fd054,0,0,[],0,[]
64,0xc1db16260467392b8b04dcfa3cc74659d5e0d59b,0,0,[],0,[]
65,0xc1db38ba111e61916f5c62615ab9496e67030356,0,0,[],0,[]
66,0xc1db57ce8068cd67835a8bec0b2826668eb7a385,0,0,[],0,[]
67,0xc1db69170bc315462e248acc4c87bbd88d429fcc,0,0,[],0,[]
68,0xc1dbac7cd72e29df9db3d72268a13e6721799b4c,0,0,[],0,[]
69,0xc1dc3432f87ef9c6bdb56a3d6f72540d3e7d654c,0,0,[],0,[]
70,0xc1dc795f530dee5f3b992f6ca1d2407566757b6f,0,0,[],0,[]
71,0xc1dc7965b9606066d9b2114b01bee430feaa859f,0,0,[],0,[]
72,0xc1dc9c0cf5c710fd6669632c7c020e6542582a61,0,0,[],0,[]
73,0xc1dcca0bb1d592ec34c775e2bec22d7df1c9baf0,0,0,[],0,[]
74,0xc1dcd8d4608b61d06b727b7a601e2ef9c95f1f11,0,0,[],0,[]
75,0xc1dcf93a40b2ed11ee6b9b461750a4d900d8ebfe,0,0,[],0,[]
76,0xc1dd6bfeee2712a09de0edb97a18da4a074d3d3e,0,0,[],0,[]
77,0xc1ddd17cdfeef5aeff354c7b0f70b6ae3bfea888,0,0,[],0,[]
78,0xc1dde09d4a7b3e00cff26932748499ed9085edf9,0,0,[],0,[]
79,0xc1de00bf37c4ac500deae4761ca22f13698d55e9,0,0,[],0,[]
80,0xc1dec26e8076424217195674de2795cc0502bd4c,0,0,[],0,[]
81,0xc1dec814ae5537be0ecd21ac8e500f03521adc33,0,0,[],0,[]
82,0xc1ded343d10272ebf281749a49911608f8defa26,0,0,[],0,[]
83,0xc1def4ee8c26704e662b5cbf1f0d873bc5fe74d2,0,0,[],0,[]
84,0xc1df2ee60ec1dcbf1984a29ca670c0710470f173,0,0,[],0,[]
85,0xc1df4d0cf87f5ed6c8969f107ab5733be196e76b,0,0,[],0,[]
86,0xc1df6e3be76d292d71120f02c6e0e69b6e5c536f,0,0,[],0,[]
87,0xc1df7a492899eccfb3f7c0e309b702eaf7d1e8a8,0,0,[],0,[]
88,0xc1dfa30801bb03a8484b09fa78052296abf78f62,0,0,[],0,[]
89,0xc1dfe7c95f3002e14ebf628a0f2a7b445d7f1ad9,0,0,[],0,[]
90,0xc1dff56ffdc7b2378480bbb1bebde06ce8f2ccb2,0,0,[],0,[]
91,0xc1dff6d91c8ac02e35c521230277f942a615ff8b,0,0,[],0,[]
92,0xc1e04d77c659b3353187b02badacb07863db8d43,0,0,[],0,[]
93,0xc1e06bfb19e3cb6492a6cf1bcf09aa64387ae3f5,0,0,[],0,[]
94,0xc1e09f8fcc7229ec7f6c83726bdd6069115b0360,0,0,[],0,[]
95,0xc1e18af712f3752761a8dd4ba42b01ad0537f1a6,0,0,[],0,[]
96,0xc1e1aafcca3d45dfe578a4eca02c894e9445d409,0,0,[],0,[]
97,0xc1e1dd79df8c3bb438f800f6723b4fd1e6c69d71,0,0,[],0,[]
98,0xc1e22b072855183a5c30ddf494eb9cc860fd8377,0,0,[],0,[]
99,0xc1e261ab0d287a75aa7251f299beb7cc6f17462a,0,0,[],0,[]
100,0xc1e2afc2c3430a6c365e54a08afcb4c0731c299f,0,0,[],0,[]
101,0xc1e2f6161ba785da015793e3997f4d903239a888,0,0,[],0,[]
102,0xc1e3000bd3a94ea86ab85be97a83c38bc93b50a6,0,0,[],0,[]
103,0xc1e32d69852d6111f26eb48de32d1c994a01c3a6,0,0,[],0,[]
104,0xc1e3348c8ca08dc5186fef956e528030c6632945,0,0,[],0,[]
105,0xc1e3ce8e6aac956d93bc0afe35c2b147b3e3a16c,0,0,[],0,[]
106,0xc1e3d8caa8da54ebbc35be3d3fee037bf9e55667,0,0,[],0,[]
107,0xc1e4141a5f7ff57f3bfde59f0ef648e4c4033e06,0,0,[],0,[]
108,0xc1e42f862d202b4a0ed552c1145735ee088f6ccf,0,0,[],0,[]
109,0xc1e5546176de2df44455c7f880fa950c9c638ead,0,0,[],0,[]
110,0xc1e58ac0ecc1fe3fc82ab35f944a4d9edc7cb5de,0,0,[],0,[]
111,0xc1e5c504f13880e81d33c336983bf163e41c7c47,0,0,[],0,[]
112,0xc1e604f523c847048c39c5f4deb25339ed509207,0,0,[],0,[]
113,0xc1e668ed4b2eaeae35606fd4dc968ded7633dfca,0,0,[],0,[]
114,0xc1e697c33b2941d045464f91efd2229208ab8e77,0,0,[],0,[]
115,0xc1e6a1095ab21a140b61f8cda93db36ac4166997,0,0,[],0,[]
116,0xc1e6b7f727aeede2b91b305ebdd78eaa97099890,0,0,[],0,[]
117,0xc1e7626bbd01befa94e53bd239d1518ec55bf293,0,0,[],1,[]
118,0xc1e767ff3c9a9e71a2c2c3a6fa17fdfa073cbda0,0,0,[],0,[]
119,0xc1e77b9cd5cbd544383c37254151636e1e534ad8,0,0,[],0,[]
120,0xc1e7ae905338af5689f72dc492b8c61fd163f76e,0,0,[],0,[]
121,0xc1e7c901da3b64a740989a5286558e85ab33cf2b,0,0,[],0,[]
122,0xc1e7ebf91c6c02a13e2a85a59ba30611e397f5d7,0,0,[],0,[]
123,0xc1e81983719a02132451b76c3adc4bc0fa918a91,0,0,[],0,[]
124,0xc1e840231fc9f968f014df89669db67804d36817,0,0,[],0,[]
125,0xc1e852aad270f7a1f22aa90101e99d6aa246935c,0,0,[],0,[]
126,0xc1e878b1ce3bf5025a8f49606c8d5e8d4b6104b9,0,0,[],0,[]
127,0xc1e90af243e52408fe3124b967d2ccd361be6da1,0,0,[],0,[]
128,0xc1e92349ea7f1d3ec9a1235af21c4f53d4caa52f,0,0,[],0,[]
129,0xc1e923913715c67cfd504452312fdce22251fc0e,0,0,[],0,[]
130,0xc1e92bd5d1aa6e5f5f299d0490befd9d8e5a887a,0,0,[],0,[]
131,0xc1e97f431105226e717b23bb3091eeec2d85a8e8,0,0,[],0,[]
132,0xc1e9b1875a44799b209e1838ad72fed195fad8ed,0,0,[],0,[]
133,0xc1ea19d479287df325cd56e146383bfaa36d95e4,0,0,[],0,[]
134,0xc1ea222ba484274860446beee6cd2c2f211d9fdf,0,0,[],0,[]
135,0xc1ea7e99909db41421bc01bcafd9540834623945,0,0,[],0,[]
136,0xc1eabe458310dba18b7b6c5219cb0b6e32ae72a2,0,0,[],0,[]
137,0xc1eaf767f08d4a788fa159b932c313cb6a5cba00,0,0,[],0,[]
138,0xc1eb02c7256b3c63033ebef761ca765bb7ef5844,0,0,[],0,[]
139,0xc1eb683d2af4f77ebf0a767bdd90dac385fd0e1a,0,0,[],0,[]
140,0xc1ebd3eca5a7d0fe1391d869a1813356edac7a6c,0,0,[],0,[]
141,0xc1ec424e572900f52a8da63dddfaefa7a2c2f3fa,0,0,[],0,[]
142,0xc1ec6ff4689ee2177dbb179ff37cb1afa57536e0,0,0,[],0,[]
143,0xc1ecbd9ab9e57ddb52cf76255753f60f96bcb97a,0,0,[],0,[]
144,0xc1ecff354bcf7b8134da7f339a508e2561d6f6c2,0,0,[],0,[]
145,0xc1ed0f149c150883d14f8ccf83ffd2abb68197e9,0,0,[],0,[]
146,0xc1ed1a0a5794a5c375274df18699a3e1543d4a84,0,0,[],0,[]
147,0xc1ed2a7bce3c729824a84183239d5f56b346721c,0,0,[],0,[]
148,0xc1ed2fb185b83cd8ce7eb5012b342b57db58ef66,0,0,[],0,[]
149,0xc1ed643b3d4d0d53ce247b88d30736923a154521,0,0,[],0,[]
150,0xc1ed961adf103a622d79f7b92807b362f6906dc1,0,0,[],0,[]
151,0xc1edd6c4547657621f7b1dcb99508296477fb327,0,0,[],0,[]
152,0xc1ee04e621cec76816d2d5f4d12c1a1e44080f0d,0,0,[],0,[]
153,0xc1ee7057c57b2b07f53399f2a56989eb6a10f0b6,0,0,[],0,[]
154,0xc1ef0fd16fbbc17713b28ea31adc6338d2bcebdf,0,0,[],0,[]
155,0xc1ef119bf1204e0bb8b8296589203659b4b55603,0,0,[],0,[]
156,0xc1ef264750467427217f5ce051ca267817c9fa63,0,0,[],0,[]
157,0xc1ef31796c440de25fc791293e5cfc6708fb4a69,0,0,[],0,[]
158,0xc1ef50361c3c2239c546d1c0a174080e2531f11a,0,0,[],0,[]
159,0xc1efa7369a4b5c33dfeecdbbeb41fc82590720a8,0,0,[],0,[]
160,0xc1efc376d9392022944ec9cd59c26e0aa7a61715,0,0,[],0,[]
161,0xc1efd16e01c711ca3d3548f4893cf683014a93dc,0,0,[],0,[]
162,0xc1f0036f08a26dc382bb97d52d281cf946be13c9,0,0,[],0,[]
163,0xc1f01516604c55bf5e4f00a6fa0efca496bc7fb2,0,0,[],0,[]
164,0xc1f038a36a595191fe4129afbce8cfba2b2ed4ca,0,0,[],0,[]
165,0xc1f040c2e7322074adc528b9fbf88ea635e3215d,0,0,[],0,[]
166,0xc1f0d5ddaefca72ce686e0e5e3735be6aa513df3,0,0,[],0,[]
167,0xc1f120c5b836c4d43cfd113e3713d50b4dae3dc9,0,0,[],0,[]
168,0xc1f1286f2f9aa7f061c48f264fc24d04f215f5d4,0,0,[],0,[]
169,0xc1f18db5972a6b3672969421f3f7a9c79496fdb6,0,0,[],0,[]
170,0xc1f1e26f36df08c1b2ce61c7efc41415fb5cc0f6,0,0,[],0,[]
171,0xc1f244aa5c0305b020e51143d56ab45c2d07f9f3,0,0,[],0,[]
172,0xc1f2524aaf233ce8b9c2a2ca7da62a5196e5d00a,0,0,[],0,[]
173,0xc1f2717be37303c56dff6fc40107739d71eed7c7,0,0,[],0,[]
174,0xc1f39f4a84c1aebf24e29d01fb7f108a25363736,0,0,[],0,[]
175,0xc1f3bf19f7923d3beff81007238434d02bf3406a,0,0,[],0,[]
176,0xc1f3c5255a6b042fd5cb7471733ebb474bf2d765,0,0,[],0,[]
177,0xc1f3ebe56fe3a32adac585e7379882cf0e5a6d87,0,0,[],0,[]
178,0xc1f40e576e5eb72d52a60635e149248f43e80fa0,0,0,[],0,[]
179,0xc1f41182716ab57e01c5e3804d518c874a8882f2,0,0,[],0,[]
180,0xc1f44b33c6775e6e538a6920e0a4795689f3b9eb,0,0,[],0,[]
181,0xc1f46551bea78e1941e92810b2f21fb2d2cceded,0,0,[],0,[]
182,0xc1f491e03f455ba8828aa144ba5eb39bfc67e182,0,0,[],0,[]
183,0xc1f4a02ee85e910490851415a90efd62dd44b94c,0,0,[],0,[]
184,0xc1f4fec17f80f265ded1f07307ad2f2cb14b5c08,0,0,[],0,[]
185,0xc1f54982c508f0542c30949228835933444d330e,0,0,[],0,[]
186,0xc1f55da28e32248c25afcdd0cb4727ed95239f05,0,0,[],0,[]
187,0xc1f56e4d8db271fb7bdd0f3c045137bed703a319,0,0,[],0,[]
188,0xc1f5c5ccb55f17b6d0f4b399a80b0ee4da8cd518,0,0,[],0,[]
189,0xc1f5e2ed5b4bcb2b07e9eae346c84437fd401c62,0,0,[],0,[]
190,0xc1f5f831a5e86ff22847d231f2aebd40490375fe,0,0,[],0,[]
191,0xc1f5fc4f0b61826c8cef114a68f088a537d81e8e,0,0,[],0,[]
192,0xc1f6371ca3a3f494bb1e2b96d5315a3c9627b325,0,0,[],0,[]
193,0xc1f674a3e42a9be12ae65fdb659e7c540f21f5ee,0,0,[],0,[]
194,0xc1f6861e0a1d6f4d1f4ef2ea2d2c753378dc6e4e,0,0,[],0,[]
195,0xc1f6b3d07d60f03773592fe96fda78d033b2c07f,0,0,[],0,[]
196,0xc1f6deee5a227261a8ff617c215ef2dd7995e3f8,0,0,[],0,[]
197,0xc1f706df9029c34ad386816b34fef07accdd86c9,0,0,[],0,[]
198,0xc1f712add4d18ab2bbc1da9487cb0067483e69bc,0,0,[],0,[]
199,0xc1f76bfe930ac85a4e80d4ca4f0aa285c32efa6a,0,0,[],0,[]
200,0xc1f7b894f37b14c27207c3a7b02ad6f92e5ce6fe,0,0,[],0,[]
201,0xc1f7f8b1f93dbd3b0c8533ff510673ea600aab5d,0,0,[],0,[]
202,0xc1f852e4dd109c020a69be5e21fe2e08b6095689,0,0,[],0,[]
203,0xc1f857b1832f4f6eb3429bfd7c3e104aea88094d,0,0,[],0,[]
204,0xc1f85da4e0e5690df8d3076844101a36d1280867,0,0,[],0,[]
205,0xc1f87b143a8006c80f2dbd3fe3469305687bceaf,0,0,[],0,[]
206,0xc1f88e1be07ecbcd40dadcb9836d395d9a785089,0,0,[],0,[]
207,0xc1f8bab9771c5a6473cae01062e5f9bc89db1d32,0,0,[],0,[]
208,0xc1f9bb58c3ad5808d6f536f9881daf616fb2d8a6,0,0,[],0,[]
209,0xc1f9d61a852489668bcf14f3fa16e0061e221bf8,0,0,[],0,[]
210,0xc1fa3ce637691d7d8a13655d69bcfd79873c4e42,0,0,[],0,[]
211,0xc1fa4541ba73ad32116c19cf025f75531cf8828e,0,0,[],0,[]
212,0xc1faf315a1fed3fcc5a9f051aee862e12a9a5c2d,0,0,[],0,[]
213,0xc1fb3a1b1b9affd68b6e535b77b0b35b539ed391,0,0,[],0,[]
214,0xc1fb75b0ed3bf7e98946bd99141886b291466cce,0,0,[],0,[]
215,0xc1fbb8c907a93af08e14441310999b0d2c28c443,0,0,[],0,[]
216,0xc1fbbae284902156151f8c4bf6573c403c68253e,0,0,[],0,[]
217,0xc1fc1b0af1fc8da343f795d973ee0d2cd43e0052,0,0,[],0,[]
218,0xc1fc40e96ba5e144724e0fcd10f519bd75094dd1,0,0,[],0,[]
219,0xc1fc4a0a554b3559da4385c37ec62cf9506693b8,0,0,[],0,[]
220,0xc1fc99b9b9d044e8188b9d7165545614e9ef488a,0,0,[],0,[]
221,0xc1fc9e5d984fbd4e234502ea2e2348d450861cbc,0,0,[],0,[]
222,0xc1fcd0f47c8cd1162f45f2eb6829373b3928f234,0,0,[],0,[]
223,0xc1fcec8e69b38bf8d5ba5bfd807c02ea80fdd2e3,0,0,[],0,[]
224,0xc1fd05c6575f090730422a546dab610cad2fffa3,0,0,[],0,[]
225,0xc1fd45ed4a50221993b3cb0773b8de77dfb6c787,0,0,[],0,[]
226,0xc1fd4bc580e270a69c4148636f5d2489aedd4f15,0,0,[],0,[]
227,0xc1fd4c9b2fbc607ae3088d31303b9c82f6037c98,0,0,[],0,[]
228,0xc1fd4e5ba87e7986117bc6bf5bedd82dd42556d7,0,0,[],0,[]
229,0xc1fd59b5bc16c7df0c03e19777f894b9a7d91631,0,0,[],0,[]
230,0xc1fd67834c3272fa6bced734fb06c799f8a039c7,0,0,[],0,[]
231,0xc1fd943d46197017fcc97077b5f1a4c403bf5f0d,0,0,[],0,[]
232,0xc1fddd2cac08ac5ee72ca0979e77bf937343d50a,0,0,[],0,[]
233,0xc1fdef68454ed5d9bac99611f145a5adefb46f35,0,0,[],0,[]
234,0xc1fe2f6032d6d647e7bc99b5533888b46b5c2e53,0,0,[],0,[]
235,0xc1fe33b2651893fece482dfe710a3c53f8cb900b,0,0,[],0,[]
236,0xc1fe72f73e5b335afc476b3c8520f78e707363dc,0,0,[],0,[]
237,0xc1fe7725c809667127fbad94c384b3bbad4bed4e,0,0,[],0,[]
238,0xc1fe835d7f4390f918c558ba104220af1853554b,0,0,[],0,[]
239,0xc1fea503585b52126e53777841b48c28d5f684ae,0,0,[],0,[]
240,0xc1ff1b8cd9e6157cee4de36398ecdd95b25de64b,0,0,[],0,[]
241,0xc1ff368fdf238c8f1d9ea405a4c8e7e5f3aa88c0,0,0,[],0,[]
242,0xc1ff429373b6c9ecab123029ee2d890e6d80fb62,0,0,[],0,[]
243,0xc1ff85c123290878d8fa84bfd123b3c81909fe22,0,0,[],1,[]
244,0xc1ff8e8ea7b53b04917f301b9ab450cfbb22355a,0,0,[],0,[]
245,0xc1ffcf9be83769ec6526c7a0e07adf316933d990,0,0,[],0,[]
246,0xc1ffd301883c9ee30872ccd3b05b291540f73cb7,0,0,[],0,[]
247,0xc1ffd4509388b31a0adacf98ba040e4a7555cecd,0,0,[],0,[]
248,0xc20003d3581dbfea983ef36c46fa4bb1d7d17135,0,0,[],0,[]
249,0xc2003a277800a83689c08efe7e6d4f2ac9b4a325,0,0,[],0,[]
250,0xc20046b3038f8a35bf9049fdd3125b855ac496df,0,0,[],0,[]
251,0xc2004a59c4ada0aa4b447f597b7f012a60caab44,0,0,[],0,[]
252,0xc200b16d363374a86c599734b71676472c3058ce,0,0,[],0,[]
253,0xc200dffcce3b7f0ae51df89dd9bf961ef2a4c8ba,0,0,[],0,[]
254,0xc2012015116aee047d828e9f0cc71bb536f7301f,0,0,[],0,[]
255,0xc20122fe046dc7000c8d4cea9386c435aa71c5e0,0,0,[],0,[]
256,0xc201610541fa467c9e2c2bffbb68da1154723d15,0,0,[],0,[]
257,0xc20166a877cf0063028f1c0964e81679511aa5c6,0,0,[],0,[]
258,0xc2017be9ec51efb88a1242dce832a25d111166aa,0,0,[],0,[]
259,0xc20192944808c28b59bc9f4e600bc3f779a2518a,0,0,[],0,[]
260,0xc2019b6478067130f425ae40ca82fd893ecdfac1,0,0,[],0,[]
261,0xc201c8d2ae1f52d33dffe0aeb4d06e7fc028f0d5,0,0,[],0,[]
262,0xc201d1840d749ddde23ca8689a1572eb32ac0033,0,0,[],0,[]
263,0xc201f24072dbe86bbd9eb7a2814e1adf7b27f5e6,0,0,[],0,[]
264,0xc2020c93e560c3fc90f9483413ebe86d7a7a7ed6,0,0,[],0,[]
265,0xc202353e969dfe0250636115d0003ef15d1164ad,0,0,[],0,[]
266,0xc202464b7ccab25cac78d3052742d57fad2fab1a,0,0,[],0,[]
267,0xc20257280d961e5d77a2066893ce31d888df9920,0,0,[],0,[]
268,0xc202754542039f59197b6d5705941105f86b7ff4,0,0,[],0,[]
269,0xc2027e5a12124734a22c9a845fd65efa9dfd96bf,0,0,[],0,[]
270,0xc2031ee6981f7c1ade99bd5afbe44c54bcabdb3d,0,0,[],0,[]
271,0xc2034b7a703f2c50c6cb5803bcf11a045980b2e2,0,0,[],0,[]
272,0xc20357e3ede7f1cf16e277f240051c88b2422480,0,0,[],0,[]
273,0xc2039a8ab265886fe655481bf669d1b75bfccb6d,0,0,[],0,[]
274,0xc203e76ae15b3319f40171e2103125578506c0f3,0,0,[],0,[]
275,0xc203effb02159e4a219de99217427dc008ab4cf8,0,1,[{'id': '0xc203effb02159e4a219de99217427dc008ab4cf8'}],0,[]
276,0xc2041e59dece283efdb231d96f5c0d38f6d8cd38,0,0,[],0,[]
277,0xc20425c267c9ffa421d276125cbe6def9f96e294,0,0,[],0,[]
278,0xc20449d07a5e4e1114c3bc52f22c1c008671fb06,0,0,[],0,[]
279,0xc2046d308d5925dddad9480d96c35f68fd8298ce,0,0,[],0,[]
280,0xc2048fe87602b43009082e45ab2f03924179742c,0,0,[],0,[]
281,0xc204ec3a97d506a11947c432a3a1981b3309427f,0,0,[],0,[]
282,0xc2051bad26ae353282fc2ed8600ce9c9b5cfd572,0,0,[],0,[]
283,0xc205206b6604bbcded065e7ec0d20f85d0b80812,0,0,[],0,[]
284,0xc2054b8a1398a85ff998674e70456faf6eda3b97,0,0,[],0,[]
285,0xc2056a949c4250d2a7780557f691a95cd49c01d2,0,0,[],0,[]
286,0xc205b3ed9e249fc03c00a2132e4ce8a76a363ab0,0,0,[],0,[]
287,0xc20649b9977de2bec71404c84abbd75e17847c52,0,0,[],0,[]
288,0xc20670f684f6ed0cedab20b8abd5c2497a6f663b,0,0,[],0,[]
289,0xc206a4bcacd568ff8c633646aac37a07e861b848,0,0,[],0,[]
290,0xc206ce9c9a8072099d82d37b0111f795e62c4160,0,0,[],0,[]
291,0xc20726660da58f453998d64fc55fc961b6af491e,0,0,[],0,[]
292,0xc2072f217d01f83b3f44ff811d9ee3e423644f3e,0,0,[],0,[]
293,0xc2073448995fd2c1c38157f8227ab1e614178394,0,0,[],0,[]
294,0xc207581a680602127ada9f8c4e7cbc331d8387b9,0,0,[],0,[]
295,0xc2076e192af3b7bb15897304ae05a9284bbdabb2,0,0,[],0,[]
296,0xc20786b6f77709d59881bb742e7def8ae923d01f,0,0,[],0,[]
297,0xc207939e17c6d447e19e9e8fa87d642b98cfd3d6,0,0,[],0,[]
298,0xc2079e5b077eae969dbeca3747bb855ae9df8f3f,0,0,[],0,[]
299,0xc207e030d792ae14eccdf2a8860b40f1443eb8fa,0,0,[],0,[]
300,0xc20814e52e2704d2e2b61cf6916da25c040d9c72,0,0,[],0,[]
301,0xc2081a5f0934d3b643fe20e928640fff150dc40f,0,0,[],0,[]
302,0xc2081fd9c4a6dc0ce637d52376814a12a525c764,0,0,[],0,[]
303,0xc20823bf2a0eeefce3f98e2a241cc3a13e05b7d8,0,0,[],0,[]
304,0xc20861701a1c7d8478b54c89e0958986eb969d5d,0,0,[],0,[]
305,0xc2086b4fe058b880d2a71b1c0d555cd6c296dcf0,0,0,[],0,[]
306,0xc2086b557f41ecee06c21015306c7036e33a1eb8,0,0,[],0,[]
307,0xc2087c59a189fe0480ff66417bc02656818daf4e,0,0,[],0,[]
308,0xc208934e867dfcdc10e5ab58b631d2c3185edbc9,0,1,[{'id': '0xc208934e867dfcdc10e5ab58b631d2c3185edbc9'}],2,[]
309,0xc208a0dc41897228c8f3c6c3546471924272c12a,0,0,[],0,[]
310,0xc208be44603c8eea6ddacb9279410bcd8b4dcbf4,0,0,[],0,[]
311,0xc208cfacd273cabc2bf4bdaa877bc8bb464dc08e,0,0,[],0,[]
312,0xc208f926ded8ef671de28964fe7f7ef58383d9d0,0,0,[],0,[]
313,0xc2096e67ae268050da2ea9ee5feaee81497ca3e8,0,0,[],0,[]
314,0xc2098365fa162d6c8d01aff4692bdae811901385,0,0,[],0,[]
315,0xc20995b2e6a3705cd182644b1142962a1f621919,0,0,[],0,[]
316,0xc209d34dabac36059c71d027e7cf20bca1c6b987,0,0,[],0,[]
317,0xc209ef5b0ab3c22fe0c52b35b77a2c65ff745aca,0,0,[],0,[]
318,0xc20a5fce4a4b30ae85f4bfefbe8639d1a709de0e,0,0,[],0,[]
319,0xc20aeac66aa94a3124fc994045edb4e20f268557,0,0,[],0,[]
320,0xc20aed006c782fdc6da0da1d85ea17df3c18b254,0,0,[],0,[]
321,0xc20b03feb92652052bb19de56b8a50ff3d011738,0,0,[],0,[]
322,0xc20b4dafbbb922e1cbbfa446c8ba34dd024e32f0,0,0,[],0,[]
323,0xc20bae97518f4e6c97da406a8414938e5c50c56a,0,0,[],0,[]
324,0xc20beffbf352f017e0f5efb17f9d0fb2c6223288,0,0,[],0,[]
325,0xc20c29672645a29853cfc01e846246a6fe4e4b33,0,0,[],0,[]
326,0xc20c2f13461fbe2554ef03851232100475dff965,0,0,[],0,[]
327,0xc20c79774531901112f2f2a5603bdbc36dd6ce5a,0,0,[],0,[]
328,0xc20cfe84f3f33edcd5abdb9db5a0830a942c068e,0,0,[],0,[]
329,0xc20d19bc32357ea20f79c6fb6c218a6ab5bcc539,0,0,[],0,[]
330,0xc20d3348a1ac397ea92cc738ea72b44db20e0523,0,0,[],0,[]
331,0xc20d5ec5cc28c055eb72861c13a05c1ebe31cc97,0,0,[],0,[]
332,0xc20d82514cb025f5bf512cf5c15d32f1c2d3e750,0,0,[],0,[]
333,0xc20d99236ce1696b41a21ea8d94c224b219ea3a6,0,0,[],0,[]
334,0xc20da21addf757cedfa8fbf9f80f213789d51351,0,0,[],0,[]
335,0xc20dc7793ad0f671cca598f4293419ed684d4605,0,0,[],0,[]
336,0xc20de6f650b234880926fe42209b184a50b043e0,0,0,[],0,[]
337,0xc20e4234b80c77a2a31974c94aa6a4aa308cd086,0,0,[],0,[]
338,0xc20e504aaeceba284807a3dcd01f71f45a081e59,0,0,[],0,[]
339,0xc20e627a1f2bd01c1de9f52d7da4aed866fe5453,0,0,[],0,[]
340,0xc20e6e002b171349fde8cf87b55c8096601c3851,0,0,[],0,[]
341,0xc20ea944df44d2137a77fc724d64742dc815c12b,0,0,[],0,[]
342,0xc20eefbda09dded708b0575cc27b2221ce133795,0,0,[],0,[]
343,0xc20f0fe3b31902ed2c0e5124385a36cb892fdeb3,0,0,[],0,[]
344,0xc20f1bdaa028ce617b0c3ed84bc30a26b3427c93,0,0,[],0,[]
345,0xc20f32d28670427dad4a9823b697fc1eb8e38c7f,0,0,[],0,[]
346,0xc20f43bea6a53b96988d3333a56014b873fa4f0b,0,0,[],0,[]
347,0xc20f449608eb20eb177add9ba7971cd62e257698,0,0,[],0,[]
348,0xc20f698b47504fcdebcb1f3782e8d4ab58ccd224,0,0,[],0,[]
349,0xc20f73630901b578b6d8c211dfe532a39c2b4347,0,0,[],0,[]
350,0xc20f8434eb67224c42057a5cc31d704e0b9a843d,0,0,[],0,[]
351,0xc20f93173e270ecf5f05c72596b4b7bfc020788c,0,0,[],0,[]
352,0xc210222fc4961a2556af3a1820319d021eccb65c,0,0,[],0,[]
353,0xc21027e8bff0de0ede70965732353b7b957f1b66,0,0,[],0,[]
354,0xc2108962e49641e7398ba4b1c3336f72df9563a6,0,0,[],0,[]
355,0xc210b6133b258acf6f1eb26b8340919d8d7c0110,0,0,[],0,[]
356,0xc210e12f4218e4bfa4065ffe94c4fc0a7a970249,0,0,[],0,[]
357,0xc2111e735ef41cafbe65eea3c7407280405b439f,0,0,[],0,[]
358,0xc21148a4bc8f514f5a53cc5f558a3021af49e309,0,0,[],0,[]
359,0xc21175cb4b2a3ccdc828101d44c2f5ad5a64b5d8,0,0,[],0,[]
360,0xc2118548f81ce111c75dd233aef8af708de8ef8b,0,0,[],0,[]
361,0xc211b95f56a616069873815404218b404a7887ac,0,0,[],0,[]
362,0xc211d1d1ca9cb906bd109e11420b8c6ff0a6a1a3,0,0,[],0,[]
363,0xc2122c82946ad7d4f5d1ff59399323bb1d9243a6,0,0,[],0,[]
364,0xc2123e2a39d8faa7362821e591726d907dc8c043,0,0,[],0,[]
365,0xc21273a35f7a62cb8e04ca70b0806b836f5d66b7,0,0,[],0,[]
366,0xc2128d6bb56361dd7eeb902c61a5bcedc906b620,0,0,[],0,[]
367,0xc212bf3627141a4313845ed3f59a2aa46a510165,0,0,[],0,[]
368,0xc212e32fe8d4fa9b9b806b2452b1231c70392dfe,0,0,[],0,[]
369,0xc2132a1539ef2d025ecc6a54b45c9631f12f2972,0,0,[],0,[]
370,0xc213665e419fa9e34ba794bf4a19eb3b36b914e3,0,0,[],0,[]
371,0xc213ee305d9bf10506ad7311f3e34a97e6d9b810,0,0,[],0,[]
372,0xc2148faf27f8c1106368be461ab62885b07e2767,0,0,[],0,[]
373,0xc21497031267fb2831b97de35caaecf2d204d007,0,0,[],0,[]
374,0xc214cf37092f669a6f96231bc3645cae7d3658f2,0,0,[],0,[]
375,0xc2155f4ef0aa8b6eddec40d4d3364e89c38df1e0,0,0,[],0,[]
376,0xc215bd5e96481ec63d0597c2d3fcc37f4a05aa32,0,0,[],0,[]
377,0xc215be2319411d6db03af049bb7b63594d56a7f1,0,0,[],0,[]
378,0xc215e8f011700168c8dc5cf7b1e305250c50c25b,0,0,[],0,[]
379,0xc21611a12525d3ab940c339b8ae4c4be5865b6a2,0,0,[],4,[]
380,0xc2161ca9232bc7d15eda90fa35f64c9219e01250,0,0,[],2,[]
381,0xc21668bffb182010a7ff18a7fde8918b3062f4d5,0,0,[],0,[]
382,0xc21689765f09f00eff421aa7c21fb44e82bf7880,0,0,[],0,[]
383,0xc216b1f557dd664b0ec32f7d963ac0bf2bcb0122,0,0,[],0,[]
384,0xc216e018b438105c1c05dbe71c5099410db1f09f,0,0,[],0,[]
385,0xc217250fe9048faefc2f79e26f393a2741b0c672,0,0,[],0,[]
386,0xc2178a7397f8bcf9369701e91705e3f59232f2ab,0,0,[],0,[]
387,0xc21790da5a053bc9c3df81f5185c9c440ff264b3,0,0,[],0,[]
388,0xc217ae9ff40d7145e558beb69b1687fa12e96050,0,0,[],0,[]
389,0xc217fe3fb8196e198bd9c789669409779c6a6b35,0,0,[],0,[]
390,0xc218054cf7f32b57a777b941b9c7d98cbcd7f9a5,0,0,[],0,[]
391,0xc2181de8ec81ccd3c355c95e60862a7260c95a92,0,0,[],0,[]
392,0xc218b9cb2eac3515ae3aeb164d2dc4ad70aa210d,0,0,[],0,[]
393,0xc218e4af37be2b1319f454cd6f41200099529901,0,0,[],0,[]
394,0xc218fa2f64442f169c931270fc24659322acbab3,0,0,[],0,[]
395,0xc2192433bd47f147d7cf1212829c3e2071ba308e,0,0,[],0,[]
396,0xc2198a2ea433af8859b69488f656a40e8da8ef99,0,0,[],0,[]
397,0xc2198d4aefa23e9ac1e9e1628efde30c76ae6d7e,0,0,[],0,[]
398,0xc219cafde6855f60da76d9cacc3873fda65516e6,0,0,[],0,[]
399,0xc219f70520bdb33b8dcb0aabe0300913215cd10f,0,0,[],0,[]
400,0xc21a0d0f5cbbdbf217f69defa110675822e1ad91,0,0,[],0,[]
401,0xc21a1904c2a0c97735a544fb92dccfa79b0495ef,0,0,[],0,[]
402,0xc21a7542c48d4352428c8080f2f78f05a9a669fd,0,0,[],0,[]
403,0xc21a90ed9b7a9dc1f281c0196a0ad8f86afb68fd,0,0,[],0,[]
404,0xc21aba719f7d4779786a0cb73a34e56089e3eb99,0,0,[],0,[]
405,0xc21ad3418d9f9ecea306644d7d741d9415d649ac,0,0,[],0,[]
406,0xc21b1489c149f82d2da187c1f0f9864057134742,0,0,[],0,[]
407,0xc21b1dad56157e3c24113333d5f02b5c72025c25,0,0,[],0,[]
408,0xc21b2dca5db46b396404e0806f6b31a8949eb3f2,0,0,[],0,[]
409,0xc21bb44b723bcbf2e99ca4e3a271b4c0a641a148,0,0,[],0,[]
410,0xc21bb85d3dfadacafaeeeb7955cb198a4356f761,0,0,[],0,[]
411,0xc21bec2ba4a38f5f3dadff1ef74e51aab8af5bee,0,0,[],0,[]
412,0xc21bf004cb97a8f8e0544b447415abd6edbdcc63,0,0,[],0,[]
413,0xc21c82f8886ed60d8c839cffb6d9e7dd9902013f,0,0,[],0,[]
414,0xc21cc05466bd731cb7f6af851698fc499bd85b2f,0,0,[],0,[]
415,0xc21cd8d1abc6b528fe598af47e0641d37868659e,0,0,[],0,[]
416,0xc21cf22bdceb94ddb07e35935e957bc7408577dc,0,0,[],0,[]
417,0xc21d02de71192c3eae7c7e7f9ae9f9af0e95e0a6,0,0,[],0,[]
418,0xc21d26a60c73ab4ab43603521aaf4ff8ce1c5438,0,0,[],0,[]
419,0xc21d2a3b1419442dfa5ee290604edea012f3069a,0,0,[],0,[]
420,0xc21d476ef8352f6e16d4f80315cdad8670cbf9ed,0,0,[],0,[]
421,0xc21dbcfa4d3409b86b11ec42e9abd53c36b517a8,0,0,[],0,[]
422,0xc21df65f5dfc455bc60ae46aee5ee4f33810b145,0,0,[],0,[]
423,0xc21e158090f1d60a93cbe544c5374f77993da9e9,0,0,[],0,[]
424,0xc21e1f55a73154a35a8758e558b06d1e3cff54e3,0,0,[],0,[]
425,0xc21eb65c6c949319eaa58f042ddfcf470753baac,0,0,[],0,[]
426,0xc21eb66979a2a8e77ba5a56a0f43d44bc504e5fe,0,0,[],0,[]
427,0xc21ebd7fac3017f1f43d2bbfa29bfb531c46b559,0,0,[],0,[]
428,0xc21ec08e531d1a79b5a746fbe27eab53dd3d510b,0,0,[],0,[]
429,0xc21efd102853bf59e59597c50c32d22362e236a7,0,0,[],0,[]
430,0xc21f070edcd25eafec893e0fab6083798b9ac6eb,0,0,[],0,[]
431,0xc21f5225fa400af84a7aad43e9e2b7d429670278,0,0,[],0,[]
432,0xc21f80994db6e49e79077403ed00c98d9021915a,0,0,[],0,[]
433,0xc21f96c48a6106b93cb633efe1aafd28cacf642f,0,0,[],0,[]
434,0xc21f97ce37f1e1071804e1a04c960e0131fcc154,0,0,[],0,[]
435,0xc2201b08018d3244d6e348fb4690006efac97504,0,0,[],0,[]
436,0xc220426d4f84b78cc6787d6d15abe594ef1db7d7,0,0,[],0,[]
437,0xc22046e97306c54938edfa2889265e10c3bf2212,0,0,[],0,[]
438,0xc22060a0e86cc0ee5c24407303aec752e2791c3a,0,0,[],0,[]
439,0xc22068e9688450f54c817f8c9bac75ded8dcdd47,0,0,[],0,[]
440,0xc22097ae055c810188d7c9de9b3792e5e61efac6,0,0,[],0,[]
441,0xc2209fa2639429c22d2c93ec6a9da5a5844bf21d,0,0,[],0,[]
442,0xc220a0a4f1b5034e0bc449e26eadbad937a551bf,0,0,[],0,[]
443,0xc220dfb0cb065e890392777ec97804be233210db,0,0,[],0,[]
444,0xc2214d97340c45fe567d7ea9cf9ad97119b26203,0,0,[],0,[]
445,0xc22188708763dfd5504c159d08923704151e5053,0,0,[],0,[]
446,0xc2218e58083479635e5304cf40b5a8aef3d6397d,0,0,[],0,[]
447,0xc221b0785033349e1b48cc7330e9c97183309762,0,0,[],0,[]
448,0xc221ee48afc46a1fb019625b863018d9477a1f15,0,0,[],0,[]
449,0xc22217b1b9d6a6d8aef6f64b8c66daf6a61fa0a0,0,0,[],0,[]
450,0xc22217d285bfa023b0d425f8dcc150d36121d967,0,0,[],0,[]
451,0xc22222ad9213ffbf97dfdc45870c634415fb9cb1,0,0,[],0,[]
452,0xc2222ab0ac32561ee6ece6c92cd9d45db9e729ee,0,0,[],0,[]
453,0xc2225ff94df791a109e80776982a37821ffeb860,0,0,[],0,[]
454,0xc2229a24ef147eca88eb0f060e653776f483e1cd,0,0,[],0,[]
455,0xc222d6d5e6320e5b39738aa4f6ecd6acbe8430cd,0,0,[],0,[]
456,0xc222dc11e38008b2551c72b3e8a77345f6835659,0,0,[],0,[]
457,0xc222de2775fe56988677104ece98a9cebbaa5d1a,0,0,[],0,[]
458,0xc22370e0eb65e75e24c8b6434ae3b95bde7dffb8,0,0,[],0,[]
459,0xc223850719a0f2a9541ab94c1b096ea48306bcd1,0,0,[],0,[]
460,0xc223ea2489705927576269942ac59ae063a45704,0,0,[],0,[]
461,0xc224ad9590ecae3e807b8f62afc1c9f98cb64693,0,0,[],0,[]
462,0xc224af82b44fb4aecb6b5a471d2b6cf5f489d922,0,0,[],0,[]
463,0xc224b77224c6abfc133e52b815187c6dae97bd2c,0,0,[],0,[]
464,0xc224c0e860c4fcb01d64c452231d093f2039fc82,0,0,[],0,[]
465,0xc224cbaa2dd31d58245b2402f2ee72a1015a4910,0,0,[],0,[]
466,0xc224fe1786f0a348ebcb8676b0d3df43e7751246,0,0,[],0,[]
467,0xc22528b3e508e338bbcd0a17b2a7eaa5b8c4d47e,0,0,[],0,[]
468,0xc2254d8eac6720579a50bc3b4ae7cc5c30802b9c,0,0,[],0,[]
469,0xc225620fa54569bc0c963e741be9db020f06fe93,0,0,[],0,[]
470,0xc2258061806615ec313f33724a41bb86d4c2eee4,0,0,[],0,[]
471,0xc225b973733f38d293b8cfdab7ba87d7da7d92fa,0,0,[],0,[]
472,0xc225ea5f9b7d303ca4a0ec83efbedfe12479b9d2,0,0,[],0,[]
473,0xc225f5e32db00b2b65b218248b4f3360d5556833,0,0,[],0,[]
474,0xc225fd7d98274e64e696a74c1bcf781deda5555b,0,0,[],0,[]
475,0xc2261afd15b436041675de0d26dbbee4c510991a,0,0,[],0,[]
476,0xc226787b5e30ab92baa0eec0abeeff86590d9c59,0,0,[],0,[]
477,0xc227297527985a9e88eab772d747b028283f589e,0,0,[],0,[]
478,0xc227374d60f1eba309ba52e52a84bf547e7e2a59,0,0,[],0,[]
479,0xc227443645add0524af4b4be5e88ef7cd47fb0cc,0,0,[],0,[]
480,0xc2277c4c1dfd21225a2808c8145f3be4668d295b,0,0,[],0,[]
481,0xc22782f5ddcc9bc287350b314521ac3826ee0e6a,0,0,[],0,[]
482,0xc227b0ae3acd340507e0a9a218d8692f05f19c10,0,0,[],0,[]
483,0xc227e232599a3a679b9cfba3f82f3f01e9a42820,0,0,[],0,[]
484,0xc22824c25513dee409aa6453742094a01f594846,0,0,[],0,[]
485,0xc228356c9a3fb9bafe3e30c16c38726bd13a6c2d,0,0,[],0,[]
486,0xc22844be1886d9678cc798fb11dc83211d374eb4,0,0,[],0,[]
487,0xc2286e7f4fb0336004340298d574cb402bf6bff9,0,0,[],0,[]
488,0xc22870b66f260d9cd070a5e0b64b6c913841e7c7,0,0,[],0,[]
489,0xc22871b490a8ada774ec74687857e35fc304d76d,0,0,[],0,[]
490,0xc228b603fad15f1f79e61185d4ea7a8ad7dde06d,0,0,[],0,[]
491,0xc2290e94b8e47c56490dda340becfeed8a5f622b,0,0,[],0,[]
492,0xc229137555007e082af8f0b35c22ecbfffbdd202,0,0,[],0,[]
493,0xc229727295e38177bf90060574ab0b98967933f4,0,0,[],0,[]
494,0xc2297f314cc3be1b104fda2547ec7de08c754822,0,0,[],0,[]
495,0xc22990fbe2fd97144cf133777206f15622105f83,0,0,[],0,[]
496,0xc229d7d3dd662a1b107e29aa84bb0c8ff609cf3a,0,0,[],0,[]
497,0xc22a04f2492e857ff945ee1cd3de64bd20ed9ddb,0,0,[],0,[]
498,0xc22a0ffbdaca54f502b2f46bb03f148dd682dd2a,0,0,[],0,[]
499,0xc22a945e4d910618100776223dcf5d2aabb7e8db,0,0,[],0,[]
500,0xc22ac30e4577e8be908498c9ff47d9a81eec4d0c,0,0,[],0,[]
501,0xc22adbe8acd01673a346fb6dae4a704511b6d50d,0,0,[],0,[]
502,0xc22b064cf5ba68e6d8f994cd001be5830eb23e95,0,0,[],0,[]
503,0xc22b2ba01b404f861fa1c25187ccb59930a364de,0,0,[],0,[]
504,0xc22b5ed668f80223d9f3f9557c166a501cbe1c56,0,0,[],0,[]
505,0xc22b604d467ce6ad3213bfb9c0273a8148fc5b46,0,0,[],0,[]
506,0xc22b8e78394ce52e0034609a67ae3c959daa84bc,0,0,[],0,[]
507,0xc22c14c0ac146e71e8e51f8e2be72281fa0acbba,0,0,[],0,[]
508,0xc22c4e600cad394de1f6483c0ef75ea4c874dd47,0,0,[],0,[]
509,0xc22c62b8e63e15a5a6f1096b165dec2d27171ca4,0,0,[],0,[]
510,0xc22c8852d3798de27198282b2f61998052c494b7,0,0,[],0,[]
511,0xc22c9975b98c3f24a1e3a5ebac9904563c4089c6,0,0,[],0,[]
512,0xc22ca76d3b6cefe8b1dab7912f3c114ff4d2156a,0,0,[],0,[]
513,0xc22ce2eb1aa0bceab65ac7d13eac1da2d3e779b9,0,0,[],0,[]
514,0xc22ce481f70def95b83286fa0e96793b8c4b3fe1,0,0,[],0,[]
515,0xc22d358a2e9b896fe1a7b9976f96c13bb4db8880,0,0,[],0,[]
516,0xc22d5a0a5a4e401adc6dccb2db78c1ce89633194,0,0,[],0,[]
517,0xc22d8a9beec8f5368d70652c46e7687495ea150c,0,0,[],0,[]
518,0xc22e194e67e310a447d6bb5918efa39970d80533,0,0,[],0,[]
519,0xc22e7d56806ab04be8d0b6ba6a670bd0bceea9d4,0,0,[],0,[]
520,0xc22eb7651e91439eb2a8dd0c31b40812c9515b4d,0,0,[],0,[]
521,0xc22ebf41291d77968bfd9038e83bc3ffd27bd00a,0,0,[],0,[]
522,0xc22ebff9cb508997a1cc0060a5fce3e814533b6f,0,0,[],0,[]
523,0xc22f3f9fe6e5adf71479fef6e24b9ff9fd8a3e6b,0,0,[],0,[]
524,0xc22f47ebc79ec52b0aa5db9a47c6facffcc2ea42,0,0,[],0,[]
525,0xc22f4e906f56cbb998edfa89a4310f99156e037a,0,0,[],0,[]
526,0xc22f792fe40d19b5ccff7f82fe183bd9556b6123,0,0,[],0,[]
527,0xc22fae86443aeed038a4ed887bba8f5035fd12f0,0,0,[],0,[]
528,0xc22fbbe961a8e271027b66a59d25875d8860fbfd,0,0,[],0,[]
529,0xc22fd5bff97fd8e435657e95894cd7ce509094b7,0,0,[],0,[]
530,0xc22fe176cd66d1540c925e998b6260739730afd1,0,0,[],0,[]
531,0xc22ffd87d799b36b8960df7ad8a220e99ad35ab6,0,0,[],0,[]
532,0xc23012a1ed2422df4c5dafea610834fac5686b8d,0,0,[],0,[]
533,0xc23015f86d77f39d25003f6466f6765e3a2f7e18,0,0,[],0,[]
534,0xc2301b2e4c47eb4d9fc1ec8f1ef44f60aaee683d,0,0,[],0,[]
535,0xc23073ea231aead3704c259ea2c72f0d7c4597f8,0,0,[],0,[]
536,0xc230cf7c462ebf591cdbde7ffdfdd561b40f42fd,0,0,[],0,[]
537,0xc230d8ee67f557a99d9216146f93efa8b4f057f0,0,0,[],0,[]
538,0xc230f377d381b1e9040d89554e139652e46b3385,0,0,[],0,[]
539,0xc231667da80cb9b3808addc90484ac3c5f6effa2,0,0,[],0,[]
540,0xc231668f1b94636c6d934a8ca226301356fecce1,0,0,[],0,[]
541,0xc2318e5349ddeab5a0d64365a78f8a7396c8a818,0,0,[],0,[]
542,0xc231aa016520d1591a512ae15f5518b5fbb2172a,0,0,[],0,[]
543,0xc231b3f6bc0d2a4453658b6aee7797c9777df8f4,0,0,[],0,[]
544,0xc231bd582497922730331100e5d274823bec838b,0,0,[],0,[]
545,0xc231cb7910437439e03785f277f4a6e087d3d7dd,0,0,[],0,[]
546,0xc231e1e60181a0411e2017e73cc15e4fe5bf9f5a,0,0,[],0,[]
547,0xc231f6cb4eee6f7c07adffe9fe2288467a89326a,0,0,[],0,[]
548,0xc232247fcbc3285bab034fd7286523f1d1530a70,0,0,[],0,[]
549,0xc2323215c8f69975235350bf6bb945bfc5deeabd,0,0,[],0,[]
550,0xc232d8998150fdb635ab9597e07b221f214d0210,0,0,[],0,[]
551,0xc23315d0c4f68cb52196733c34e17c04e16a0aec,0,0,[],0,[]
552,0xc2332295cfbcd03531a77b00a019f39335ab8d43,0,1,[{'id': '0xc2a622b764878faf9ab9078ad31303b24fd4b707'}],1,[]
553,0xc2332301ee55a5119d002b68594e4d14786dbcb8,0,0,[],0,[]
554,0xc233397073b6901a69f91a60168e1bdb03fb9925,0,0,[],0,[]
555,0xc23375d1deec0a658a61d5f0a44187eca4cc8dd8,0,0,[],0,[]
556,0xc2337aa0501bfb8b155a8df3692ebf0cb17ed036,0,0,[],0,[]
557,0xc2339282ceb652e4e225722638c0bf66551f0b5b,0,0,[],0,[]
558,0xc23399785ea97f85423442546559d1f875fb04c3,0,0,[],0,[]
559,0xc233c372c6273a3dae8e9de7800d4fb7461db8a1,0,0,[],0,[]
560,0xc2340355929f632978efa556ea538b6583c73dcf,0,0,[],0,[]
561,0xc23416e130c159abbc9764f00ba261b841bd3355,0,0,[],0,[]
562,0xc23423a6c4caaf48f42f8ca3e8f59071347241ec,0,0,[],0,[]
563,0xc2344b7c318c283591cf5525076ffc3f739d6e13,0,0,[],0,[]
564,0xc2345c9cf5da0bede0c334152b623297eb6259c0,0,0,[],0,[]
565,0xc234a2c187b7d4720e0820be61d5a9695e6cd76f,0,0,[],0,[]
566,0xc234aac752d9e9eef49c4d610621b2089b35fa92,0,0,[],0,[]
567,0xc234e517af132837becc7a58c87b86b6d531d942,0,0,[],0,[]
568,0xc234e6cf1d4e67ade07edfdef468c50e53392a7f,0,0,[],0,[]
569,0xc2360d411e46e0ed31503d694e4d8b4579acd51e,0,0,[],0,[]
570,0xc23664a7e239988f8fa5e5c355c8765a2cbf0ccf,0,0,[],0,[]
571,0xc2367fead5b690fb555458ff1c1f34461642faa0,0,0,[],0,[]
572,0xc236817216c362d58f753c3729d703d4bfd2d779,0,0,[],0,[]
573,0xc2368aa1cfd066ff104053e93c64034c19fa41fd,0,0,[],0,[]
574,0xc2369ef62027dac157b9e789803f0b21bec47707,0,0,[],0,[]
575,0xc236b42e7c67b35ba4147b56c40ea377882cd47c,0,0,[],0,[]
576,0xc236bd1b39f5b18045512c5d327caa23a68fa865,0,0,[],0,[]
577,0xc23735199d388a444f80dc9ca7a36223dbce6220,0,0,[],0,[]
578,0xc2373689538848d7dcbfe9f29384b158863c4ae7,0,0,[],0,[]
579,0xc237449e8241c5224efcace4f18aea7e67aaf00d,0,0,[],0,[]
580,0xc237452e6ea0acc6d56b65cd264d6678a2c3a432,0,0,[],0,[]
581,0xc23788e80186d29014b0e359a10f328e4e0c9752,0,0,[],0,[]
582,0xc237c1c30536e14e5aa45d683b37abed1de10cec,0,0,[],0,[]
583,0xc237f5dddae66fa3bdef95242fc1d4a8f3ae4954,0,0,[],0,[]
584,0xc238473648b8fb1b0446fa2090f41905f4bf06fe,0,0,[],0,[]
585,0xc238627ea56d429c026788b2bc015977a166b921,0,0,[],0,[]
586,0xc23878d442d8bd6de812ecc314116f835950e0a5,0,0,[],0,[]
587,0xc238dab3cc68ac972c5c199de4331031d09831af,0,0,[],0,[]
588,0xc238f72c0b8d663c8c721e83fcfeeb430b4ca167,0,0,[],0,[]
589,0xc239571da4df6d9c7935c9503c0a67d2abeca93c,0,0,[],0,[]
590,0xc23983cc7db9644b7438302cdd7f547370a1e3f1,0,0,[],0,[]
591,0xc2398588361018a012c4ecd625ff7e1faa4e8135,0,0,[],0,[]
592,0xc239876bdf21a9746b2da99622e323c53dd24740,0,0,[],2,[]
593,0xc239f17710c9132fcecd70fb94cf2abb156e1043,0,0,[],0,[]
594,0xc23a77238bd452bf2ecb855d15cfd122cfe5de72,0,0,[],0,[]
595,0xc23a86d6ee68924fd1fc9c911c4198a16a076541,0,0,[],0,[]
596,0xc23a9c502f5bb24bda1fd0ca3a9637d1927d88fd,0,0,[],0,[]
597,0xc23ae5b0b136524cab8d97ae00c0dc89d1c3052c,0,0,[],0,[]
598,0xc23b06bf33ec1932f8751fcba289a254a80fc0ec,0,0,[],0,[]
599,0xc23b095c9b5ecd0d1e808846b8ee083de8f17961,0,0,[],0,[]
600,0xc23b0d2ab7fe95a378a111416246fd3e41e368c7,0,0,[],0,[]
601,0xc23b21dc8fce1c8145370f6bad43f691b0212fd0,0,0,[],0,[]
602,0xc23b4e0443f1ab7b6c00b507ec50e1ec7381c0f0,0,0,[],0,[]
603,0xc23b4e2b8884418325d19118929e4133c6e56a1e,0,0,[],0,[]
604,0xc23b4ed7acb59ebee25a29584b1141c7631efb12,0,0,[],0,[]
605,0xc23b60e959e359f49ae4bf5f01ceb26da67fcf1b,0,0,[],0,[]
606,0xc23b7054d38ca073b3d43a65bc54bdd34b4770b9,0,0,[],0,[]
607,0xc23bc2cd2039dcfd14595e9ca7839efd0b2efc80,0,0,[],0,[]
608,0xc23c2fe10ecb9ee203ca470bc560f4389366556a,0,0,[],0,[]
609,0xc23c7f411e8875923dccbe830a92755598f26fba,0,0,[],0,[]
610,0xc23d095cc9e62c8341dfd42615eb67a5dc6fb614,0,0,[],0,[]
611,0xc23d1cf4e42f53dcedb7c7d761c3aaf5989d0dda,0,0,[],0,[]
612,0xc23d37a9bce0a1b2c1131df1ea8ed51f0d68d4c4,0,0,[],0,[]
613,0xc23d9b8906b90e40372af55869b664f0781eb09c,0,0,[],0,[]
614,0xc23dc20aef8bd9eaa3ff79d81661515222c3e17b,0,0,[],0,[]
615,0xc23df8cd415b6f813667800ee9a23bba9dbfdcac,0,0,[],0,[]
616,0xc23e038dc5360825171e84d13b12aa7ff79de44b,0,0,[],0,[]
617,0xc23e0fa0837483c1e0dfd45be50ef2bffea2b3ec,0,0,[],0,[]
618,0xc23e632db0d689761e3e6d568bdc6057e8084de4,0,0,[],0,[]
619,0xc23ee76f490a9397915290260e8c7f186d013ebe,0,0,[],0,[]
620,0xc23ef3adf050f4ca50b30998d37eb6464e387577,0,0,[],0,[]
621,0xc23f210078ca5aa32fd63e5326a2e9760554e40c,0,0,[],0,[]
622,0xc23f284fcaa381dd7a44f2aee509804e22601a43,0,0,[],0,[]
623,0xc23f2fa34af2a6ff5a836940fa027e65a26142cc,0,0,[],0,[]
624,0xc23f539b0c29de0c08b630789554f7c0a362cc43,0,0,[],0,[]
625,0xc23f671e273f8b28e8b3eaf2f39056558e7f1042,0,0,[],0,[]
626,0xc23f6bbe10f6f03b0575e087626d47fb7c504c18,0,0,[],0,[]
627,0xc23fbad72c826f84e13f826b54581052bf6db1a1,0,0,[],0,[]
628,0xc24004387e3964926136553f80ea7fcd27691492,0,0,[],0,[]
629,0xc2400486331646fa928eed09683236c36c5a9679,0,0,[],0,[]
630,0xc2406e02cefb858cdc7f76e3b69582f3cb9da86f,0,0,[],0,[]
631,0xc240aadaa7aa24697f57b1637dd93f27b67ecf2b,0,0,[],0,[]
632,0xc240b955d91f52bc182035ff146adb1e0ea97e87,0,0,[],0,[]
633,0xc241223f31e2eeabc1a32a7669c10999723ed1d3,0,0,[],0,[]
634,0xc241371d137b507d49a13fc9d2a007e62c555200,0,0,[],0,[]
635,0xc241576976e08afe83d689ce833e510d344b24af,0,0,[],0,[]
636,0xc241f101a4d782524c500dae82b985d8d93a51d7,0,0,[],0,[]
637,0xc241fb19cf9f9bd9765d99c231a1a16bbe83156e,0,0,[],0,[]
638,0xc2425daf3114d2e14765602a2fdfa4a62393b203,0,0,[],0,[]
639,0xc24276489b9ca6a1a751c2fe650f7caf4981ffb3,0,0,[],0,[]
640,0xc242c4f246bff3625e0f6fae3d395790a7c6a287,0,0,[],0,[]
641,0xc242dd8f1fef818cd58fe178651ff1ca4330d6d8,0,0,[],0,[]
642,0xc24303589f9b233eb2c0cfe7a6cf664b8ace6036,0,0,[],0,[]
643,0xc2432630603eb1b1dce2aaeb026f1b5960f47ce9,0,0,[],0,[]
644,0xc243309673c2aeb5c419b4cb52c23cc20db9b6ba,0,0,[],0,[]
645,0xc24367db6d50c3180fc921b8134a134cbbc51463,0,0,[],0,[]
646,0xc24372d26aef260e4b6c0e77348bc76d80b07b09,0,0,[],0,[]
647,0xc243779c49f64c0d846dc447c0bacdef6ebac44b,0,0,[],0,[]
648,0xc2438a9353a51b71e0d10f8919fbd20efbcc3929,0,0,[],0,[]
649,0xc243a065dadf3b7477a2d790782cefe13c3219fb,0,0,[],0,[]
650,0xc243a55dd9211a6b2756f47304877020e0ceb0c2,0,0,[],0,[]
651,0xc243ad0a9b4f3cf13b9be94fd4bf773704a6288c,0,0,[],0,[]
652,0xc243b367cab5ca9af4a66f20f370291bb941dd57,0,0,[],0,[]
653,0xc243c4e86a443b9db88f6593651743848e13b84d,0,0,[],0,[]
654,0xc24419852cdc2678e712a215f92e26753e9f6534,0,0,[],0,[]
655,0xc2441a524c0b81b6c5cf71e8fe673af89bae34d3,0,0,[],0,[]
656,0xc2441dd501477af92c882f0d1d1e89a1bc98a235,0,0,[],0,[]
657,0xc24434b6ce8032491e123a8fa086538c3079bda1,0,0,[],0,[]
658,0xc2444ae2a4875f5e631785d139b6e4845661f485,0,0,[],0,[]
659,0xc2448df318fdfaf431b673aaa6f7c7853cceb7fe,0,0,[],0,[]
660,0xc244bb78415d93c53ed8246a2b43da4608040442,0,0,[],0,[]
661,0xc244f495430c3afa7cf5fd134f3d571e67ae3c69,0,0,[],0,[]
662,0xc245618bbeb10d4f7011074f8410e61792b0f4a1,0,0,[],0,[]
663,0xc24571274b31c3eb02f5d1287abdf9bc44568da9,0,0,[],0,[]
664,0xc24647eb62cffd8a12325c9d600896351e352e1e,0,0,[],0,[]
665,0xc24672f7155f7e3f1bff501675b483a04b31de47,0,0,[],0,[]
666,0xc24698d887b4bb952a3a49aa7f935559df1d94db,0,0,[],0,[]
667,0xc246a3a95b3cf5f74d5b5acaf40c7bfa785118fb,0,0,[],0,[]
668,0xc246ca4a598612ea4b5832f7182a12c054c3a745,0,0,[],0,[]
669,0xc2470c7cdc76ea89bbd83074d210ab255c9537b4,0,0,[],0,[]
670,0xc2473ef9e35a885beab69546bd0142a9c39bac8e,0,0,[],0,[]
671,0xc2475ee206f97595bf17e4aa13152e5a0b2b223a,0,0,[],0,[]
672,0xc24764c336121482f5e2d9109befc8f7635965e0,0,0,[],0,[]
673,0xc247739509080cb4ba3dfcd0b2bbe4fd28d2510a,0,0,[],0,[]
674,0xc247d2e7fc22a16d20c26ae152d6e52a17a14462,0,0,[],0,[]
675,0xc2480f085fb23c8adb2065d053385a9e0e9454d3,0,0,[],0,[]
676,0xc248184935fa80c04aa8c3d3e86dfbd977f35c73,0,0,[],0,[]
677,0xc24818a7aa8a6b75104340eb81fac82e9de0dc1c,0,0,[],0,[]
678,0xc2481e587a7cb495af9d314a289c18bcee75e7dc,0,0,[],0,[]
679,0xc24853d5b06e2e5a0b9bb1be6a31ddd64bab570b,0,0,[],0,[]
680,0xc2488b63880755bba224d1dd222db30fb0f0de8d,0,0,[],0,[]
681,0xc248924f6b0b01d1486a970d2da4644ffbf24d5e,0,0,[],0,[]
682,0xc248d32a0a3e58c5b6e08d1122529bd86e403e7b,0,0,[],0,[]
683,0xc248f9b1451067d8c55296f256b51a25d5b7abd6,0,0,[],1,[]
684,0xc2491555759e97c8761aa088e06c7255d40939c8,0,0,[],0,[]
685,0xc2494d2b92173bc52891f5498f85d24d7f708a3f,0,0,[],0,[]
686,0xc2495ae99a1729db6e01950406f64018cf35b6d6,0,0,[],0,[]
687,0xc249858a122387d54b92191ac974e8628bcce34c,0,0,[],0,[]
688,0xc24a3217c84775bb74f723d77a7b328c62586e48,0,0,[],0,[]
689,0xc24a34d0661902cee2d0a5ebd03693b5155ab31c,0,0,[],0,[]
690,0xc24a9957b8771b2324c1c4f56facdea3b82153ce,0,0,[],0,[]
691,0xc24b11b915f53050b83d1da45f6c56096655b7f7,0,0,[],0,[]
692,0xc24b58da1fae53e8fc83e3eca53980b3a74a383e,0,0,[],0,[]
693,0xc24b621e1818a3f474f96fd53af6724ae09d57c3,0,0,[],0,[]
694,0xc24b7ef777934ae796a004f3e45a274b27ea1161,0,0,[],0,[]
695,0xc24ba5afd791cf2e6c763391581d76f2392ac0dc,0,0,[],0,[]
696,0xc24c4969ea89bb98e8c6ab6d7e8f90409b28a213,0,0,[],0,[]
697,0xc24c538f3b213a51c23df83519676811dc7b4b93,0,0,[],0,[]
698,0xc24d17aa5fabc9a7aa0a8d8b04d322373dd43779,0,0,[],0,[]
699,0xc24d35a622c28e5739e128e3b0a5ca39e1073839,0,0,[],0,[]
700,0xc24d520fb449330f0ea8460f080cce0c1474c86a,0,0,[],0,[]
701,0xc24d59d6e4ecb5e20bec056e8773c61f75740ffd,0,0,[],0,[]
702,0xc24d5b145c21f570a38cbb95cfd8ebb923182732,0,0,[],0,[]
703,0xc24d714d13442c0dd9c9ac440ed1ee3728c6ce59,0,0,[],0,[]
704,0xc24da3cc78ac03421e7ad0d749814100f6568464,0,0,[],0,[]
705,0xc24dfeaa064de5f3a5ca7a8d368672deb3e8010e,0,0,[],0,[]
706,0xc24e0894dda126e0a80d56b0c3870fbcd45e1143,0,0,[],0,[]
707,0xc24e0b0bd2fd16fc806529afb9e2bf8cb45847b6,0,0,[],0,[]
708,0xc24e1b28a73dd6920a166954fbf343b0b15c50c1,0,0,[],0,[]
709,0xc24e1c0a509ffe04805af0223502639d0aa383d6,0,0,[],0,[]
710,0xc24e50472b9dd1c065512467b3cba1d46113a21a,0,0,[],0,[]
711,0xc24e5254c5c289ba0890bdb73906706c9e56fb33,0,0,[],0,[]
712,0xc24e5f818456c02b4dd879c31f804491c04fb3d6,0,0,[],0,[]
713,0xc24e697473b3cc71ca5c8923f0e95423c69c0718,0,0,[],0,[]
714,0xc24e9e6b88c8ccfad205edc5fe88c36cdfe7b313,0,0,[],0,[]
715,0xc24eaddbe7489e6eb0d685a1ac6f894750ac8022,0,0,[],0,[]
716,0xc24eb852d229a56093a06eabcebd06c29fc5df9a,0,0,[],0,[]
717,0xc24eda212d903af5284a841563bcbad2ccbe197a,0,0,[],0,[]
718,0xc24eda25c4972fafc10b43f992d84c926c60dc4b,0,0,[],0,[]
719,0xc24ee9ca6bacf046df7bdc4a243b69a171533bbd,0,0,[],0,[]
720,0xc24f41cbd9ccbd4eb4cbbf15367d21129379d586,0,0,[],0,[]
721,0xc24f632a4beaeb79faf954e2d548e81ba91e0a04,0,0,[],0,[]
722,0xc24f632a7534d3b6643e3c39befc24f820dfbb4a,0,0,[],0,[]
723,0xc24f909723533d84f9d41e3335ffcf47c46b18ef,0,0,[],0,[]
724,0xc24f9d64bc2c0c9df0b8be58dc043db8fc8249dd,0,0,[],0,[]
725,0xc24faff90767829314d18f659441ef176fc28f64,0,0,[],0,[]
726,0xc25028b312c386bf74e00eeef42120bc7e528c7c,0,0,[],0,[]
727,0xc2507b8646edc1ae67e3ee34f22c69ac4ce43d28,0,0,[],0,[]
728,0xc2508e052f3e0cc5fffd8a0c9a8b941dfdfb2fc3,0,0,[],0,[]
729,0xc2509ce530a30dd888ecec9e301e341e990f32db,0,0,[],0,[]
730,0xc250dfe8767afd8d5bc1ac5ab6e22ed2f9fb1c8f,0,0,[],0,[]
731,0xc250f0be2b22144f4dd3ab1a9887479daf10770d,0,0,[],0,[]
732,0xc2511eb2ea1b76c236c654d1899b6b013be4d9bc,0,0,[],0,[]
733,0xc25140a7c6ce0b617bfb7665d98d5d70bc98f0cb,0,0,[],0,[]
734,0xc2517545b39bbf3a865a2b70357481f8f8134bff,0,0,[],0,[]
735,0xc2518f325773986d18777e7073275be48d83107f,0,0,[],0,[]
736,0xc25195deec957541d12cfbbde5dc4a197b451332,0,0,[],0,[]
737,0xc251be4d597000baa9ddbbeb0b42d5535d5fe4a9,0,0,[],0,[]
738,0xc251c11e8f1ba5a8087fdf7565aa6babcda7da33,0,0,[],0,[]
739,0xc251c7cdaf353df17ab33c49655eee3e2df1ef45,0,0,[],0,[]
740,0xc251ea886cd2f76304521f5e82762765ee9fd493,0,0,[],0,[]
741,0xc251ef1aa79fee2cb2d1a698589590d40280b58b,0,0,[],0,[]
742,0xc25262df9e028743c37b4fff4061421d70733e20,0,0,[],0,[]
743,0xc252a9c67f75cc3686dad806610dd5fe46b72e2a,0,0,[],0,[]
744,0xc252d1bcc42540b9eaf7f7d80c0836e8c58248c8,0,0,[],0,[]
745,0xc2530fe26efa96d6099d6fbd1c504302028cd85c,0,0,[],0,[]
746,0xc253cbcb0bc154a6332b32e7f7b00f3a2b1dafa4,0,0,[],0,[]
747,0xc253d07095ca787d956bc9c6877ee4b1ce7e376d,0,0,[],0,[]
748,0xc253e99052e4dd5f9a0246d1bc68781f4496ef76,0,0,[],0,[]
749,0xc254144cfaa9f47f3530713e5815b28457c897af,0,0,[],0,[]
750,0xc25438ee396067d41fa385c3b48e1b9ff30eec80,0,0,[],0,[]
751,0xc2548c5ff3db74ce9514608c29171e584102a9c7,0,0,[],0,[]
752,0xc254a46abdb7a611539905d0a64770243c224ce8,0,0,[],0,[]
753,0xc254adfc6f2fd07bec49b9a00f23ca986e92c2a3,0,0,[],0,[]
754,0xc254d0f6368eda10714c0c3f57900b81e9420ab6,0,0,[],0,[]
755,0xc25524d4f7d2ce41396729d772277e58eb631090,0,0,[],0,[]
756,0xc255e0a1be0a4b7b8bf5ebe8d0aba162cf75bae2,0,0,[],0,[]
757,0xc256319153aafce4cebc4cd0ccb76684ffeec58c,0,0,[],0,[]
758,0xc256750977d526efa4f6e46750ec88ab63e815fb,0,0,[],0,[]
759,0xc25677a49db3025057ef32f980d05bb78fb84d3d,0,0,[],0,[]
760,0xc256ae2c23897d7ec4822f4f62cf0a78f950bfa2,0,0,[],0,[]
761,0xc256ae9c1f0617e60dffb2e56bb811715e5005cb,0,0,[],0,[]
762,0xc257179fb49dcfd4bee8e755a5e806e3048d4c57,0,0,[],0,[]
763,0xc25724700f45abffd6cb2b3a769a341be2d9e30d,0,0,[],0,[]
764,0xc257428515e724be31dd43ae29b7381f776d2891,0,0,[],0,[]
765,0xc2574e9e6b5f1a6ecddf9c796be1d81722f23ea1,0,0,[],0,[]
766,0xc25797af683242ea6b72c07b6b5939a04fd75d94,0,0,[],0,[]
767,0xc25799c547c187c878d7c37d9be9609ea0c80c83,0,0,[],0,[]
768,0xc257a1aef21b776fd42546d61bd56ff12d51ede1,0,0,[],0,[]
769,0xc257ac8158dd3da406cb923f90c2111132dc5e73,0,0,[],0,[]
770,0xc257bdcdc39feddb9a28345eba50ca409267b375,0,0,[],0,[]
771,0xc25810de2526eaa34c19cfded10ce7eda91b3b92,0,0,[],0,[]
772,0xc25869527dd2cfd5b8615f835095583493f84acb,0,0,[],0,[]
773,0xc258735b00e0bee021985ec900a668af4a7e86b1,0,0,[],0,[]
774,0xc25896dddb3c2f84a3151e63fdc51d87e3f2c14f,0,0,[],0,[]
775,0xc258a7933354079746481f3dc30c18042e262015,0,0,[],0,[]
776,0xc25938d60affdf015607ec4386cf36357f3bea34,0,0,[],1,[]
777,0xc259623102cfcc404dc2e539054ae2a07a4871a6,0,0,[],0,[]
778,0xc25974a2457818cae8eef7345af1e900af91d698,0,0,[],0,[]
779,0xc2597c34bd561ef683e4f8e80945963101f3d17a,0,0,[],0,[]
780,0xc2597e882d9a0ef8aedd86ecec2572a13ef3f9ec,0,0,[],0,[]
781,0xc2597e951139fc7e0a45fc767dacb2cb689f6a48,0,0,[],0,[]
782,0xc25980402a64c028311f4b9d5d35d1725027b734,0,0,[],0,[]
783,0xc259b75c4267b67760091285df439e025eb93020,0,0,[],0,[]
784,0xc25a035b060bb73ed0a90d63e481885fea7da3cd,0,0,[],0,[]
785,0xc25a2f44abf2b47507ed330f50cb680d5ae62f34,0,0,[],0,[]
786,0xc25a3fb30c605cda46eda8167fff7659522b7891,0,0,[],0,[]
787,0xc25a42a772617f633766e99278f7d704608d8e86,0,0,[],0,[]
788,0xc25a7da236a6d3f82eff6dc548083188ce33186b,0,0,[],0,[]
789,0xc25a9057cb681126574c0b782fb600968b68b4c2,0,0,[],0,[]
790,0xc25ad94d7734aafaff3bda8c0b292c2c601c29cf,0,0,[],0,[]
791,0xc25b61fab54690edc3bcadeb3c114a0bce434fde,0,0,[],0,[]
792,0xc25bce0cca3b62df16a2a6adf1ec1a681baee228,0,0,[],0,[]
793,0xc25bd3dd154b934925b0cb8c7110bf2cebc9d15d,0,0,[],0,[]
794,0xc25bdd3573bc4f67a2fa16460b474e75fa768571,0,0,[],0,[]
795,0xc25bdec90e0eca546cb5a44ec05dbb715f6a0e1f,0,0,[],0,[]
796,0xc25c0092307a5b8afd8a4bd01351a92579040951,0,0,[],0,[]
797,0xc25c0e78ae3059e9100cb112f1bbfd9e8ad9b0ff,0,0,[],0,[]
798,0xc25c37ecaa221bbf5f2450ee4f714d7e142f2ffc,0,0,[],0,[]
799,0xc25c4d4c947952d5f513a96df2b09aaff32c0628,0,0,[],0,[]
800,0xc25c9fd9025b580686affb7213ed8b333ecee519,0,0,[],0,[]
801,0xc25ca3fa4d5eaa9e022f9d40c0749cd253161bab,0,0,[],0,[]
802,0xc25cb20ae7569da8d0557a125b1050f21948603f,0,0,[],0,[]
803,0xc25cca4cccdd71dac7c03aeece71773655386779,0,0,[],0,[]
804,0xc25cfc16657e4eb1ca94c1df0719f59bc356c61f,0,0,[],0,[]
805,0xc25d30f7adfbc9b82c9cba2f5525f27d06770433,0,0,[],0,[]
806,0xc25d35024dd497d3825115828994bb08d12a3aa7,0,0,[],0,[]
807,0xc25d4e45ffd24f1ae549cb8466a705e24c1edbe7,0,0,[],0,[]
808,0xc25d75d40651be15bab258401b52fdbcc41327cb,0,0,[],0,[]
809,0xc25dc289edce5227cf15d42539824509e826b54d,0,0,[],0,[]
810,0xc25de1dae371e7f25483cdf5848d8223bba03229,0,0,[],0,[]
811,0xc25e0cd0ae831f90d755ed8736843697a404db41,0,0,[],0,[]
812,0xc25e36235792082e8d3e96f30c6a77bc73eaeca0,0,0,[],0,[]
813,0xc25e5e947f9ded6a5e45e58bf8331588b93eb85b,0,0,[],0,[]
814,0xc25e94e4cf6d68cdafd6921901fe54fbd9a9950a,0,0,[],0,[]
815,0xc25e9956c762f68ec6be77faa3c8da670f282a1d,0,0,[],0,[]
816,0xc25ee90f8692634bb869a3c9f7bed1226a9ad11b,0,0,[],0,[]
817,0xc25f7dedb2adcbbaa6c9b79c83e3e4407ae639ac,0,0,[],0,[]
818,0xc25f7f6bcacec47c6dffa9de8652f8ca06ee5580,0,0,[],0,[]
819,0xc25f9a8382fd4a9bf27b1396de66c38453b429d1,0,0,[],0,[]
820,0xc25fb5ff59f4ffd31e49a349fe393479b266461b,0,0,[],0,[]
821,0xc26013a56a69b6699df3066ab47b039ca2d700fd,0,0,[],0,[]
822,0xc2607cc710c5d307bc1e13f75df1365d943aad4c,0,0,[],0,[]
823,0xc260c372e1952365c4118eaf2f7b2d1d0966fb96,0,0,[],0,[]
824,0xc260cc5f6b5dfa6aab654f4a5b4d3d7fa173d80c,0,0,[],0,[]
825,0xc260d80f474e99c72ceb995758a2aeb49c51736d,0,0,[],0,[]
826,0xc260dd6aa353479ab2f472fb4479f6b63363a28a,0,0,[],0,[]
827,0xc2613ee169b6f0f7f9788dbf2cc861f1dfb5da29,0,0,[],0,[]
828,0xc2614c49a5b58cb25065d2fc71f3f8cd31711142,0,0,[],0,[]
829,0xc2616f9d664192caec84e36f20b4c7ff8d4f3dea,0,0,[],0,[]
830,0xc261baad4191f64e392fe7b01809fae1db65ac2d,0,0,[],0,[]
831,0xc261fa69eff6319f753da8861f41c84ee9ecec09,0,0,[],0,[]
832,0xc26209e9b7e5cabc280959082a17f028ddc29310,0,0,[],0,[]
833,0xc262517c325899edb93b81322545450484a1c81e,0,0,[],0,[]
834,0xc262ae1cca7684c52f6d430862083eabfbbbec93,0,0,[],0,[]
835,0xc262ff039501350be0fe2d8f6cf9d55d72bb30c2,0,0,[],0,[]
836,0xc2634b9d0a0cfb756cded34656e09828072a8a9b,0,0,[],1,[]
837,0xc2634d00d9923ef1cb4e9bb95d06b99bf58e2333,0,0,[],0,[]
838,0xc26393ba86eaf47939739607894c4e904b6fd435,0,0,[],0,[]
839,0xc263ba72249d5737588c005253006ad6e7fe2db7,0,0,[],0,[]
840,0xc263d2ec40befa651cb885334f8e4ae6dedd8043,0,0,[],0,[]
841,0xc26454cda752ce93943a1af9694b88802b2665cf,0,0,[],0,[]
842,0xc2646aa521cbd2868e0583c177ccbc7e4009235b,0,0,[],0,[]
843,0xc264f2535e5c6831ce36760ab043e189441b1c10,0,0,[],0,[]
844,0xc265038a98547cb864215669904b6b55d9012284,0,0,[],0,[]
845,0xc2650565a44682106b8822029f781613a7353ec4,0,0,[],0,[]
846,0xc2656fd98e3d1466bf0ec5f258a613b5b093d4e6,0,0,[],0,[]
847,0xc265ba4d9ed33620978b03235fc9f5aa026da275,0,0,[],0,[]
848,0xc265e8ca0b14f344e71ff2a8246532036d5c6bb9,0,0,[],0,[]
849,0xc266014a738c8c40d2bba9d02737cdf70e404822,0,0,[],0,[]
850,0xc266604405686bc911e614edd7d7883c2304ee94,0,0,[],0,[]
851,0xc266683604a144520e30c760b0b7b3052f404d7d,0,0,[],0,[]
852,0xc266cfbeb4d6ca48dde3d369efe2754523ef8eab,0,0,[],1,[]
853,0xc266ead2d9c7a12ab16c26427b3b653b9f9420fd,0,0,[],0,[]
854,0xc266fbddc93dd5fe6b1920c4d562856e59514c16,0,0,[],0,[]
855,0xc2670bd6c7db447387dff9d99bfc21daec0bd820,0,0,[],0,[]
856,0xc2670e8cfb389d8f6bcef9582dbbacd5a9aee316,0,0,[],0,[]
857,0xc26713fa54ea0598cfc05e61cf480684b45f0c93,0,0,[],0,[]
858,0xc267563a7651b62cf73bdabf2d30e7dd51f69894,0,0,[],0,[]
859,0xc2676058ce5ad479c0116d396164ef5f5d7b13f6,0,0,[],0,[]
860,0xc26760619cb918a0ba8e2d720983c5bcb53995f8,0,0,[],0,[]
861,0xc267adac0cc9f768137fdf5a3987b85f0ecd8833,0,0,[],0,[]
862,0xc2681d0606ebd7719040f2bc1c0fda3e9215db90,0,0,[],0,[]
863,0xc2681d73d5f8d4059c3bcdc921fd746d526a66f3,0,0,[],0,[]
864,0xc2684af21b15ecfa6c627ccba7be72ab810b41a6,0,0,[],0,[]
865,0xc268fe7b2c8153ae1489c10a4a88fe8abdca95da,0,0,[],0,[]
866,0xc26917c4a105c6cc24487b82b9cbce76bf269d2c,0,0,[],0,[]
867,0xc2691effb6998340e8d22eeb8a005458b8275c47,0,0,[],0,[]
868,0xc26969890dfc20e0ea3c81008ed7673626e58dcf,0,0,[],0,[]
869,0xc2697a96c879157bb60afc1c85f7a64416b38d15,0,0,[],0,[]
870,0xc2698ab068a731c5825a97bd809f75bbe7546cb6,0,0,[],0,[]
871,0xc26a965013400d49caf662d0f59ec6f9df7a7b60,0,0,[],0,[]
872,0xc26ab59fe7b45e548de65ca88c21546d744b7664,0,0,[],0,[]
873,0xc26aef55786bdae5beed4cdf50fcfee4437f5a78,0,0,[],0,[]
874,0xc26b024b58ebbaaee6e9da389ac0e18678e9daca,0,0,[],0,[]
875,0xc26b316e6b5315620865097370ca4ccc65752a49,0,0,[],0,[]
876,0xc26b3ac49709ddf8e4723198b40f928c2c019ea0,0,0,[],0,[]
877,0xc26b4420553e62327403025e07ca166763d20645,0,0,[],0,[]
878,0xc26b55eb32314f2dd7e64df629a205c383161d1e,0,0,[],0,[]
879,0xc26bf074e634cfdbb97ef44e4eebe706cd6a6906,0,0,[],0,[]
880,0xc26c5dd5991a5aa001ab783d48a94fcee678b06e,0,0,[],0,[]
881,0xc26c61e909b4a471302500f608584fc3bf9b0973,0,0,[],0,[]
882,0xc26c73b7d46f7b6f41c88fc7ae6d6057a6cd747a,0,0,[],0,[]
883,0xc26cf1179fb5078ac4ff3f2c1d08de0655cb9106,0,0,[],0,[]
884,0xc26d006ec434d07ea64626f705874d477a44ceeb,0,0,[],0,[]
885,0xc26d2d722b3cfa4cfaab1ec8835ebf988f3f6212,0,0,[],0,[]
886,0xc26d7b562b4bac001f1825f7b23b8457c143b626,0,0,[],0,[]
887,0xc26dc2deb4a082ef922bebb93515fe76a0cc09e8,0,0,[],0,[]
888,0xc26dd3a7d75528225ec4152b4b80e694f1fad29b,0,0,[],0,[]
889,0xc26dfb95949da151bb03182998fa495fd9b2975d,0,0,[],0,[]
890,0xc26e0fedea62ee9378871ab6597ac49c6b5fedec,0,0,[],0,[]
891,0xc26e2cd8d7dd67d4f814e446f3d33e737ccf692f,0,0,[],0,[]
892,0xc26e61e06ba0f534eef313017bb2d5776c8454b7,0,0,[],0,[]
893,0xc26e64fefc10e52c8221612967aff531a1e5e796,0,0,[],0,[]
894,0xc26ea0510dc8d6f46141db100bcf2a9baf1589e9,0,0,[],0,[]
895,0xc26ea21ec50b113885fd9e218b69bc0863b8e43d,0,0,[],0,[]
896,0xc26eae986357d39732a2dc210638c9bd8aac303f,0,0,[],0,[]
897,0xc26ec16a6d39388b8fc70bbd8012d64a7f61afb6,0,0,[],0,[]
898,0xc26ec2ab78330b7b290c4766469d4e4f9c4920bb,0,0,[],0,[]
899,0xc26f22f3e8fea6e3b8cc2dc5570c9a04152891bf,0,0,[],0,[]
900,0xc26f2844a0b5e2409d1ad6f02b15f01776073df2,0,0,[],0,[]
901,0xc26f2df4e3ff19de23093aaf97ed3b354a75344b,0,0,[],0,[]
902,0xc26f4946d465ca54969024d7dffbecf16294b2a4,0,0,[],0,[]
903,0xc26f827f1b8cf661a7bca954bb21eb6138a27101,0,0,[],0,[]
904,0xc26fed0ea8f3eb94cb25ec244db7c43113f685f2,0,0,[],0,[]
905,0xc2700ed562d308cd752dbbf6eb8d6bbb608f69d5,0,0,[],0,[]
906,0xc27012e37cd8f3ac4e129beb06cc55f5d73bbed4,0,0,[],0,[]
907,0xc27045a19963b204af62b57406dc408c8760f7c9,0,0,[],0,[]
908,0xc2706036380de4096f6b04a9452621c02c3249c7,0,0,[],0,[]
909,0xc2707568d31f3fb1fc55b2f8b2ae5682eaa72041,0,0,[],0,[]
910,0xc27083bfa36c208cdf90eabad747832a51055558,0,0,[],0,[]
911,0xc2708c622605db4de220e33457d010e492fc48d9,0,0,[],0,[]
912,0xc270914068a9a5c03cfc9738fee09a4b240cc934,0,0,[],0,[]
913,0xc2714552483e9a26898fcbf7e23945fe4edb0d86,0,0,[],0,[]
914,0xc271b257ddb0d9fe8b8f91d326b09de2c46e9b74,0,0,[],0,[]
915,0xc2723dc6c4c9d3be57a1e2c63366d38024a90f9e,0,0,[],0,[]
916,0xc2724f0f612c481b9a4a3e7b20160b7ebd909bb3,0,0,[],0,[]
917,0xc2725971dd35f88f9f56e10173acf659f4170444,0,0,[],0,[]
918,0xc2726a1236942484164121e020557318d3484333,0,0,[],0,[]
919,0xc272d61d0423d08a59b1629b15c6c214d770d889,0,0,[],0,[]
920,0xc272d6a8f1768bcd0253581639d3a1bf88d418b3,0,0,[],0,[]
921,0xc27350cd5c9b2f954fc30c6559b87ff69b71df35,0,0,[],0,[]
922,0xc2735ba0673f6b76123735f73d4e768485d2a6e2,0,0,[],0,[]
923,0xc273ad3aff3b637bbb13f13bc0b3dd98f8b97e24,0,0,[],0,[]
924,0xc273c464896e56a4800fb53409b9dced960bafed,0,0,[],0,[]
925,0xc273cc40a32ed2e3b15d81a448cbd457ac1d39e7,0,0,[],0,[]
926,0xc274362c1e85834eb8387c18168c01aaee2b00d7,0,0,[],0,[]
927,0xc2745f3708d090338bc3aba48b4588415b9d67eb,0,0,[],0,[]
928,0xc2753d2fea1bc6fccf6c1a65fb8be28b61b7609a,0,0,[],0,[]
929,0xc2754de482505629d997e32b02e89abbe6788058,0,0,[],0,[]
930,0xc275ab17f81096bdc22bbdf5c0af227891fcfcd6,0,0,[],0,[]
931,0xc275bac222fe855fd835de611b3e83522b4c2458,0,0,[],0,[]
932,0xc275ca86af116025345ec1248281843450132b65,0,0,[],0,[]
933,0xc275d3cb282340f07bb842e643554d8fa6615a6f,0,0,[],0,[]
934,0xc276047d001eb9c799ab6046693df7cb074d3753,0,0,[],0,[]
935,0xc2760f2bcc2084a5e5466954ec35127e91dcee80,0,0,[],0,[]
936,0xc2761bee75f94d3516341f4c53d35795df481399,0,1,[{'id': '0xc2761bee75f94d3516341f4c53d35795df481399'}],0,[]
937,0xc2764b7e236a00f9c5a9d86d12873966776cf4a2,0,0,[],0,[]
938,0xc2765bbe3d11e419af07f301d1ba27eb3a07c52e,0,0,[],0,[]
939,0xc2765d3eaf02a4efb1a62553989002f7f19def0b,0,0,[],0,[]
940,0xc2768e9353bf078ace3c345d279e27d393d5c487,0,0,[],0,[]
941,0xc276d6afb638da92abebe0a04c2bfe1c46f27476,0,0,[],0,[]
942,0xc276dba467da94fb4286b1b6be28081c0b9e7a65,0,0,[],0,[]
943,0xc276e94afd1808ae50e2c43d9d0be9e82df471c9,0,0,[],0,[]
944,0xc276ee35a049fa9e917db86054f55e466f93536a,0,0,[],0,[]
945,0xc27738e20e6fe5e0a591fa5e49c27ca6d88572d9,0,0,[],0,[]
946,0xc277513999546d44b08413381c01c094e56ec053,0,0,[],0,[]
947,0xc27769eb87786d749d1cf5a63941725e8dba1596,0,0,[],0,[]
948,0xc277b64dafee82fe2d9fa3f61b52725caf314004,0,0,[],0,[]
949,0xc277b906d0df7c9dd47bed9096a1143ab8aeb613,0,0,[],0,[]
950,0xc277d049308826fabc9d9ff488fab4ca04b34177,0,0,[],0,[]
951,0xc277eb0511497eaede0f4aad1641ea87ad5490b9,0,0,[],0,[]
952,0xc277f4b1ffe2dc3509505b3fb3a7293ae49d3e36,0,0,[],0,[]
953,0xc277fff52218875c9046439706d791187a3190aa,0,0,[],0,[]
954,0xc278592e0566075bd3e32b139c4ea768904f93fd,0,0,[],0,[]
955,0xc2788d7906b4d108c30f6a6477e97d4513187a9d,0,0,[],0,[]
956,0xc278a23b856eff34d189c19412dd9f3300b94db6,0,0,[],0,[]
957,0xc278b0b26ac3fb6f569ac5a3371c349c8b4816b9,0,0,[],0,[]
958,0xc278cfa83247c4c8fff501506162486f418f47d3,0,0,[],0,[]
959,0xc27902d1af12e362190aa0e9d8adaad8f1647c3c,0,0,[],0,[]
960,0xc2793a5a3ab8a545fc36f47dbad0a2e532be49a9,0,0,[],0,[]
961,0xc279925da33cf0a27ab56aff0d2e76d4f7b04e1f,0,0,[],1,[]
962,0xc279aeed32a7aa0a6aa4b20fb347834db4e5f1b1,0,0,[],0,[]
963,0xc279ba6f35512647aab30cfbfac606a4215eb864,0,0,[],0,[]
964,0xc27a74f4450d8ad755b92f25d799e4867941bcb7,0,0,[],0,[]
965,0xc27a76dbe56c4d2af0391f07aa1e9861d04ed2b2,0,0,[],0,[]
966,0xc27abcdb74146c3f1ac4bea54cf4cd5846b6f060,0,0,[],0,[]
967,0xc27b103ca11538cbf3127336223862f02334a4ad,0,0,[],0,[]
968,0xc27b608e300a33d08a25024c7c2b2f8902a28026,0,0,[],0,[]
969,0xc27b6cae566231f10db0974a64858b42602fd12f,0,0,[],0,[]
970,0xc27b7d56c459fc1dec6ace1c61ac15b843914710,0,0,[],0,[]
971,0xc27b8c209634fa091f5fd4848f07da11e532ff51,0,0,[],0,[]
972,0xc27bd2a7b6c748a2366795a6875d9c3564426cea,0,0,[],0,[]
973,0xc27be553f40e9b7d7f4a711827164735232042b5,0,0,[],0,[]
974,0xc27c1fe7bb509cc81704c0b97e5536fc8612c5db,0,0,[],0,[]
975,0xc27c3061fcaad0bbafc1a9572db5f2df02b1f6f7,0,0,[],0,[]
976,0xc27cfa2ef5eb977f7ea2d09588e5ce9505a76e3b,0,0,[],0,[]
977,0xc27d27c684f01aa9e20d77cf324023271ed65652,0,0,[],0,[]
978,0xc27d485abdede656b37bc49e82030f385878b88f,0,0,[],0,[]
979,0xc27d7392a8026db70a9dbb77f4d4b3052b5c1d82,0,0,[],0,[]
980,0xc27d995f13436c7a60bcbc41cd3859871cd14bf7,0,0,[],0,[]
981,0xc27da4de150c1d417503134d2a7a3f3758b6d1a8,0,0,[],0,[]
982,0xc27dd5d4fe95f882196c11af878a79b0ac1bbc8f,0,0,[],0,[]
983,0xc27e3cefcfe4ceabbd6aec35e537137e65d67134,0,0,[],0,[]
984,0xc27e5c87047894f216c3c387582e3a35796c3b5b,0,0,[],0,[]
985,0xc27e72215052869791bd8797190c2adc13d17114,0,0,[],0,[]
986,0xc27e83c7d2b08670379f784636cad29df3349d84,0,0,[],0,[]
987,0xc27e87cfe1fd2ed6f43dfffbb9e9e46428497a24,0,0,[],0,[]
988,0xc27e8ca2f93075bf8abac5c17713912b1938b64b,0,0,[],0,[]
989,0xc27e9859ff0c0342ef3a517dfb26a26e2b84ec2c,0,0,[],0,[]
990,0xc27ec7f770043f2d722f7a6925310caa8099d081,0,0,[],0,[]
991,0xc27f5df65d85a4e947118fa3a112695924d9a1a7,0,0,[],0,[]
992,0xc27f803f86ed0a843211f055c0b814825454e3de,0,0,[],0,[]
993,0xc27fa828afd537734e07aaec01631e815b7dc61c,0,0,[],0,[]
994,0xc27fc9ea8b8f61bc1418ffa73993cddee42da8dc,0,0,[],0,[]
995,0xc27fd02b9d007d463573de14feec7a172966ae6b,0,0,[],0,[]
996,0xc2805313bc899bd7251baf183ae5e872cc0edd80,0,0,[],0,[]
997,0xc28081890bd6f45c14c3606a4da9019aa7d684c0,0,0,[],0,[]
998,0xc2808bcf6aa9f6946e611e9c7ded0d51bef353b9,0,0,[],0,[]
999,0xc2810c75c180879c9d18eb49fdcf7c78aa89a329,0,0,[],0,[]
