,id,delegatedVotesRaw,tokenHoldersRepresentedAmount,tokenHoldersRepresented,numberVotes,proposals
0,0xdd79238eed4de8f519257489bb781043610fb62f,0,0,[],0,[]
1,0xdd79802ff01ef12f5f078711d58717c04fd703be,0,0,[],0,[]
2,0xdd799f65965f09acbfc359a1ca13a2086a887abd,0,0,[],0,[]
3,0xdd79c18ffad5ba393c9da56bc6a45b63a83023d1,0,0,[],0,[]
4,0xdd7a2695a1025f7db31e5575b73093da4b4603d2,0,0,[],0,[]
5,0xdd7a2b8389fdd59ba2aa526b31ad2ed6c0de3a6c,0,0,[],0,[]
6,0xdd7a8dff127a5576429450f982d3ba45d8371763,0,0,[],0,[]
7,0xdd7ad5725ccaa412994d92b522e59ae910046305,0,0,[],0,[]
8,0xdd7af290329e99ceaa3361dedf57a9a7070e6096,0,0,[],0,[]
9,0xdd7af3f036723530ca7754dc294bbeafffa357f6,0,0,[],0,[]
10,0xdd7afed083e5be7f51fabf2f34714c7c39e7745b,0,0,[],0,[]
11,0xdd7b11196986c32ad3fc753e82e28893a23d079c,0,0,[],0,[]
12,0xdd7b41d35850c75594bb86879f69beae763a993e,0,0,[],0,[]
13,0xdd7b8c4bd59f5741d6f677f69fb8974099b86a90,0,0,[],0,[]
14,0xdd7b9c6b31f3b09fa910093d0d0dd481e5b64f04,0,0,[],0,[]
15,0xdd7bf6ab66f31e1b055569d12af286517f57c6f3,0,0,[],0,[]
16,0xdd7c4585b12079563157d25f0f61fe53901de16f,0,0,[],0,[]
17,0xdd7c505008de92b9f12b7b885f783c2e7acac07a,0,0,[],0,[]
18,0xdd7d07780a4df15ed31d96afa3209f4c8e215dbd,0,0,[],0,[]
19,0xdd7d753715d506ba75c9cfea59d1a00f481db19f,0,0,[],0,[]
20,0xdd7d8d786b6178bdb5b61e8d6bf96c12fc10a40b,0,0,[],0,[]
21,0xdd7dc558c13a726bc5715cc62e3126744c4c1232,0,0,[],0,[]
22,0xdd7ddd6c4c6718b9ae268d316db96ab75c742d16,0,0,[],0,[]
23,0xdd7de30f33f04439d345d545606eac8251a64257,0,0,[],0,[]
24,0xdd7ec43863408cd689bba63260cce5926fe80c7d,0,0,[],0,[]
25,0xdd7edf9798c945962f7c4902c4a326812259b07e,0,0,[],0,[]
26,0xdd7ef37dea051987fafc52dd8d69689020868be9,0,0,[],0,[]
27,0xdd7f06ddaf88c302b09bf162a715f61f62b49ed8,0,0,[],0,[]
28,0xdd7f1e50923822262a66ca5677c6e5cd7a48db9f,0,0,[],0,[]
29,0xdd7f2209b4c064f78c0a201ed4336b2bdf681834,0,0,[],0,[]
30,0xdd7f460fdf58d4cdf403c7fed1b547240ec6157b,0,0,[],0,[]
31,0xdd7f704ff75ed6c3eaf36174ad830723105af712,0,0,[],0,[]
32,0xdd7fbafb113f9228ec608199912e54709aa9cd50,0,0,[],0,[]
33,0xdd7fc0151a1629e08d6595d3dda81ebd28ed4083,0,0,[],0,[]
34,0xdd7fd8bc191c5a65defaf34a40650f4bcaace2c6,0,0,[],0,[]
35,0xdd7ff63b1051e0b292e05a2704552a7abf9f02f3,0,0,[],0,[]
36,0xdd80568a02b9632424598dca583edae981db37a5,0,0,[],0,[]
37,0xdd8116cacd7ffb1e37ec4079d1ecf0d04c6d7cea,0,0,[],0,[]
38,0xdd8119e9a729b6ef0381951de7d9081e450fea5a,0,0,[],0,[]
39,0xdd811e0001dcc7c167cf2433c607bf79d5e6a761,0,0,[],0,[]
40,0xdd815fcf410bce08ec92fa4449eeb9ee370a480d,0,0,[],0,[]
41,0xdd8165709a084ccdfebd1475c3b831b8e75bdef5,0,0,[],0,[]
42,0xdd81675771b26ed85c22dcc9bf67a4b2209463c0,0,0,[],0,[]
43,0xdd8197c5324c28b0ae817cc5ee2a4fabb99a2dcb,0,0,[],0,[]
44,0xdd81a7b377aa564c619c66641911238f4e1fdc6c,0,0,[],0,[]
45,0xdd81abe26d081b33a641fb29c03f727206ec62c6,0,0,[],0,[]
46,0xdd81d9ae2ce45799d3aac1e42b6458a9d473ca4a,0,0,[],0,[]
47,0xdd81e8c0274959aea7bdcb56535589b9ffc728bf,0,0,[],0,[]
48,0xdd821c11a49823c45856ce4aa04bcc9d539dccaa,0,0,[],0,[]
49,0xdd823197d6c303778c734be1766c2a2a1249301f,0,0,[],0,[]
50,0xdd823cfb2ecc08fa33fd6fd90309c190c1e25bba,0,0,[],0,[]
51,0xdd826ac40d9b79a6567525a90a50528fcadd5911,0,0,[],0,[]
52,0xdd827972f0d94b7da22fc9f50ee94bdde58ae0d1,0,0,[],0,[]
53,0xdd8335e465661895130d9803afbd87782881cbd4,0,0,[],0,[]
54,0xdd833da1d31fa5d976e4363e7a3cbdf20ad9368b,0,0,[],0,[]
55,0xdd8359703f76958fe1209ba6761cb09251a08b74,0,0,[],0,[]
56,0xdd836d75bacee1ffa7770a0d53da5fa0ee73cd5d,0,0,[],0,[]
57,0xdd83d1b5f01530b8f9a60a2547763f4a3fcc818f,0,0,[],0,[]
58,0xdd83eb14a25fbef2dacc5a869f46d95f06ce16cf,0,0,[],0,[]
59,0xdd84084961433c57442f35aec2cee7957ac7a849,0,0,[],0,[]
60,0xdd84531767b7f0e2c1f4d927ee4aaccade23bdc6,0,0,[],0,[]
61,0xdd8456f1dabb43bd306238edd7fcb0b6f0573771,0,0,[],0,[]
62,0xdd84765c1034798371b1dde8901dcb162290f9ab,0,0,[],0,[]
63,0xdd84799dd9528d3ed4fe41fcd8b73400e0b8b251,0,0,[],0,[]
64,0xdd8484c79c1d1cc8d449f87acb18f16039f66593,0,0,[],0,[]
65,0xdd848be21397913b09a311662c401d6002f7e468,0,0,[],0,[]
66,0xdd84908f7407b91a83cd3a6929f5eb808a8f5739,0,0,[],0,[]
67,0xdd84ce1adcb3a4908db61a1dfa3353c3974c5a2b,0,0,[],0,[]
68,0xdd8549e77394bc21bd07aaeb53d9ca6ee4e568be,0,0,[],0,[]
69,0xdd8550202f29455689fb52d1ad039af98347ed3c,0,0,[],0,[]
70,0xdd856ec3f718a0e74863d5c2b81bea9d87575217,0,0,[],0,[]
71,0xdd8572ee7723a42176266ad5c148854f0654b52f,0,0,[],0,[]
72,0xdd859d9da18a6d2bbd1b118d8969a226c2f589bb,0,0,[],0,[]
73,0xdd859f9342a0522d079033db729ffb45d2efc79c,0,0,[],0,[]
74,0xdd85ce62fc8c6be4594a6ab7d394ad6bf9fc4488,0,0,[],0,[]
75,0xdd8625ff723696e38fce229271db6cdd94eee02b,0,0,[],0,[]
76,0xdd86594fb0de5a760a42da8ec3882f4d34446c24,0,0,[],0,[]
77,0xdd865e6d04bac8f2b52559fab1f6f9969feedcb7,0,0,[],0,[]
78,0xdd86724459c03cd665ed50c5fc36dca61633898b,0,0,[],0,[]
79,0xdd877cde43b0d1a8c090d09585c0d48360c05bef,0,0,[],0,[]
80,0xdd87c4b0eb4d4d3651f8c06101fa2c07cf90d0df,0,0,[],0,[]
81,0xdd87f23e4e7017ad51588138b6e892f04f13ea43,0,0,[],0,[]
82,0xdd88606b57a5dc5ed451a0f8c0bf82b6c4c7d3c8,0,0,[],0,[]
83,0xdd88609f1f482f57bf33d11374e0fea241628bdd,0,0,[],0,[]
84,0xdd886cb96b98feec03dbc0874b1e3fe2b68adb6e,0,0,[],0,[]
85,0xdd8897fe8108c72c02e79c53016a0f30d797fb48,0,0,[],0,[]
86,0xdd889acbd59d2fba76ca8346d48ea1e94b059a6a,0,0,[],0,[]
87,0xdd88b8e0cc5480d4e263f8dcb652b040bee352eb,0,0,[],0,[]
88,0xdd88bb8cfe8cbd613e2581312ce38bcca5466448,0,0,[],0,[]
89,0xdd8924f40d1aaa07003c52e3143b5ee6f925de4b,0,0,[],0,[]
90,0xdd892c82c31fefa1a12d6d03aa2e50579d18d27a,0,0,[],0,[]
91,0xdd8932350d5d77e155013a8600defade2761a6f4,0,0,[],0,[]
92,0xdd898303bf2c88bc452ea3382428e5d5095bf034,0,0,[],0,[]
93,0xdd89873706ab3cb85467347b82bc11889eb71e46,0,0,[],0,[]
94,0xdd89bc11081611a5b183cc24e3a6cf9d86167f7f,0,0,[],0,[]
95,0xdd89eb6863df24262d1d9d7d3c05a1d812a4e1c1,0,0,[],0,[]
96,0xdd8a0319044f49956165a79bcd34cde84784e9f6,0,0,[],0,[]
97,0xdd8a04411ac02ffa63a01fdf371472932d9031ac,0,0,[],0,[]
98,0xdd8b6147f4481911da29221cf522f6b4701e92c1,0,0,[],0,[]
99,0xdd8b6aa53fc5ffe29c1f146d5c577d8d2f322937,0,0,[],0,[]
100,0xdd8b815f6f69d7bcd6b9cc168e845113d6fba775,0,0,[],0,[]
101,0xdd8b8245e9489846e2602433e434da1ad2cf57a4,0,0,[],0,[]
102,0xdd8b99f0c734a394996378fe8bd85eff99c86c8c,0,0,[],0,[]
103,0xdd8bd9b8f4d0c7dad26d5ce056bf3df522198a7f,0,0,[],0,[]
104,0xdd8c0e9feabec0ef7b16ff9aa8cace0bc4e18ce4,0,0,[],0,[]
105,0xdd8c7cac55376f93deedc265bbb7a736e2f48284,0,0,[],0,[]
106,0xdd8c8ce0027f2c331ab9641b11ec2a9eb940c185,0,0,[],0,[]
107,0xdd8c98dca339187ac7e19e09516abc9b46930ffc,0,0,[],0,[]
108,0xdd8caf6519e152af6b89b956422daedbf5418ecc,0,0,[],0,[]
109,0xdd8cd693c236a3cf0d8a16db4f6c7ddded76780d,0,0,[],0,[]
110,0xdd8cdf9250a197d9a232433adcab1326c1c6693f,0,0,[],0,[]
111,0xdd8cf0a34c3f2592723f4dd09213e44c92d80cae,0,0,[],0,[]
112,0xdd8d9fe63281e34ed38a6e9c206bc2d5e9fe4c1d,0,0,[],0,[]
113,0xdd8df74d8734cfcdc14bd243ceb97d045b6ed066,0,0,[],0,[]
114,0xdd8e5590dad6359963f09c11c5954c5a2fa996b9,0,0,[],0,[]
115,0xdd8ea04fbd7596498b900408547b24547939dca5,0,0,[],0,[]
116,0xdd8eba4d18d984522f5f5253fafc8ee5360fd779,0,0,[],0,[]
117,0xdd8f14b1bb637ad684ab348357bba906b1dbc04c,0,0,[],0,[]
118,0xdd8f150b3ad0c9bb85812fc7a0b405b67b993926,0,0,[],0,[]
119,0xdd8f93edcdeac7cecea8179ef279879b89648fa8,0,0,[],0,[]
120,0xdd907cbf449d78af5a1e0f01f2756ac3edd7b63e,0,0,[],0,[]
121,0xdd9091bceeb8d1773e96a12749d361c176d796b3,0,0,[],0,[]
122,0xdd90dc4d261dfdcec524f9a0303d58bfb8d596cc,0,0,[],0,[]
123,0xdd90dc51cb4e6cf7a06b8f6aa6e147f1bae6f97c,0,0,[],0,[]
124,0xdd9109b6238510e8a99552b504079ae44867b687,0,0,[],0,[]
125,0xdd9114ce21780e5ca789641a5344ca4a15b74c4a,0,0,[],0,[]
126,0xdd9129dab356ccb6cdea8b2fc2b27a9d14304dd9,0,0,[],0,[]
127,0xdd9162c407560ba1e6f8fe83322182cbea46797a,0,0,[],0,[]
128,0xdd919b8ed26b8db8695d5f2fa4c7231c4b4e7318,0,0,[],0,[]
129,0xdd91b25b0103548b5655f5830d16d33f93e65a70,0,0,[],0,[]
130,0xdd91fe1ee8caae4f55f1a15864ab739d87642b23,0,0,[],0,[]
131,0xdd929663eb5d9e2b53f25aff56258232bec22fe7,0,0,[],0,[]
132,0xdd92a23baf99f585fb98deba7a54a1bd6ce57dda,0,0,[],0,[]
133,0xdd92ba08194b9e702051969651815fddc0b7a6bf,0,0,[],0,[]
134,0xdd92fba1b870d8df87e549c53d0d5de0552d8f23,0,0,[],0,[]
135,0xdd930129a7ebc10e74ff2ab153fbdc8b915f14d7,0,0,[],0,[]
136,0xdd93510e68afc180ae0d6d2fa40fa03b878ca9ef,0,0,[],0,[]
137,0xdd9354d74af065f7be47ca9fd3894c85a10da4a8,0,0,[],0,[]
138,0xdd9354f4dce4a810153995ec789f6e54495d264c,0,0,[],0,[]
139,0xdd93ecf7c25eb4c6967282cff652a2661e8ddccd,0,0,[],0,[]
140,0xdd943366f5e758e91ef04be3e12524c3393bd841,0,0,[],0,[]
141,0xdd946d549e725c31c262d3ca211f3e0d6fb98bda,0,0,[],0,[]
142,0xdd947f07deff99ad1eb2987c64f184e074d86444,0,0,[],0,[]
143,0xdd9494d5d572d09d4f47a1c81d9d764ed1852cc6,0,0,[],0,[]
144,0xdd949bcac80dd1a7b6b9cbc6f73fbe60103887a3,0,0,[],0,[]
145,0xdd94e51a070fcb6768cc939b08d08d9e5946294e,0,0,[],0,[]
146,0xdd94eae7433486384b69a5047aec02f76e498cab,0,0,[],0,[]
147,0xdd95073eb405e83e319818be13090fd4be647095,0,0,[],0,[]
148,0xdd950da7477fe719216d738295b7b403b517168e,0,0,[],0,[]
149,0xdd955a6d6b38641e4e551853742acf84dce12264,0,0,[],0,[]
150,0xdd957feceb0c91bcb07ddfd3ce437f7e1109e724,0,0,[],0,[]
151,0xdd95a60eca63c3215d615178c85560eae6b7723f,0,0,[],0,[]
152,0xdd9604353eb6338f3c99b469674c3d7f26f3334a,0,0,[],0,[]
153,0xdd9610f0a3b9af03dad42990d6b60859f559c8a4,0,0,[],0,[]
154,0xdd9771837b45ca4e0bb9fff0fe1079aa31b7d73b,0,0,[],0,[]
155,0xdd9781c095f2445104fe42c4c1957b23d13713e8,0,0,[],0,[]
156,0xdd97fde301ec94718933e8dd6418a399ad185f77,0,0,[],0,[]
157,0xdd98051c107f8d3e92d2f588d2cb748efb27fa3a,0,0,[],0,[]
158,0xdd986344a2b4b04b105207bae2f2d2c3d4ecbb25,0,0,[],0,[]
159,0xdd98fa8b88d9868cbfb2e016a3c4c1d457f59aca,0,0,[],0,[]
160,0xdd9912915a83d9610d8ebfc687a5f71446e3122e,0,0,[],0,[]
161,0xdd99593d08b22f6cba0a7569bc92c651a258eead,0,0,[],0,[]
162,0xdd995ae00a6a32bdcc6a59c09d8cdd6fe750d13c,0,0,[],0,[]
163,0xdd995b8aa582a21a9b014fbf049923e11901b628,0,0,[],0,[]
164,0xdd99933bc8bb9a2bed56d9868dd66b8f8edf2551,0,0,[],0,[]
165,0xdd99d65b870fe609c2a5d820f0007b195bb9a5fd,0,0,[],0,[]
166,0xdd99deb8158f9bcc62c6a6fe931187b81972938d,0,0,[],0,[]
167,0xdd9a3917b962ddd215ad1aa82ebc61cc92c542f7,0,0,[],0,[]
168,0xdd9a5acd4e34f9136bd0c3d302d5c37228bceb86,0,0,[],0,[]
169,0xdd9aae05b485da16705ac13553e0a3c94c801beb,0,0,[],0,[]
170,0xdd9acd12a6068c91e2d404891cff20bdfb7bdaca,0,0,[],0,[]
171,0xdd9ad1fdd173ca634a2e31fa2ba50e30421ad548,0,0,[],0,[]
172,0xdd9ae62ee18c9d43447a7ecc9e04d23fc4136636,0,0,[],0,[]
173,0xdd9b0b4aab8d309c23ca1e0cba98fb195a9fcfb1,0,0,[],0,[]
174,0xdd9b47f17aef70bc09d35b47dd9f09ec5cb64967,0,0,[],0,[]
175,0xdd9b907f8e6ce7d3f699c1b5ab221d0686abf127,0,0,[],0,[]
176,0xdd9ba3835476b07bced88c92b6b6830fde7b7928,0,0,[],0,[]
177,0xdd9bcde8eaa484e2972b7f116fb77f80683dff1f,0,0,[],0,[]
178,0xdd9bd1b9d200bcb2dd4c202c33ba7ee3f1b808bc,0,0,[],0,[]
179,0xdd9bd62d1c08210fdda6f841ed5196b45a939625,0,0,[],0,[]
180,0xdd9bec45f696965412ad8d22de40c604ec74aa90,0,0,[],0,[]
181,0xdd9c2b7b723603b106f81d5b16715e76fee71a39,0,0,[],0,[]
182,0xdd9c630d035f6bcbfcee5f533feebe1adea9d28b,0,0,[],0,[]
183,0xdd9c799f7500c28da30d526f9eafa7c7429e195c,0,0,[],0,[]
184,0xdd9ca71e679bf5249276d55feac401128431d861,0,0,[],0,[]
185,0xdd9d0eb3d28c9a5c0d10a7855b467bffc08224c4,0,0,[],0,[]
186,0xdd9d268be21485fdd4bad1867acd64093ddc557d,0,0,[],0,[]
187,0xdd9d31b598bc5d5319c164c6bb791f7e4af2bff9,0,0,[],0,[]
188,0xdd9de3c756d6cafe1c36410c02b34585c7718bf9,0,0,[],0,[]
189,0xdd9e2dc635a9e57c28a0464ba8c374b85135ddab,0,0,[],0,[]
190,0xdd9e38c9b136473f8bcf32c4e75d6a6b6fde8e0e,0,0,[],0,[]
191,0xdd9e6962f4f77767861f6ce48309bb4ae8b5db96,0,0,[],0,[]
192,0xdd9e90466c53d8995745c7cbfb3ea81d8995adaf,0,0,[],0,[]
193,0xdd9eaceb283fd7ff77fbb39d548ab03df3b72a9c,0,0,[],0,[]
194,0xdd9eb77aa0928ebfd5a6de73526afe89a2e44306,0,0,[],0,[]
195,0xdd9f05f3879dedd05aa23d8b4d02200e51b68256,0,0,[],0,[]
196,0xdd9f24efc84d93deef3c8745c837ab63e80abd27,0,0,[],0,[]
197,0xdd9f83492b9c637a13d2276894acdd79adc26236,0,0,[],0,[]
198,0xdd9f9d5613e02a9fc40b247a966df4513469749e,0,0,[],0,[]
199,0xdd9fe3d837a2fd2a5a310cf18c52eefaf7fe8055,0,0,[],0,[]
200,0xdd9ff7896beb4a65850e34b18bf2448d1d14e0a7,0,0,[],0,[]
201,0xdd9ffdedeb0b16ac65fbd4cd5ffbfa96b195ae93,0,0,[],0,[]
202,0xdda00ce276aceb858cf760e0bc26192e87880aa5,0,0,[],0,[]
203,0xdda0326745a980efabdf3244eb3ed98cdc9b97e6,0,0,[],0,[]
204,0xdda0544b0da400a1368a4971af701fea71f1db56,0,0,[],0,[]
205,0xdda059a9fc528294c0d64215c2efc77bf6b0ad23,0,0,[],0,[]
206,0xdda05d82e8122b756049963ff2abf6d60a2bfe13,0,0,[],0,[]
207,0xdda07936007af8e789c5fe8894dccf9d43d8c00e,0,0,[],0,[]
208,0xdda0eaf0450ec756e0b31de15327a2c80b1354e5,0,0,[],0,[]
209,0xdda15dd4f172b89549b7f05d5b26da24c7057606,0,0,[],0,[]
210,0xdda1839117919bb842f5f35ed026dc8613f1a223,0,0,[],0,[]
211,0xdda193d7d6f2c00e809e57dc475a384d82ea4c24,0,0,[],0,[]
212,0xdda221b04390fa8642412dace9cbe0f4013f0753,0,0,[],0,[]
213,0xdda22eb546f3a7e9e0e0d3fefd5bee597ebd9d99,0,0,[],0,[]
214,0xdda245d10bde015148345010c864abe2d10fa4b0,0,0,[],0,[]
215,0xdda2bf9c181ebd76c21b5f39982b23856bdfa315,0,0,[],0,[]
216,0xdda2cccdb3d7d7d77de65c0a5377e7c49cade967,0,0,[],0,[]
217,0xdda307fbe6acb8553b50f778e820906830580807,0,0,[],0,[]
218,0xdda347abd9805264d988045687a6705b94661e4c,0,0,[],0,[]
219,0xdda35a6b42d74146b3d93c3718666a774a0fafd3,0,0,[],0,[]
220,0xdda361c8a2a6b3fdfca45b89a90eff3cb428279a,0,0,[],0,[]
221,0xdda3662bbce37c87ddc7e6673157542d4294ca87,0,0,[],0,[]
222,0xdda38873878cf7f53b5a0a228265176d1db160c3,0,0,[],0,[]
223,0xdda3942a2bf906658afa1584e4315ab80d03d125,0,0,[],0,[]
224,0xdda3a8c85c93522c5a9de6eb51fb53c22101a784,0,0,[],0,[]
225,0xdda41c0f24004a3c0bb6eb2b1e5d7523bb5f0abe,0,0,[],0,[]
226,0xdda42f12b8b2ccc6717c053a2b772bad24b08cbd,0,0,[],0,[]
227,0xdda430b779fbad43049a5fc274276a389b84e020,0,0,[],0,[]
228,0xdda4341121b49e09720225d2f5288b121c4a4b19,0,0,[],0,[]
229,0xdda46e0347358d8fe34a9a99a78d7d5de01ed327,0,0,[],0,[]
230,0xdda4c99d2132cfda7cfe72ed1ad9c734143fa1ea,0,0,[],0,[]
231,0xdda5040938c7c201783e18436eec8a123f0d0860,0,0,[],0,[]
232,0xdda5219a262859dedddfef2cd34112b662a0fb17,0,0,[],0,[]
233,0xdda526fbd1214d18f1bfb3a23dbb31e84edccc7c,0,0,[],0,[]
234,0xdda54af784a7ef61527015e603599bb6cf3b2b41,0,0,[],0,[]
235,0xdda5587b3578577755554541eea61c3acd49a320,0,0,[],0,[]
236,0xdda57087fb3a99510c15ab785f7372fe4a31baca,0,0,[],0,[]
237,0xdda582e3c95d69a4b9c2cff3913e878ff5389a11,0,0,[],0,[]
238,0xdda5878b3614775726d8c3c70dcdf21c775ea0bd,0,0,[],0,[]
239,0xdda5d8d40c31b3c850d605cacd146cae1d6f68bd,0,0,[],0,[]
240,0xdda5fa01c8194fba6535deab8196df4da6663eac,0,0,[],0,[]
241,0xdda60ccee2a5852c3bdc32a275b1befec540ff29,0,0,[],0,[]
242,0xdda6343b8192a8786ec999cea8c11c59e527dc99,0,0,[],0,[]
243,0xdda6412d953f1e68663197bdbff7d0e39bc51a81,0,0,[],0,[]
244,0xdda6c4df99ab6458616e9afed3433532d2b08514,0,0,[],0,[]
245,0xdda6db0f69512e53f2ea9f6014ac09c6607c74f4,0,0,[],0,[]
246,0xdda6e0c9571b929c7f4dc06cdd6c0ff7244e5fa0,0,0,[],0,[]
247,0xdda705a8abc832fbb99eca36a5a334dc4dbd8394,0,0,[],0,[]
248,0xdda736e349934f2399a1a9f420171c088f5a59a3,0,0,[],0,[]
249,0xdda740b0fe7799dcb39178c1c14dcde24ce1645e,0,0,[],0,[]
250,0xdda74935678bf7c3d9d3e1b653e8c2de10f5c816,0,0,[],0,[]
251,0xdda757158868561d3d6fdce00dd0e4bb6e6c8f9a,0,0,[],0,[]
252,0xdda77c99d0873084e082c20192532d461e47391e,0,0,[],0,[]
253,0xdda7a3b920939365c1a546bf613f9fa7ce0adf16,0,0,[],0,[]
254,0xdda7c9bdb4085ac3985a511e7ab7faef14d30683,0,0,[],0,[]
255,0xdda80c518670b7db3eef15b0c92501f54c6f0986,0,0,[],0,[]
256,0xdda82bd0527e88b6754967653110fa08a3b90ea8,0,0,[],0,[]
257,0xdda875ab21eeffeae8dafc5ae3bfd21d9ace6d21,0,0,[],0,[]
258,0xdda8af2fcb61e7da3f7ef1dbee5fccc771e9f476,0,0,[],0,[]
259,0xdda8b734620108a8c22f3d7a03cb7ffa5b868dd3,0,0,[],0,[]
260,0xdda8e3ecf8c9728c7e31ac10c96cc457c379225a,0,0,[],0,[]
261,0xdda96e1225e43e7e4cbca0b4e82bc9a6640aa90b,0,0,[],0,[]
262,0xdda98c2fb9c290513464e7582c8a94c0161bf057,0,0,[],0,[]
263,0xdda9fd56b6bb95bac0516b976afaaa7a4445678f,0,0,[],0,[]
264,0xddaa17639c7154dd0fb56e54059844c3851482ec,0,0,[],0,[]
265,0xddaa461389b21a988076fac7ce004e92fee86b89,0,0,[],0,[]
266,0xddaa782526d11b8b74dfbc1ba5bc76390ff67d74,0,0,[],0,[]
267,0xddaac1d70e44f3c276a4c652778915e6519320b2,0,0,[],0,[]
268,0xddaac482530e2d5c31c19727c6721e192d539666,0,0,[],0,[]
269,0xddaaed670aa4323c664a7e743e2e213c4c15f295,0,0,[],0,[]
270,0xddaaf788b7bb2ad2f3f58fce6027962e61e8cfb8,0,0,[],0,[]
271,0xddab08bd1c9bfcac36e9b4345fcf854042cc81ff,0,0,[],0,[]
272,0xddab1789e401a41251ae4ca43644c467232a2889,0,0,[],0,[]
273,0xddab2bf66703b7b29b4d4ea99a7638d6ad709b8c,0,0,[],0,[]
274,0xddab2e33a4740c774612944e0a605f255f4d74de,0,0,[],0,[]
275,0xddab397e4a81b291ef99c82ee33f79afb0e364c5,0,0,[],0,[]
276,0xddac00046e821100476d6f50329aae06ece761f0,0,0,[],0,[]
277,0xddac627d37f7dedf2b47328bf0e13b0f27789cb6,0,0,[],0,[]
278,0xddac628b050c40a1786b1bf03b8eae54adf41c40,0,0,[],0,[]
279,0xddac8017d8a669b50c902f2abca32af206dddb5a,0,0,[],0,[]
280,0xddad4418e06339a8fd8d160da172cec747af1810,0,0,[],0,[]
281,0xddad6e9c440b1884902cf65bf8e98c693969eca6,0,0,[],0,[]
282,0xddad8c9767a61e11c36f1d7d7611f6df1829e091,0,0,[],0,[]
283,0xddadcbcd7d10190e01ff95ea52c512afe956c1dd,0,0,[],0,[]
284,0xddadd1b11507510564b759ab0610b0b4f5b8df65,0,0,[],0,[]
285,0xddaddb2f61ef2ef19e62b53b7824fbbab315ab18,0,0,[],0,[]
286,0xddadff7e0c08332c982d26738979fd619caea6b6,0,0,[],0,[]
287,0xddae219c7618e9c9354015e5a1a524ef54fadfc5,0,0,[],0,[]
288,0xddae56f784e823f9462c0e3d0a98aca6fe92a893,0,0,[],0,[]
289,0xddae7e954bc90f1d2c7324457562fa0f42b4fa74,0,0,[],0,[]
290,0xddaece3b1ec6e0ed615b8de2a0a639a207bbecde,0,0,[],0,[]
291,0xddaefb33473dd293090f50cf9fb288082ce40a3e,0,0,[],0,[]
292,0xddaf6c2fd32b29be0cccd2d3f3c18ef79df691f9,0,0,[],0,[]
293,0xddafc6e8d62b3ae341e9fa1ad95c4442f61d6468,0,0,[],0,[]
294,0xddb00185d8d0eda7afb1f936808d47803deeae5a,0,0,[],0,[]
295,0xddb01664dabef7e491839a7abc62f06495ad91e7,0,0,[],0,[]
296,0xddb02d0961b61e86c5aed275e267cd88f8eff1d3,0,0,[],0,[]
297,0xddb03788cc55dfef572a329061a38b5342fa2d19,0,0,[],0,[]
298,0xddb04edfe8fd1c7b071d2f28c4e3838e14d50ef7,0,0,[],0,[]
299,0xddb0b6ff33278de6911150d357ef6580cbd5fcc4,0,0,[],0,[]
300,0xddb0b71c50c1997a668ce568c75f3367fdfa0d3a,0,0,[],0,[]
301,0xddb109e79b126e803f826f85a622ae2b2cb71792,0,0,[],0,[]
302,0xddb1738d5b9e39b02ee648b0a903e684bb8cec59,0,0,[],0,[]
303,0xddb196cb3db1406fa1e9a1eccfa6006094d280e5,0,0,[],0,[]
304,0xddb1d7ca1601a68e04e9c13b7a1de2d9b7063bfc,0,0,[],0,[]
305,0xddb1ebbe6d00a0aeaa515f2e50d429ada1832f11,0,0,[],0,[]
306,0xddb1ff482086d4785d46aad0c277102db90a1668,0,0,[],0,[]
307,0xddb279606e811bc75a759c1701bc008cc77b2871,0,0,[],0,[]
308,0xddb28988955a9c3f31960ea211a38db56f6a6cb7,0,0,[],0,[]
309,0xddb298b80881c166813ba9c29bcf4c939e81e258,0,0,[],0,[]
310,0xddb34f771bf14f24e1cedda3a4b856c5042437b3,0,0,[],0,[]
311,0xddb39041e665ebcf0da6250da011a6568d254441,0,0,[],0,[]
312,0xddb3a48294e936d05fac5f99696b9a3b8d3eea91,0,0,[],0,[]
313,0xddb3bb304ae5ccfebd3aacc5c54277b7b6329163,0,0,[],0,[]
314,0xddb3c7771248f63af588045a7952bb90501781fb,0,0,[],0,[]
315,0xddb4030bf5eb7b6e009b2be9fc5842b8e22b246e,0,0,[],0,[]
316,0xddb427f9e6bd370b7409b56fe807ebf8cf0304bf,0,0,[],0,[]
317,0xddb46b50df307975484046e33da26df02f02a860,0,0,[],0,[]
318,0xddb4a8e806ce68a98f6d9e775c73531e6c03e8c9,0,0,[],0,[]
319,0xddb4b926a6f75fbd58c0a3903fe0ce1e9f89ab36,0,0,[],0,[]
320,0xddb4c6d8890312b65a27b5daa2583456b2ac594e,0,0,[],0,[]
321,0xddb5001a420f779e05b8c2639f88adaec2b6319e,0,0,[],0,[]
322,0xddb505711fe8c74476b1b46690ffa29d39e987b1,0,0,[],0,[]
323,0xddb56a5c2e6beaf202b03545e2cb8fece8f25891,0,0,[],0,[]
324,0xddb58953c5db345560dfe4b18905b1490279f649,0,0,[],0,[]
325,0xddb605f5a6c06fa1859535516cb8beeb6561a445,0,0,[],0,[]
326,0xddb6526e8ffeba62ad2b1bb874cdb4a356ec1b75,0,0,[],0,[]
327,0xddb6a9c284b0b3544a140908cfe621b094de684b,0,0,[],0,[]
328,0xddb6e247396bcefec5620a8a7609c06fdcdb4fad,0,0,[],0,[]
329,0xddb6f8f69b1d949dc65aa0cacae0b01b656a77eb,0,0,[],0,[]
330,0xddb74e8847e139954ab0ad4196acf75be3fdabb2,0,0,[],0,[]
331,0xddb75b38e0a2f8a95bc6f788f0b433222d8fe5b7,0,0,[],0,[]
332,0xddb77310feae0a317f03f1d02ecc5c4bf93bda83,0,0,[],0,[]
333,0xddb77f73385ad687f911fe6f6234eecdb0bff604,0,0,[],0,[]
334,0xddb7e82536dab31d7ab46b1a1adaa8efa4befa70,0,0,[],0,[]
335,0xddb822ac80c67025d90cbd0866b2ab73465a21a1,0,0,[],0,[]
336,0xddb858c486a58396203538fff159d38680271c57,0,0,[],0,[]
337,0xddb85e692bf8cac12b3e6766ab23b8e8e29781bb,0,0,[],0,[]
338,0xddb89a0ff9962d6b9682de1492b2d52eed875ab8,0,0,[],0,[]
339,0xddb8e823825b57965b782af75fb45b7e3178c110,0,0,[],0,[]
340,0xddb913be0329d5072da200230c5528dc8556296c,0,0,[],0,[]
341,0xddb95c3eece3dd07523cbfab5c7d117d76fa1d9c,0,0,[],0,[]
342,0xddb970e5851145044646c60d8de20ed892ea44ed,0,0,[],0,[]
343,0xddb99569383b59dcb91a9dafaba6459a2a2194dd,0,0,[],0,[]
344,0xddb9a515d2b6413c572de889d3704887b24026dc,0,0,[],0,[]
345,0xddb9a7fc8b42645a48294d9ab4954cc4b6c84b3a,0,0,[],0,[]
346,0xddb9d4a4e8a8bb469b620654f9841340bac0e5d5,0,0,[],0,[]
347,0xddba2a364348388c0161441941a7f56f79cb6fc2,0,0,[],0,[]
348,0xddba6f14c9b2dc7871355f1f77ee1a453c4fabf1,0,0,[],0,[]
349,0xddbac1074966ca45a35455f8710e5bca39e3f8e6,0,0,[],0,[]
350,0xddbacf02a4e4f6a3812d60f525e0ad89a174483e,0,0,[],0,[]
351,0xddbb0f097e5bf878fa1e84b167a3aeaa4c9234e5,0,0,[],0,[]
352,0xddbb6035eaa351f1d58c8080010db9b640bef259,0,0,[],0,[]
353,0xddbbf84382db98573bcc656fa7c6ac8b52466c8b,0,0,[],0,[]
354,0xddbc390a91edb9b590245a4c295620f02be042dc,0,0,[],0,[]
355,0xddbc4e077680cfa119efe6d01577d233cf0c4aa0,0,0,[],0,[]
356,0xddbc7b7aa601ad06ca3e6034e0b2d4cc34865923,0,0,[],0,[]
357,0xddbca7b7824e72056c55cdbe686ea21c84f17ac9,0,0,[],0,[]
358,0xddbcaf1bc4050a6b2739e846dd30a30890fe8637,0,0,[],0,[]
359,0xddbd086cd6f34d3a8715b387045187cd64d4dfdb,0,0,[],0,[]
360,0xddbd287898f03a4ee1f9eeb37653fc20396153d4,0,0,[],0,[]
361,0xddbd4210466e4760afec2b67224cb2b73295427b,0,0,[],0,[]
362,0xddbd7a75e199ca639b839f6f62bb60e1e2266cf9,0,0,[],0,[]
363,0xddbda444388ae8d4692788aa4b94fc6b90846fdd,0,0,[],0,[]
364,0xddbdc90f953df3fb7b225ef438fdea97974d2ba3,0,0,[],0,[]
365,0xddbdcae8870c465d035796835257f3e10eefdd6b,0,0,[],0,[]
366,0xddbddddcb3723ea97504d601d243a36433d770c9,0,0,[],0,[]
367,0xddbe65dd213305e1823cc9e97d3940b6b9b976c8,0,0,[],0,[]
368,0xddbea346ea9e0dd8a72c9d3fbba5c9fc46c70e50,0,0,[],0,[]
369,0xddbf893cad275041a1ec5ad9816bfcfb5c8dbfb9,0,0,[],0,[]
370,0xddbff4a50a4f97fa1bf66a4840cb4237e1734e77,0,0,[],0,[]
371,0xddc03a14ddc178c4e0b63c0c5853c16316b26e15,0,0,[],0,[]
372,0xddc050cad302f3cffe2fe2be9225dae21dadec84,0,0,[],0,[]
373,0xddc08525b076fdd2e108c6dcc1cd92a0ab842b99,0,0,[],0,[]
374,0xddc098605ee71abb8d1b478964b236b7896683b0,0,0,[],0,[]
375,0xddc0c0609c05dff1c2ba63f7d96dd43ce2de9914,0,0,[],0,[]
376,0xddc1965f8fcc27e89121320d3a2288aeea276435,0,0,[],0,[]
377,0xddc1e86ebd402eec97b32c503b3fc1fb380bc709,0,0,[],0,[]
378,0xddc1ff92a29e29f0113f9982e104c663f6f98fe2,0,0,[],0,[]
379,0xddc22fbc4559feff07fb35cda96a636aebbd2aa4,0,0,[],0,[]
380,0xddc23825a2f08c12f8936d93c6636e83eb101be5,0,0,[],0,[]
381,0xddc2498cbde0ff4702ab5378b6d307edc7c3f244,0,0,[],0,[]
382,0xddc2e2abed9af520e2ea291d15ab6d86f461792f,0,0,[],0,[]
383,0xddc2f6cac3fff978ad21731c77311b258b372df3,0,0,[],0,[]
384,0xddc3117ebec50ca3e7e594c410e87732cfde2a65,0,0,[],0,[]
385,0xddc31dfd453a6673c1d5c912c1ca196d5e08ea71,0,0,[],3,[]
386,0xddc37191096ebd18295b2eca0d842881ad6029d3,0,0,[],0,[]
387,0xddc37506ace00f4077a39ff4b0dd06cd92e298ff,0,0,[],0,[]
388,0xddc3a94dc3629b2861918308a1fe6689f576f3ab,0,0,[],0,[]
389,0xddc401846d9f67b673fda5bcdcd93d0805af2714,0,0,[],0,[]
390,0xddc41580cf4329b0b70d715f4c1db20d0375452d,0,0,[],0,[]
391,0xddc44cbb85e848818be779d94e86351b438a8f2b,0,0,[],0,[]
392,0xddc47c1059431133602bb0580870ccf7e59907ce,0,0,[],0,[]
393,0xddc4ccfbc079466fe51fe83fe03d320158505523,0,0,[],0,[]
394,0xddc4ed102655a166c16b8b2770d7a17f177e9119,0,0,[],0,[]
395,0xddc4f87ecc0d4ffbccc05c2807b56ef2f386bf6c,0,0,[],0,[]
396,0xddc55b30d5249395c002c2ef94adc38c3298f146,0,0,[],0,[]
397,0xddc55ba03f64f71195a2ab78b9b0497d08e948fa,0,0,[],0,[]
398,0xddc572ef78b58e906fe5c5fa404c2b1936ab366f,0,1,[{'id': '0xddc572ef78b58e906fe5c5fa404c2b1936ab366f'}],0,[]
399,0xddc58202f06fe1d3225a349e273b579bb3513416,0,0,[],0,[]
400,0xddc593e3ff4e7a29011ef1ac8648cc97cd3c07b4,0,0,[],0,[]
401,0xddc60d163015cf5ca1369d557a2ca1cc2de1f1e3,0,0,[],0,[]
402,0xddc61c16aaff5d845af2e5d4cba8a4a6ed04f94e,0,0,[],0,[]
403,0xddc648a89438a638222d7112d43a5c7f66b98594,0,0,[],0,[]
404,0xddc6877551f518f441a2a26efe74f8f91e60b1ee,0,0,[],0,[]
405,0xddc6c8e9564befb7a3975aa841ad2d339559f616,0,0,[],0,[]
406,0xddc6d695f0b2d48386efb2bd68c98ded67b00129,0,0,[],0,[]
407,0xddc6ee479a6decc38683c0296f941a505551048f,0,0,[],0,[]
408,0xddc7341512ff08c220b9019861e5eb986a36332e,0,0,[],0,[]
409,0xddc7736c0b10d520441a5bdf82af7d9ca611ce8f,0,0,[],0,[]
410,0xddc794157e1358b29149699376969b49f50c7a95,0,0,[],0,[]
411,0xddc7ba5c7b9d715ddb1f475ecb296ebcceece1ac,0,0,[],0,[]
412,0xddc7d04ad468fb228641ae62761cf6e6ebea6e1b,0,0,[],0,[]
413,0xddc7d45e20867a791d65b4b28526fb2a6ca3fbe8,0,0,[],0,[]
414,0xddc81d3b3a446f29b5b3880804cca173070da251,0,0,[],0,[]
415,0xddc8284f3fdf3e9dd6691c639eaffc5390710023,0,0,[],0,[]
416,0xddc837a42fa916d1738e16dc5e2fdb96896cbae4,0,0,[],0,[]
417,0xddc87d101797c8c125c83e2b7de755166ba6020f,0,0,[],0,[]
418,0xddc8eedd5026edd1b13687f8f96ad58d463712c2,0,0,[],0,[]
419,0xddc90183392ae76d29211740b79370417d35d0dd,0,0,[],0,[]
420,0xddc94d1faa32ae55b4b5be710c3d4d425b5b756e,0,0,[],0,[]
421,0xddc98cab1b40ccd3d48f9e315f468508954a79b2,0,0,[],0,[]
422,0xddca09f3ba6e2aa608da41284ff8d40bc9e7d3a8,0,0,[],0,[]
423,0xddca7dcee103aa6db4bea8277e04246eb1d972e5,0,0,[],0,[]
424,0xddca8ed0347fc7da0e224e4b6b89bb1079800a10,0,0,[],0,[]
425,0xddcaa00ef1576616cf609a66c3f78b06e4b4a5c6,0,0,[],0,[]
426,0xddcab0d0de206f427a9b445558a94a1619bf05f4,0,0,[],0,[]
427,0xddcab3b6414924e36a81eb4ea00baac11c37d02a,0,0,[],0,[]
428,0xddcb0b0d1ee877232a50069ed11ce68857b4e50a,0,0,[],0,[]
429,0xddcb1b25e5c88216bce9c4d94ffdf9f67d06dc74,0,0,[],0,[]
430,0xddcb278b1d29a321b9182556bc08c0c830408fa6,0,0,[],0,[]
431,0xddcb6d01c78c9293dc11f1a05aad0a191138a2af,0,0,[],0,[]
432,0xddcbba589d24799e071518ad6fe4f0da54be9f43,0,0,[],0,[]
433,0xddcbc087a5be7dfa7dd336615968dab6d08db4dd,0,0,[],0,[]
434,0xddcbc692bd0cd7a179d3c22ee5bc0d2bbddafa1b,0,0,[],0,[]
435,0xddcbd65ee783bef7fedd0821c23ae51da4087579,0,0,[],0,[]
436,0xddcbfb9c1d96e01a5293515d7589fac97d8677a8,0,0,[],0,[]
437,0xddcc02f622893b72dafe63bc76a193b60dcd5478,0,0,[],0,[]
438,0xddcc2e7612738b8a286a9b1e397d913a8bddc8ce,0,0,[],0,[]
439,0xddcc34454a8ac9624c8d5a41c60e5bf8a90e5cae,0,0,[],0,[]
440,0xddcc367da087e7e711ae9955a9574d0313d0922d,0,0,[],0,[]
441,0xddcc629c76f311d894b7c2953942a8652df2985d,0,0,[],0,[]
442,0xddccb9e63d084d480c1e3851639c97bc812c4142,0,0,[],0,[]
443,0xddcccc489a3dbaeca6ba9c42f9e5fa25b26165bd,0,0,[],0,[]
444,0xddcd054f82f820b3172ee7815f0ac7d89ebf2b51,0,0,[],0,[]
445,0xddcd27c12ef63c1f10797cf431b5ad5ce9fdfc7e,0,0,[],0,[]
446,0xddcd2ba55bd39304bddfb14fe37a2bc030835309,0,0,[],0,[]
447,0xddcd7685641ca45f29305f2d9f5708348cf75afd,0,0,[],0,[]
448,0xddce17f164a1b282e98b09c192d1af31aa05f6f6,0,0,[],0,[]
449,0xddce2a69fa1aad5727e936a76f28cba1812aeeba,0,0,[],0,[]
450,0xddce452d56429c895764836be02c53cf324239cb,0,0,[],0,[]
451,0xddcea09201f6bcdafd3abaeed4af5dc1d4381e90,0,0,[],0,[]
452,0xddcec6e96ca6e2aa46dbb544ec2b1ccf33fda3bc,0,0,[],0,[]
453,0xddcef81a997e6fb3cfede374db068bac52f26843,0,0,[],0,[]
454,0xddcf597e1ac08a400b26ddaba846ea7363c69c87,0,0,[],0,[]
455,0xddcfc5e03dca57bfc6c72d22ea35cbc36a044d79,0,0,[],0,[]
456,0xddcfc9a3e337f5a20bef28113119b3968df57f73,0,0,[],0,[]
457,0xddd023a69150b2b0e8e05c16dec3d3d647f9a643,0,0,[],0,[]
458,0xddd057b35ad5763d009049ab0f54f6117a71e60e,0,0,[],0,[]
459,0xddd09462be30d3af8cf782c9d15c7a223764cedb,0,0,[],0,[]
460,0xddd121fd1d8ae45962dff662fcc494a25ea3027b,0,0,[],0,[]
461,0xddd13bd7849f86b95c6b0243215dbd93f6e58bff,0,0,[],0,[]
462,0xddd14fa2dff0acfd5db8ef956fe0d10e939c5ed5,0,0,[],0,[]
463,0xddd1798f3570c4f38351a155f2e53e58d45c4932,0,0,[],0,[]
464,0xddd1b28efd27bc74803736840539d2aca0e0e682,0,0,[],0,[]
465,0xddd22a43633cb39009f17cbb61c9ba418a3ed49c,0,0,[],0,[]
466,0xddd2372f9efa84a3f0e22355261b7365a852714d,0,0,[],0,[]
467,0xddd2406743116040290b01f98086ba7223dc4b5d,0,0,[],0,[]
468,0xddd24fff56172a80a3fbf4197270ac8efc601465,0,0,[],0,[]
469,0xddd2cf551fb0c461051f03de36dfd8273b722493,0,0,[],0,[]
470,0xddd3152919286904247b9302fb796814dddb82b4,0,0,[],0,[]
471,0xddd3512ed0c786a3bc05568712400832a403bcf2,0,0,[],0,[]
472,0xddd358f39a6f8d562ac9eee2af13385a56fe78c5,0,0,[],0,[]
473,0xddd3724a260179d7f83c43c9d524e2c52491a7ce,0,0,[],0,[]
474,0xddd3ba6b757c8544d66d4875a0ded3784310b5ee,0,0,[],0,[]
475,0xddd3c2888dcf14832ecb32f2fa62459879c0194c,0,0,[],0,[]
476,0xddd3e00dd12c0fc96609b2b98e3911a8588d1ebd,0,0,[],0,[]
477,0xddd426b98bc7dd789587fb1ca43bf708ff2ddfa8,0,0,[],0,[]
478,0xddd4709e645882b92712d1930a385c8e45b62f56,0,0,[],0,[]
479,0xddd47b8417443f8ca8e074062798e29dec690a2b,0,0,[],0,[]
480,0xddd47f2127ac3b3491c0903165eb96db477aaaae,0,0,[],0,[]
481,0xddd4f824aafe70a33ecd7f530b92a643fe7165c4,0,0,[],0,[]
482,0xddd4fae8bb381bb1175d92d57a19386b004807e7,0,0,[],0,[]
483,0xddd526cae5539658ab7cbb1e624d744de897de6f,0,0,[],0,[]
484,0xddd56a5c481a2fda161a81928dea6d180a8665fb,0,0,[],0,[]
485,0xddd57db172efd27bfd906c321edfbdf562947b75,0,0,[],0,[]
486,0xddd57e13173e7fe308be839b6f415bc26586efa6,0,0,[],0,[]
487,0xddd5a99c7f6d4b8c9ee62fa1b003de4ab042d973,0,0,[],0,[]
488,0xddd5b0e21ff63ec8cfc1899f050338038cf591b6,0,0,[],0,[]
489,0xddd5dba55344ae5ac7a1c496884860ae79b90ed0,0,0,[],0,[]
490,0xddd5ee15a42da65f47b89c848d6f57326d059dd5,0,0,[],0,[]
491,0xddd5f1557ff492d0e172d7d834d3ebc5b3f987ae,0,0,[],0,[]
492,0xddd62f9ed7ef102dd0739832f134d54a8abdadea,0,0,[],0,[]
493,0xddd68719ffd97f80fd1a3ee35c6473baec1e149a,0,0,[],0,[]
494,0xddd69d8553f78832b19f4e61b0c7c5e9f79eca9a,0,0,[],0,[]
495,0xddd6f969da12da0347056b267fb99b147a2f862b,0,0,[],0,[]
496,0xddd7005beb64b94df90cc4aedf2ea1fd74c6f842,0,0,[],0,[]
497,0xddd7038c6d1e10d3c79a1f2a27651de45c4bf184,0,0,[],0,[]
498,0xddd75510088474ef48a12784a9ff689c0fb6a062,0,0,[],0,[]
499,0xddd810c6c9b31255e665b5a768d4673c6839302e,0,0,[],0,[]
500,0xddd8165310cc8d6d12ba38640b7df8121cd28e06,0,0,[],0,[]
501,0xddd8534aa8e15e4f95b1881a3eecd058736b8d1a,0,0,[],0,[]
502,0xddd865f4c7d587b40ff521c0710bac98812cecbe,0,0,[],0,[]
503,0xddd8924a95c101232f97f170c746315195619426,0,0,[],0,[]
504,0xddd8cff4056503fc40b7ecbeba41c4d11d9f64fa,0,0,[],0,[]
505,0xddd8e1d895347b415f25183fbe531f484e5ced17,0,0,[],0,[]
506,0xddd91ca0798ad4ced0363a1b522a9726bf232b47,0,0,[],0,[]
507,0xddd93c03a93711dd77da3cba42bf300f061c32a9,0,0,[],0,[]
508,0xddd9545bf70a4ba68e0afb94129945a23e3ec6e1,0,0,[],1,[]
509,0xddd9b65d689a3201551f50d2fd46daee8e314a94,0,0,[],0,[]
510,0xddda64344e1c98608c505159c22928b7aef3706c,0,0,[],0,[]
511,0xdddaa5035e6fd01ddb6c6a53b6d02b749fd05f34,0,0,[],0,[]
512,0xdddabac820f129ef2f27d371731cf90ea96fe06b,0,0,[],0,[]
513,0xdddad7cf1ac53a5bae90200b9db3bf1b7e5a9500,0,0,[],0,[]
514,0xdddad7d8df92ddda7ce4bd36e4eb37c12ee081a7,0,0,[],0,[]
515,0xdddae8dd0cf206f6a90345462bf8b259eb4c0879,0,0,[],0,[]
516,0xdddaf4f11f09faedd28bef91b69d5b46d035b7c3,0,0,[],0,[]
517,0xdddb1420a6d1d03be4f039648e8eed95004562f7,0,0,[],0,[]
518,0xdddb4a5ae819660a536d451a93848964d2ff79ef,0,0,[],0,[]
519,0xdddb502e99ffe6c0059b41969b2471e2c93b6502,0,0,[],0,[]
520,0xdddb6c0c4b0e874217ffa57e6da31aef16cd00ac,0,0,[],0,[]
521,0xdddb7d7d43d3050ca48a9652936a3a0f36f267c8,0,0,[],0,[]
522,0xdddb87932f1baf1d9a550ccf942004275779d722,0,0,[],0,[]
523,0xdddc32c4973cb59807a388854946660492a25d1c,0,0,[],0,[]
524,0xdddc60a7ac9d82fec51dc98a0b70c02be956f951,0,0,[],0,[]
525,0xdddc7016177077d2e5647ac64575a1f0e2d9782d,0,0,[],0,[]
526,0xdddc81148271c11a4989efa35d800126aafe2a01,0,0,[],0,[]
527,0xdddcb5df296bd5307d722b96baa830cd5a8463f1,0,0,[],0,[]
528,0xdddd086348b90658f7f78b6db0c1061f243d9441,0,0,[],0,[]
529,0xdddd48feec9fb279bdf24cdfcf8b041da52f5aa1,0,0,[],0,[]
530,0xdddd50830b0267e51220bc903ffe34df977df293,0,0,[],0,[]
531,0xdddd7c00395bd0aa0094196010306706341a6959,0,0,[],0,[]
532,0xdddda8d7746078df8b8fc94bc7fc44f2aa2e34a0,0,0,[],0,[]
533,0xddde496fcde32e48d44ecc2f7d8555eb2bd0834e,0,0,[],0,[]
534,0xddde5530b58986a1271ce23452456dce21f9c0a9,0,0,[],0,[]
535,0xddde5f3961adf3790c116aa3021ee893bc97716f,0,0,[],0,[]
536,0xdddf76b393bd310784b16d1cdb5374d44bea5e34,0,0,[],0,[]
537,0xdddf7ca1d81c450eb3c9b6ed4a4c8699f667ffa6,0,0,[],0,[]
538,0xdddf976c859fd2437dfd4b959341ac6c62e6f411,0,0,[],0,[]
539,0xdddfdd7694977daca879db4ef7fe73fb612bcde2,0,0,[],0,[]
540,0xdde047b55bf7c626a9a3012e15b8fabddb020349,0,0,[],0,[]
541,0xdde0552fe1656f9b7555a3d4e797e19116a6b008,0,0,[],0,[]
542,0xdde0844d13262823af632d124f213b602e3ee58a,0,0,[],0,[]
543,0xdde0a5662f96675c1955708b5ebd3207ebb9e137,0,0,[],0,[]
544,0xdde0a58af07cf4639eb4f942436b79301fc9d765,0,0,[],0,[]
545,0xdde0aae654cb0bb3776e46f1743d21108f3fe8d3,0,0,[],0,[]
546,0xdde0adb3b2c5320ff3e6e88efb654e6d7b6aeb01,0,0,[],0,[]
547,0xdde0b9c5375e33bd7719ec5c33da8c2ab0801917,0,0,[],0,[]
548,0xdde0f6392d6b650c1505d879a1f8411e908c9355,0,0,[],0,[]
549,0xdde0fbef5d50027c621ff42e008017c6690ad148,0,0,[],0,[]
550,0xdde100c308ae2e1e8be4bbbc22ca328b62848946,0,0,[],0,[]
551,0xdde155c38f1c3fef7866bbf1f96783188d1bd88a,0,0,[],0,[]
552,0xdde1609f3292243b2f4903f1ea102a3bab6242fb,0,0,[],0,[]
553,0xdde1a7df73a7e7c61a91e90a6735b6f021e28c6a,0,0,[],0,[]
554,0xdde1b9680236f51ec981d1e9ede589bff9d68090,0,0,[],0,[]
555,0xdde1e50cc70f5cffddb81d12c5239486044e98ae,0,0,[],0,[]
556,0xdde205c6f428febf17e524cf2ac9bfbd92bf89e5,0,0,[],0,[]
557,0xdde20d95d5eaa2b9defc2a83b806c15c34077395,0,0,[],0,[]
558,0xdde247944d10f4796e592a789ea9475d14453bd6,0,0,[],0,[]
559,0xdde2549b63432ff2718d7d88e3e93cb949026c0a,0,0,[],0,[]
560,0xdde2a0d1dd2ab503495850dace7f74294e801415,0,0,[],0,[]
561,0xdde2c4a31ce85cdbcc7e43a573ce15faabd67b92,0,0,[],0,[]
562,0xdde346eaecec99ff62b8454fbd721593d40e2fbc,0,0,[],0,[]
563,0xdde38d842edafd9c938b145281f6e0a19e7f339a,0,0,[],0,[]
564,0xdde39a0150a5fb4a92cf2936d5c5428687335a15,0,0,[],0,[]
565,0xdde3bd5dcf23705ad866922e5020cafc2da9543e,0,0,[],0,[]
566,0xdde3e2024e270d6022d1bb4e8745e9dc6d82e0bc,0,0,[],0,[]
567,0xdde446a1af6657a93a233eb03f40aaf2abbb5887,0,0,[],0,[]
568,0xdde45c1fb40a3aee97d68c68b2cfc3ff3e37b593,0,0,[],0,[]
569,0xdde4870f212c4e57fd90c29acc83c7a21b002fba,0,0,[],0,[]
570,0xdde4c33aabfdd86c04d0340bf0673b24ff2ff7fe,0,0,[],0,[]
571,0xdde4f3bc30751b5bba6e4870bb3f59a84def3582,0,0,[],0,[]
572,0xdde50770cbba91832bdadf7a1628899f4ebce7d5,0,0,[],0,[]
573,0xdde53041e851f309044612157cee45cb1d678658,0,0,[],0,[]
574,0xdde54d4ef8a1dfe5eefcebf8ac134f5db63834d0,0,0,[],0,[]
575,0xdde5908d49614b006fb8a15664c34e301d29acda,0,0,[],0,[]
576,0xdde5d1b3ca4011460d21f8e0a2f848358ef62f8c,0,0,[],0,[]
577,0xdde5ea65117d41b76c6638511fbec74985121597,0,0,[],0,[]
578,0xdde5eaee359e3bf60198ae6464aaee9709645442,0,0,[],0,[]
579,0xdde614b2f1be511dac925ab2fb2d682254238431,0,0,[],0,[]
580,0xdde63258474d1f40747ce615aa81199555769bee,0,0,[],0,[]
581,0xdde67e15f2b1b5aa31b71385461f34e8ce57a49a,0,0,[],0,[]
582,0xdde692157a52d429c46315de212269f91ccd096f,0,0,[],0,[]
583,0xdde6a93737e22e8aaedf5ad2c1635ecc2dbede37,0,0,[],0,[]
584,0xdde6b949c5849ad025a9803a5a3f4dfd8ba60817,0,0,[],0,[]
585,0xdde6bfaf80f08afda7696d3c366058854bcf3a74,0,0,[],0,[]
586,0xdde6dc69b86ce5e2e06b1cfd60a18d030fd49e92,0,0,[],0,[]
587,0xdde6e235865b4ed43d8f12f3dedbfdb70bf82d9f,0,0,[],0,[]
588,0xdde6f75fdd35d553be0bab9212fa51b5693ef74c,0,0,[],0,[]
589,0xdde6f8a4e8c440420301f0711dcce8693c556448,0,0,[],0,[]
590,0xdde73a730a29f6e587487a33421950e769f70b8f,0,0,[],0,[]
591,0xdde74556bac765fe84596a2a1aee0567bb8fa574,0,0,[],0,[]
592,0xdde754c51a6a7ba464d3dd14b27c3525bb0e3dfd,0,0,[],0,[]
593,0xdde7b1103d7bb19982ef9c6d9a348a0c0ea7e132,0,0,[],0,[]
594,0xdde810906c0ad357f1ea24cfc025ecd6d936bd7a,0,0,[],0,[]
595,0xdde86fb56b81bd4cf1f3c410fd12c77b9a74267b,0,0,[],0,[]
596,0xdde8c6d6ae3838bc341fd511a44a79f6a9ce44ef,0,0,[],0,[]
597,0xdde8c902bfe9dc825af5f968a75f04f3e4e7582c,0,0,[],0,[]
598,0xdde8ee171e602923b660b13a5539cb87b4ff0ebc,0,0,[],0,[]
599,0xdde8fcb76e0796b6d2f2ffa450573f02bb32ff4c,0,0,[],0,[]
600,0xdde9410ceb866803dc082a41a76816fec3ec5518,0,0,[],0,[]
601,0xdde9650cb37c6a462d6bef99712b899173b5c789,0,0,[],0,[]
602,0xdde9920f1b23da3664347cdb2cc615abeac98ea2,0,0,[],0,[]
603,0xdde99d62a59d31afd2d0c1fed7658563ee1744bc,0,0,[],0,[]
604,0xdde9a9d99398d81f87b63ebb8f7dd92339018ae1,0,0,[],0,[]
605,0xdde9c12718217f792228ac1ce4c4a04a92b15735,0,0,[],0,[]
606,0xddea4bf690fb42091e1416041ade4109a10e919f,0,0,[],0,[]
607,0xddea986bf1afc02dc7e687de082a9977955dcfde,0,0,[],0,[]
608,0xddeaaac4a8a40f459add1e4d230df755a0ed77a1,0,0,[],0,[]
609,0xddeac01b0074267d0730d5ab823e7b03345f9da7,0,0,[],0,[]
610,0xddeac3935c84936cfbb8062211892f4055613c7b,0,0,[],0,[]
611,0xddeac5568c69a0e573c7630851b2e18563f31b13,0,0,[],0,[]
612,0xddeb45dfa899253b5fe8d5b6a434826f88eec641,0,0,[],0,[]
613,0xddeb8000acb2feab4c0e34fa2f519a17a647cced,0,0,[],0,[]
614,0xddebeefe627bf39913a840514888d73e838530f1,0,0,[],0,[]
615,0xddebfee7be413334a4bedf509b8dcf764d660bbe,0,0,[],0,[]
616,0xddec094a89a7c69593e15a7873e29b8f05604623,0,0,[],0,[]
617,0xddec11096a9c074a60a41d23e0be3f54c07c36ea,0,0,[],0,[]
618,0xddec5046256e5f887aa374fcb8d6fe3e93a861ab,0,0,[],0,[]
619,0xddec688fc9be8e14fd39495b2d0fd0840b8a2932,0,0,[],0,[]
620,0xddecd1022c0d4bc3d8d5dff6d50904d7753b885a,0,0,[],0,[]
621,0xddecf9cb595dee34e51cbbde7cdf32526a73035e,0,1,[{'id': '0xddecf9cb595dee34e51cbbde7cdf32526a73035e'}],0,[]
622,0xdded0b36828c4d2ca8338a8bd500a4ea35698e59,0,0,[],0,[]
623,0xdded1f1f8c73cae4e41c61a21eb1aa75c1222079,0,0,[],0,[]
624,0xdded20ceb125fb41ff659da46d9c63d2baee3604,0,0,[],0,[]
625,0xdded4b2633a9e0786d50052e3435113182070ed1,0,0,[],0,[]
626,0xdded59699321ab40a63765e19718bdc4dc55e7b1,0,0,[],0,[]
627,0xdded635405cb32e37d7ac0e37c0a63b50cf6a757,0,0,[],0,[]
628,0xdded7ef55d526c348146ae04beb3daa3c0429c32,0,0,[],0,[]
629,0xddedfd46f2d3cdf92ebe1306c58ac24843727f85,0,0,[],0,[]
630,0xddee14d005af0e0d4a0413d65934cd14dff8480e,0,0,[],0,[]
631,0xddee77f2174fc96d09549da11b3a9b90d5a8ae56,0,0,[],0,[]
632,0xddef50d4d5845174fc95c79b013c36f156a4b1e0,0,0,[],0,[]
633,0xddef7324ebc01e3a5d7be51f41e509ff7be8edc5,0,0,[],0,[]
634,0xddef833a7c8f70e21638d34480796e8f26408bad,0,0,[],0,[]
635,0xddefcb971237fb0c3e657801cfe86d2ba316efda,0,0,[],0,[]
636,0xddefdb2d09447c9979a27f6c7f7c2d2ec315961a,0,0,[],0,[]
637,0xddeff45e3b853399fb8903f4d87a4a64f59ab8af,0,0,[],0,[]
638,0xddeff7faf11aa2b009b0e3f0eb5815c94f1a8b7c,0,0,[],0,[]
639,0xddf026cc529c73d93f3cf4713782a758f8a8bf19,0,0,[],0,[]
640,0xddf0524510d6d802c3e9b0740d48cf893425664d,0,0,[],0,[]
641,0xddf07bf470a2c011be137ed53eee37f0524e0b38,0,0,[],0,[]
642,0xddf0aeb2c79f9e472e11f2a1756e50d3cec652ca,0,0,[],0,[]
643,0xddf0d4b143d1ed385ff8c41b09cbef569f2619d5,0,0,[],0,[]
644,0xddf0fd426dd71b091b18db61a55f4e3d4c14e25a,0,0,[],0,[]
645,0xddf0fffb77f4b50ada36c747aee8f45dd437e717,0,0,[],0,[]
646,0xddf13592b7e76c9bdda9546415b7b133a64c6321,0,0,[],0,[]
647,0xddf164687a14efd0025d1128b5060dcfdb700b29,0,0,[],0,[]
648,0xddf1e32c2726fd1b4989c69a77661bfb393be3d1,0,0,[],0,[]
649,0xddf1f517997672f1be3e78c546a3bf9e45218135,0,0,[],0,[]
650,0xddf20bc4de0e3328fbcc0204bcde98d1d11a5184,0,0,[],0,[]
651,0xddf220e5ced46442b89161978504f220b1170a81,0,0,[],0,[]
652,0xddf2bd305b334ee4aa8e27481db525338c87da5f,0,0,[],0,[]
653,0xddf2ccb7e563e73d155b30cafa0ddc325900436b,0,0,[],0,[]
654,0xddf2dee6cca049cc191b7cea667aa2d826f366a5,0,0,[],0,[]
655,0xddf2f4f43800c34a2822e2e74d1823948e5e2da1,0,0,[],0,[]
656,0xddf3580b4e55c269dec94b4510af4de7ac5251c9,0,0,[],0,[]
657,0xddf39322a23ed21d6c2f72f07eec9da9493d142b,0,0,[],0,[]
658,0xddf3b917d3c06590afdc2ae283f5ce8cd60e8c8f,0,0,[],0,[]
659,0xddf3fa3540631c76b14beb53b2d7204f8a8a2c2d,0,0,[],0,[]
660,0xddf3fea57ed5f3f81eaf3812ca624aba391c9c9e,0,0,[],0,[]
661,0xddf4271425cfd7796cbf8871007ed31df1da1756,0,0,[],0,[]
662,0xddf4433f004acce1edeab1e01fec8f21c8513e68,0,0,[],0,[]
663,0xddf466302a3c04ba3601bf9a8ec3119bc9b940f7,0,0,[],0,[]
664,0xddf47aa7b1e27bd29c1f9fa2e71922bc6904ede2,0,0,[],0,[]
665,0xddf48f72fcd0627bf7b279bc636b62aceba76325,0,0,[],0,[]
666,0xddf4918fbd6afd246d10e89d0e63721aa390a5fc,0,0,[],0,[]
667,0xddf4ad14f9650668c504121926eb864f3d397b59,0,0,[],0,[]
668,0xddf4b1bd0e3a9e3b3775dd6a1d25cfbc39710c72,0,0,[],0,[]
669,0xddf4c27b318c62d26272aa1d1d5ba8be140e8ee2,0,0,[],0,[]
670,0xddf4f5c1f12b241f141c354b184ce7621a3492f0,0,0,[],0,[]
671,0xddf509dc23468530e860caa2ece5d0cfd3bb0cc2,0,0,[],1,[]
672,0xddf55f11c962661b0e596169fd789a79c12f2058,0,0,[],0,[]
673,0xddf55f14ad329643ad02c198701ec50959c84302,0,0,[],0,[]
674,0xddf56cbb493f71ecb1089d66c25a5b0dfd1f6076,0,0,[],0,[]
675,0xddf5761b563897ee18d951e4298ffdcc5c154a07,0,0,[],0,[]
676,0xddf5865c06a8392b89b7764a965555748a2aa71c,0,0,[],0,[]
677,0xddf58d6e2638ce15724fc2c067aefbf0a6038227,0,0,[],0,[]
678,0xddf5c7709e976420eaf9d1d810084c756e64cde3,0,0,[],0,[]
679,0xddf5f5875bdc955c5dfa5dfff00a3727e4709e09,0,0,[],0,[]
680,0xddf6670b5eae01ce0679b6533cdc2f24cf1312b6,0,0,[],0,[]
681,0xddf66e34a883ca30dae89634524d384887b8c9fc,0,0,[],0,[]
682,0xddf67da199cdbdbab566d6f202e17dcda3397fc0,0,0,[],0,[]
683,0xddf6d3b436e95a1af5098d0ea8231c8fb83b1311,0,0,[],0,[]
684,0xddf700a00c6eca0517a02db04f17fd8ccf2d0487,0,0,[],0,[]
685,0xddf7109a3799595dd15705bba6228ce5b7000b5a,0,0,[],0,[]
686,0xddf7ddca7cc7d5512d0b2405263447a0fdc91af7,0,0,[],0,[]
687,0xddf80adf49cb5c99f744772cc2b27bf5b5778cf8,0,0,[],0,[]
688,0xddf81a84471ae6ac88638452f1ae66d6efb0e5e4,0,0,[],0,[]
689,0xddf8741dad8d6a0712755f2df3c802e80e573f4a,0,0,[],0,[]
690,0xddf877309bd1ece92d4aec5e4aa74b87f66c9dd3,0,0,[],0,[]
691,0xddf882567fa47b791ef7c158db385ddd165b98c4,0,0,[],0,[]
692,0xddf8c6d2b4fdf82b0db8ed0c893b6b6985f01210,0,0,[],0,[]
693,0xddf8c996839aee93865420760d0df1ef0ef18a2e,0,0,[],0,[]
694,0xddf8f7c6a06ca57bd20998bef8d62e13cf5417f4,0,0,[],0,[]
695,0xddf8ff84dbcaad55e78d60f1c46a5e4eab6ec8cf,0,0,[],0,[]
696,0xddf94fa68741cd2c2ed376e1082b9dfb38757754,0,0,[],0,[]
697,0xddf97694ebdd47fe19736e33f851559d7b4b2207,0,0,[],0,[]
698,0xddf992f30378e4ba499241ba765035f064d1dfc6,0,0,[],0,[]
699,0xddf9a07836caee5bb79c6cd97ca6fae94b8e6d56,0,0,[],0,[]
700,0xddf9ccfbc7063ec1016ff5c1ad579ba3db72d76d,0,0,[],0,[]
701,0xddf9db2b27f563629ce2550b3b30a129d4eae88d,0,0,[],0,[]
702,0xddf9f2e1f6486c744596dae980ed85b720fc3202,0,0,[],0,[]
703,0xddfa13947ce7e9930441e479c649ea7d41688c1e,0,0,[],0,[]
704,0xddfa52349350144d306af9b7bd69b3e9594b6a4b,0,0,[],0,[]
705,0xddfa80e43a92be1a99c59ca98bceba70ac515538,0,0,[],0,[]
706,0xddfa90a7a181548238563c9ead542bbe9ba58afa,0,0,[],0,[]
707,0xddfa95dfb378d271abb3d092e9755eaa75ab62ef,0,0,[],0,[]
708,0xddfab079b4189b63361a40d04c6c445d415c4da3,0,0,[],0,[]
709,0xddfabcdc4d8ffc6d5beaf154f18b778f892a0740,0,0,[],0,[]
710,0xddfb0bd5f48c2cbf0690b3e2386c5ce5b5fb8a34,0,0,[],0,[]
711,0xddfb156eda580be83a5fd58d05df79cc141ab56c,0,0,[],0,[]
712,0xddfb33dab1b1ee9b68485bbf489f8c369066ea0c,0,0,[],0,[]
713,0xddfba3c64430f3bc81ddaded533cf92376fe8af5,0,0,[],0,[]
714,0xddfba85f1967fed7b71bbe9459063139d795deab,0,0,[],0,[]
715,0xddfbaf93ed5056ff616f6b56c56f901eda4b8bed,0,0,[],0,[]
716,0xddfbb49be751ece8f8995bc8c3652f792e680357,0,0,[],0,[]
717,0xddfbd06c25dbb32c005f740dd9d84ae9e2d3bd87,0,0,[],0,[]
718,0xddfbd575a4142a0372345c376fa9efb3bc1d114c,0,0,[],0,[]
719,0xddfbe93f1db89b9a7a1921b16ce2af272ddbdb85,0,0,[],0,[]
720,0xddfbfd443ecd71dea4bfdaa171d8f4cf09a631f5,0,0,[],0,[]
721,0xddfc2e10702d8a781727a34d83b3bb3ca94a3e91,0,0,[],0,[]
722,0xddfc9e21a389bf8ef1a6dbbab507d773c055cbb2,0,0,[],0,[]
723,0xddfcdd4530ab4eccebac3494a7b546c4658a0b1f,0,0,[],0,[]
724,0xddfce04246b3806037c822ac6384298464f101d1,0,0,[],0,[]
725,0xddfced9bd60b84d62dd3f9f93b173e662bd49227,0,0,[],0,[]
726,0xddfd07cbb255fa8fffa6a7320dc70f7db4d96a29,0,0,[],5,[]
727,0xddfd3fd76f1430cb0422b05e43bb9514ea96d4df,0,0,[],0,[]
728,0xddfd4239848379962c8e535b4406640bb0ca0f6e,0,0,[],0,[]
729,0xddfd7a1d42e992d81b67fe5b17b22deb34287d7b,0,0,[],0,[]
730,0xddfd8542eafe8b7b7f74e58223ce930d9ffe6066,0,0,[],0,[]
731,0xddfdbe64cbcbb881fc7a8d89153258e17c25bf9e,0,0,[],0,[]
732,0xddfe3f378b507b728b41e6b32882e9ed8f4f30cd,0,0,[],0,[]
733,0xddfe74f671f6546f49a6d20909999cfe5f09ad78,0,0,[],0,[]
734,0xddfe8bebc69d12c3b780eb23e8e4e9e876f2db75,0,0,[],0,[]
735,0xddfefe830289fa7a342ae39a0e532d939a8ca36c,0,0,[],0,[]
736,0xddff0fc14c7db609397446eb1b1ab777d8d01a06,0,0,[],0,[]
737,0xddff177914861fbca512a927dc5ba7a58b2361ea,0,0,[],0,[]
738,0xddff43d281e8a2a7d18493cdcfe648bc5380ef06,0,0,[],0,[]
739,0xddff7b209be7f64e1c33da7b0a5a034a96fa1dc3,0,0,[],0,[]
740,0xddff7bb78d23beb29a764e56fe66e1c1c3f49d87,0,0,[],0,[]
741,0xddff7ee06e76b2b3123073ac9ce7a63888d86574,0,0,[],0,[]
742,0xddff905760e16cb97689ab7ad6c80c27764ee84a,0,0,[],0,[]
743,0xddfff0646276353e1ddfda1579a773a414a072d9,0,0,[],0,[]
744,0xddfff834c0336d744d4386d4dab5eff11aa457fe,0,0,[],0,[]
745,0xde0055935f5aa7e57cdffb42d1a43a9452e7be85,0,0,[],0,[]
746,0xde0076072729b272ce982118cfe931ab67c2172f,0,0,[],0,[]
747,0xde007ca008a0690949fe8145e597ed811d1eaa5c,0,0,[],0,[]
748,0xde008e635489dd84e4a3cc6388013047133e47d2,0,0,[],0,[]
749,0xde00aa2145116c50e43e2afb60652e6b2e38fe11,0,0,[],0,[]
750,0xde00bc7fdaa4f12eeff05c7f24b939705ebfd125,0,0,[],0,[]
751,0xde00ca79e8d399d34ad191bf418e20807384ce24,0,0,[],0,[]
752,0xde010b12eeb56330d1827b805298d25671393184,0,0,[],0,[]
753,0xde010eb4aa3bb5e5dad385dad1c46700d23143d1,0,0,[],0,[]
754,0xde0158252f90abf8df7d5e775f3e503df82e389c,0,0,[],0,[]
755,0xde0180976c1687eabd8b6a894361cf258fd1a06e,0,0,[],0,[]
756,0xde018b44603b383d738bd66e1e1a0980de936ea4,0,0,[],0,[]
757,0xde01a397efe1adc4c583f13a8f125995b8484862,0,0,[],0,[]
758,0xde01e45514d0e90fdbe95cdd8b8127120fd6f84e,0,0,[],0,[]
759,0xde01f49b8d46069c1a0f83f59ef881e9f5623461,0,0,[],0,[]
760,0xde01febc1c8c75922ae3c1dc80313d55027fef43,0,0,[],0,[]
761,0xde020bcda9e42321690ef4e8d0e3d55d827b2382,0,0,[],0,[]
762,0xde0219b55b26c2d1c5a0a8cc8fcd3977a45d662d,0,0,[],0,[]
763,0xde023e30e08883023e2145a0cb580e16946eae67,0,0,[],0,[]
764,0xde0244c414bdf81dc6d48b97b39af4682f9b7990,0,0,[],0,[]
765,0xde026f43578568eb94b304fd0c805cd7d741c7f0,0,0,[],0,[]
766,0xde0270403f371d2ffea6b263159162bb13101d39,0,0,[],0,[]
767,0xde02ad4b090f0fc3b530b14cc56a7f501d165f0b,0,0,[],0,[]
768,0xde0310b921726f0f3c143b9819b3444ce0fedc07,0,0,[],0,[]
769,0xde031fdf20426b267fc0b49875e4dbeb53fbad65,0,0,[],0,[]
770,0xde034eb2d54a5ae00624e4ab7001ceef9a82fa64,0,0,[],0,[]
771,0xde03a0c3d193c0700188a5f1989adb5f7d2ff21c,0,0,[],0,[]
772,0xde03a9744d2030bd2236f4a03646a2be9a2e4775,0,0,[],0,[]
773,0xde03c316c5aa1870ec2eff8ca6da9efc4221e119,0,0,[],0,[]
774,0xde03ffafa4a0de3572f2f7475b929196b3ef6ca7,0,0,[],0,[]
775,0xde040621255e49bcb28e40449b8f84944958b4b9,0,0,[],0,[]
776,0xde046fc4ca303da5fb64605f2d758667c2c8dc1e,0,0,[],0,[]
777,0xde04c523aa384561d20fac0da78946e37202168d,0,0,[],0,[]
778,0xde054854d387fced487bf474b39b5a38c9cc6661,0,0,[],0,[]
779,0xde05590a1501d5be45cf52ef591ef1b6d8e2fb62,0,0,[],0,[]
780,0xde05af3bea134c57edc9682be9ac5874baef056a,0,0,[],0,[]
781,0xde05b6910eef37f7a20dcf85c6840cef02587bfc,0,0,[],0,[]
782,0xde05eb457ee512171cd6884bd083c16a1547914a,0,0,[],0,[]
783,0xde069fa2857d4b0b0f2e548aba8a2ef07ac05950,0,0,[],0,[]
784,0xde06f1bc25db62aa766cb947e603336170fe9412,0,0,[],0,[]
785,0xde073aa55eca0b7bf0f81cb84eda7fc5e20617db,0,0,[],0,[]
786,0xde074b133545dd7bec3a7cc9a73d74457b07c466,0,0,[],0,[]
787,0xde074d75ef05c8e3e305b673c723aadd78ec25f6,0,0,[],0,[]
788,0xde07a5a655d5bd2b9b5e01e509fdb60ada9984bd,0,0,[],0,[]
789,0xde083694e680070a46234d1f2efe2155246b49f3,0,0,[],0,[]
790,0xde0837764a82e2e7e4f1f0ad53ef301dbce58ae8,0,0,[],0,[]
791,0xde0842b8651bd111087b765b68f097e9dd8fe819,0,0,[],0,[]
792,0xde084a930558b4c03b3fc54525b3fd9db5a1c48e,0,0,[],0,[]
793,0xde086d81ccf9471debb3fa504c304b6c1074325b,0,0,[],0,[]
794,0xde086df97c08cacfc119715e157f1f05106beafe,0,0,[],0,[]
795,0xde088578ff094687800b15635e92a441a5082ab8,0,0,[],0,[]
796,0xde088936a8ca2c93c1e734caca3ce34653ab3a9b,0,0,[],0,[]
797,0xde08b96895c99f9983c631f7a9b7d504bebeeb94,0,0,[],0,[]
798,0xde08ea2932d3c87c8e2fa9529d1df51c7b93c8d4,0,0,[],0,[]
799,0xde08f6cc3cb2937a0d515ec6fcd0e41d29a9c51c,0,0,[],0,[]
800,0xde08faecab6cdabe359ad87779955f3ae190fcde,0,0,[],0,[]
801,0xde090c7a64eaffc427679a262a22299717e5ffff,0,0,[],0,[]
802,0xde0921b103face983a2abe226977f7f79b53f7e1,0,0,[],0,[]
803,0xde093a3a2dd83c354aff89b29233e82b0d5ec066,0,0,[],0,[]
804,0xde0986012c1ec656f5bf796cf3562e49ccd6bae9,0,0,[],0,[]
805,0xde09a754c1bb5385bb7abd040fc75d9e84a16cbe,0,0,[],0,[]
806,0xde09c42f4946b4fc2336a5cc7ddb8645e05d8aa8,0,0,[],0,[]
807,0xde09d7184fdfd62120173dd82913464ed3514ce0,0,0,[],0,[]
808,0xde09e48ec3e1ef54861b824cd3a2067111b601a7,0,0,[],0,[]
809,0xde0a1ed8306dacd2353a1bf69eb538d28fef893c,0,0,[],0,[]
810,0xde0a25f3437ac0ec33c8d42b4cfffb45669a2c01,0,0,[],0,[]
811,0xde0a40000291990a2a2cf07cc70bc2cf60325446,0,0,[],0,[]
812,0xde0a7f36862d8feb508b98cdb06888db17023e25,0,0,[],0,[]
813,0xde0a7f85115bd2c3759590dd58dd7634a7f8e89a,0,0,[],0,[]
814,0xde0aae56fdf4e8c025c4f236b86fc4e24e1850a2,0,0,[],0,[]
815,0xde0af3d56d9f83513858a31b37b737fc975a1a1d,0,0,[],0,[]
816,0xde0b0a55e3a89bb6885ef26edcaa2f6f9aee195f,0,0,[],0,[]
817,0xde0b1140976dac0a9c7534eb030c54e6386c5964,0,0,[],0,[]
818,0xde0b2980ada5326a6ba42c8dc6b68612437b7214,0,0,[],0,[]
819,0xde0b42917e2f8eeb12a003de44005215ba69c4ec,0,0,[],0,[]
820,0xde0b624b5c9b5494c9153dcc5ad05adc457f6a77,0,0,[],0,[]
821,0xde0b9c04571ff7f24c8e6a179a666cd89a1b6be3,0,0,[],0,[]
822,0xde0bb409cf4181f5bc7ce629d1f9c71d627f2dbb,0,0,[],0,[]
823,0xde0c0d7a688c705c4c8e694995f8d10fa79dd091,0,0,[],0,[]
824,0xde0c670446dd8f69f76caa1ac8e84d7540b0324d,0,0,[],0,[]
825,0xde0c677da75dcbc80a7ed05f96edaa05632d3e45,0,0,[],0,[]
826,0xde0c752780e3e06b8164a57d8d417e216c59bde8,0,0,[],0,[]
827,0xde0cbd5df89bb67ab804db21e9b931bad4200392,0,0,[],0,[]
828,0xde0d31c856413537f9360c303b51e984fd8c0629,0,0,[],0,[]
829,0xde0d91719a8c31eaecba6d8faa305bb3f170eb6f,0,0,[],0,[]
830,0xde0d9414150d8905834388cb02345a3dfe357e8e,0,0,[],0,[]
831,0xde0dbb07bd6b901cb27921f8dbc0dca1f8579134,0,0,[],0,[]
832,0xde0dcf940fc9f358db989efafc8e1de7c172255c,0,0,[],0,[]
833,0xde0dd98edd62da57a1907f07edfcd112f1e51763,0,0,[],0,[]
834,0xde0e33db73c971b307d56765474ca5fd63e38c21,0,0,[],0,[]
835,0xde0e44afadb29dce40f82f233e8a89d76ed008b4,0,0,[],0,[]
836,0xde0e97d113545b473f191b7b7ea5d580d73edc02,0,0,[],0,[]
837,0xde0edf9e8635f34db4af0a0fb49153f48fdc09b9,0,0,[],0,[]
838,0xde0f2f51f07a9963038e125e061b9aa74e05b95d,0,0,[],0,[]
839,0xde0f56b3568f2d797801c1604e7c3adf44e58f6a,0,0,[],0,[]
840,0xde0f71a778473c79198ec9407fa85aadae8fda33,0,0,[],0,[]
841,0xde10091bd2d28cf09c4ce0ee4d88d39da7017691,0,0,[],0,[]
842,0xde10245d37c5454eb3b26f850a926737628f4fc1,0,0,[],0,[]
843,0xde102ec39c1e05f8f35c2df2f65bbf0c51b4fe66,0,0,[],0,[]
844,0xde1089b1474fdb657072e0a8e985da6d05b86169,0,0,[],0,[]
845,0xde10cdd88852063108a7377c5a38f08f7483f152,0,0,[],0,[]
846,0xde110590ddcb84c4f57099068846660c1f62c9ce,0,0,[],0,[]
847,0xde111bee84d753e200ea881bbe41b9cc3a21b2df,0,0,[],0,[]
848,0xde113716ef01e5812b396a368d609df56da2a64a,0,0,[],0,[]
849,0xde1146bfeac730c41b5378e68c8499d5c82535fa,0,0,[],0,[]
850,0xde11659e68e180e4fd8189cd1596cf82c397bc35,0,0,[],0,[]
851,0xde117a98a6909b3d83111920b8ec9269e77c8146,0,0,[],0,[]
852,0xde119de025e6be7a61969fd4b0f312d8a67ec47c,0,0,[],0,[]
853,0xde11b61b17c516d95709ffaf0787f0a01461999c,0,0,[],0,[]
854,0xde11c379d195b97166768b52eb1f501bea97cd85,0,0,[],0,[]
855,0xde121fbb55a71c3c50dc3aad13a7a6fdb1c49757,0,0,[],0,[]
856,0xde1228c2df71639e787557d740dbb55fadbba2a8,0,0,[],0,[]
857,0xde122ae193f46d67c239ae0c7dae644f9931a772,0,0,[],0,[]
858,0xde122c427504c26e6ab8f89cccd6948f7b344414,0,0,[],0,[]
859,0xde124a1fd5681c81cea896c25c2a9aed89419aa2,0,0,[],0,[]
860,0xde132e547a6b88070cb29ba2b942160375a27334,0,0,[],0,[]
861,0xde13b098db4a0990668149bdc56a9ad09cb207e6,0,0,[],0,[]
862,0xde13cfe165468f5725667a5f7de78ba702f88449,0,0,[],0,[]
863,0xde13e3046d8108249bdf9df96e36b3ef5e8e3e9f,0,0,[],0,[]
864,0xde13e55d9572c7c8875ea6fcc623d44dac22eb91,0,0,[],0,[]
865,0xde13ea4cdeeff27949c6a522aa254e12d4b5f7a1,0,0,[],0,[]
866,0xde13f425332b3004fd07e737447f485d5480f296,0,0,[],0,[]
867,0xde142469e18dc9c7a7c0558bd859ae0ee1a94ed5,0,0,[],0,[]
868,0xde145f934f7e0f30f412a33a69cd089f57cec3b8,0,0,[],0,[]
869,0xde146f1b0b50bd3458a891c7c96d7dc21e42c0be,0,0,[],0,[]
870,0xde1488fe04f93d0116fe4c08f0eedbc45ab64f61,0,0,[],0,[]
871,0xde14d9d5cf0bf6c51ba74b1327cfd7858c0880e8,0,0,[],0,[]
872,0xde14e6aadff24cb54fbd8c9241cbae62957dfe67,0,0,[],0,[]
873,0xde155e07aaeb301279df309313738e6876cec8b1,0,0,[],0,[]
874,0xde155e44bcf434f15d19a023c00745ce09411d2a,0,0,[],0,[]
875,0xde156801873a55830eaba85da7365c1a00017579,0,0,[],0,[]
876,0xde157c4bc2ff7335afc6e860ed72414e6fe90c4c,0,0,[],0,[]
877,0xde1597351b824abd31923a1e4eb260b5f2a8a2a5,0,0,[],0,[]
878,0xde15cbefb1a279c4f7a37278b3d269687fd6da3e,0,0,[],0,[]
879,0xde15d5f01445b4899637fd51a2659da0bcc9dd56,0,0,[],0,[]
880,0xde1608b96d148ab01d725a000f3149fa3616aca2,0,0,[],0,[]
881,0xde1612263a54a585844a7cc99d7ef55e8357e1d4,0,0,[],0,[]
882,0xde16341c58426a16685d13a881f935eb5b3b3cbd,0,0,[],0,[]
883,0xde163b20a4783e82af6989e28a86f7084391aa7b,0,0,[],0,[]
884,0xde1643dd7c1177b30d5601e1d36b7037d08389dc,0,0,[],0,[]
885,0xde1694888891431edf335e3ddf2927ab2d19c0b4,0,0,[],0,[]
886,0xde16b8c1c2475fcc80ba7ace4f9f9434e9f5a203,0,0,[],0,[]
887,0xde16f4c2dcfe411e6e5d698a5befb40663d0c255,0,0,[],0,[]
888,0xde177e8e83e05ef46f49482e48b2fdf9e90af540,0,0,[],0,[]
889,0xde1796c2926a604ddb4be02517d84eaa5a11e99c,0,0,[],0,[]
890,0xde179b7ad39631b16fed73090c18e3f4ea82592f,0,0,[],0,[]
891,0xde17b2aa45b2b8053c2c8db5ef6720757c883911,0,0,[],0,[]
892,0xde17b7309be335bfd07e6f18d5fd539b02b97a67,0,0,[],0,[]
893,0xde17c891cc277f87c2661c1b008b043d94edfb21,0,0,[],0,[]
894,0xde17df9c520b31c6cebca36e11feaea0feab9716,0,0,[],0,[]
895,0xde18a9ccb1eeacadf638a8aea1ca0bb8f79be224,0,0,[],0,[]
896,0xde18eade7b3b69b637cee8ea4b0d36ab6cc6d243,0,0,[],0,[]
897,0xde1912b3696b97c984c38d4ca3555354a3017b48,0,0,[],0,[]
898,0xde192c6eec40ecd28af54aebcb3ec355bb85456d,0,0,[],0,[]
899,0xde1967eb26d8feb123999e28ee338c40aeee6377,0,0,[],0,[]
900,0xde196ddaee872c3b0076a564c53ec33100ae706a,0,0,[],0,[]
901,0xde197fe9ea2d2caf69a80ed8d99aff7bc0026532,0,0,[],0,[]
902,0xde198bcf012ca25388f1ce4e075319c1e857bddb,0,0,[],0,[]
903,0xde19954d56b29675b92c149de4763babd11f0710,0,0,[],0,[]
904,0xde19a8126f8970c7b8c760d82386f2487b8e207e,0,0,[],0,[]
905,0xde19aca428532ac427260148c0738c3ce483d2bc,0,0,[],0,[]
906,0xde19c994f7c4897b18a3d7a69bfdfc316f7be464,0,0,[],0,[]
907,0xde1a0e0d511ba33a73fee25635908259d041707f,0,0,[],0,[]
908,0xde1a1b4010ebbd7de9f89726c9f0321a412db1dc,0,0,[],0,[]
909,0xde1a3a3f35b6da81d1b1f3df01091b588048b907,0,0,[],0,[]
910,0xde1a5aecfb73422b4434515f33a44daac885c67c,0,0,[],0,[]
911,0xde1a72acc55072e2050cf9f627c6991cf51153fa,0,0,[],0,[]
912,0xde1abbd835784e7e1f2413a5062d25b8d2bc7541,0,0,[],0,[]
913,0xde1ac7360340f506786e0a08b7d45d014d07a1c3,0,0,[],0,[]
914,0xde1ad1f49fcdc5a4932feac126963cad888ad9ec,0,0,[],0,[]
915,0xde1b6193158112a88e6c83864a790e8b92d747c8,0,0,[],0,[]
916,0xde1b630ee9c80071fa1f1c55ad7c9e9cd5eaffcf,0,0,[],0,[]
917,0xde1bad2de57c557ce5857b9c15808b6654970557,0,0,[],0,[]
918,0xde1bde5d8b962fbc8af49bc4ff530079e5613e37,0,0,[],0,[]
919,0xde1becf4434d9fdeb6cf1a9b98db685fa9c7aac2,0,0,[],0,[]
920,0xde1c40fd2a5a3811a2483a274ce6fc48a8752e2d,0,0,[],0,[]
921,0xde1c56e2a68ffe6b479dcf9bffb751e77310c72d,0,0,[],0,[]
922,0xde1c5b10a736ffb1350ebe126bb19269a137f357,0,0,[],0,[]
923,0xde1c99c4b4c48a31b814dd837da4f0c7e0d851ba,0,0,[],0,[]
924,0xde1d365e88cc8ebe455c7981b61165c5779acb99,0,0,[],0,[]
925,0xde1d553930aede9423bb5eede66a0c8060ad1baa,0,0,[],0,[]
926,0xde1d91df557cff8ae489555e231b80c1c3480adc,0,0,[],0,[]
927,0xde1ef6ef5457b66260dc642b3552fc4fb0c0c352,0,0,[],0,[]
928,0xde1f20e246e788bbc05564b90babc33f7d5bea2c,0,0,[],0,[]
929,0xde1f4e21e8e6e571365783e808f9acd28a3f2ba1,0,0,[],0,[]
930,0xde1fd8e34daedfae5ef7581634b44f29e5260c93,0,0,[],0,[]
931,0xde1fdece59e10737dc04ee9ec9148bd12c85b5a8,0,0,[],0,[]
932,0xde1ffe3925c95a26f8c8d8ac2b677bd076b8e841,0,0,[],0,[]
933,0xde204cba8367d7052ececf892810f0adcb2e872a,0,0,[],0,[]
934,0xde20be189c72bbfa4beec52390ebc27558be2897,0,0,[],0,[]
935,0xde21388261177fd822317a9b5c3af076e2aecc36,0,0,[],0,[]
936,0xde219f3b7595205f17db26e5906d21cd835af81d,0,0,[],0,[]
937,0xde21ce129baf533ed71d198286ce0d7f924f6110,0,0,[],0,[]
938,0xde21db7d6de4295af29cf2027fb7bd314996fc8a,0,0,[],0,[]
939,0xde21e52dc4102ab14db7f8f5e787ed1d8bda83b5,0,0,[],0,[]
940,0xde21f729137c5af1b01d73af1dc21effa2b8a0d6,0,0,[],0,[]
941,0xde221312b4a276e3b191926b83b20533b10d606a,0,0,[],0,[]
942,0xde2233dd34dbb7e7715cd9ae48015e0218422383,0,0,[],0,[]
943,0xde226cb6cba28d95839f06a66122ebe4aa119bed,0,0,[],0,[]
944,0xde22cd49ac33ced1547619bd79833fc9e657fab1,0,0,[],0,[]
945,0xde22e688204b5cebb4d7b0bdad82633f9f3d81a8,0,0,[],0,[]
946,0xde22fad7fbdd89a0f756aa8c0cc938843dff271c,0,0,[],0,[]
947,0xde234511682ab7cff37bc9043a1bc0535388381f,0,0,[],0,[]
948,0xde2361cbc3e44a2452f2a771f372f2692f9aa3c0,0,0,[],0,[]
949,0xde2373a0f42b7fff996706c13836920b44fd9ef5,0,0,[],0,[]
950,0xde2374a396a962f2d66d52f94409501579a6992b,0,0,[],0,[]
951,0xde24315fcb2b44b81ab168eb8568b163341733d7,0,0,[],0,[]
952,0xde244ee98a5d67bce9624a557a3ac70511ddcae1,0,0,[],0,[]
953,0xde247b9c3e614ced1560c8d97eb0612ed015cfad,0,0,[],0,[]
954,0xde25042d8a00d6c2d5d4224d9cf6d427b0d6e6d5,0,0,[],0,[]
955,0xde251edcb386afa3fc15f5ad0195fc09756ae459,0,0,[],0,[]
956,0xde255f23ff66acf9148946fc3c74fc47be79dab4,0,0,[],0,[]
957,0xde25626e6bbd42909c29a417aafc4611de1cd970,0,0,[],0,[]
958,0xde2579424a39cf2ad5c63370d09cbb43a2d66f9d,0,0,[],0,[]
959,0xde25856022558eaa6b5f76c2311e7182c25c9135,0,0,[],0,[]
960,0xde2597869e7151240b52171e5fbf37373bb2d1c9,0,0,[],0,[]
961,0xde25ea033c8e4820c5520f9b6f9244fb8f45e9be,0,0,[],0,[]
962,0xde26545fd287658d6d8953856b1a3b967117cc23,0,0,[],0,[]
963,0xde265935bd6abd01575e42619ec045f446dd3344,0,0,[],0,[]
964,0xde269bb63244dc9e27583b6aa4a73f57bea55133,0,0,[],0,[]
965,0xde26db2b0cd130cc63ac6c2d50bf380da88daa84,0,0,[],0,[]
966,0xde2706742aa5c9a857a4542dce403b6276564b66,0,0,[],0,[]
967,0xde2711bf9d6154bc81f2e7df9fd49cc944987ff7,0,0,[],0,[]
968,0xde279a5cd86860cd3d039aa1b74bc29e74cabb12,0,0,[],0,[]
969,0xde27fa1ea0bc1864076df820374bc50517448c77,0,0,[],0,[]
970,0xde280b9b4f652aa9eada50627ed5c5a02bd909f7,0,0,[],0,[]
971,0xde28231d487f20a457f243b7f4e614ed268ffe71,0,0,[],0,[]
972,0xde282f65c441d8974b05c7e8bfbcaa67e1744b99,0,0,[],0,[]
973,0xde28c209ad50a18fd889e57968bdb204cb65612c,0,0,[],0,[]
974,0xde28c7bcaf59863c82a5252d7110bb4bb220564d,0,0,[],0,[]
975,0xde28ce99458a6a2b3559ef9376908bd09e89640c,0,0,[],0,[]
976,0xde28f25175acf6c771feb28794e6dc3863339f04,0,0,[],0,[]
977,0xde291cdcf43ec60cc98eb6ce2f90011d2b4b5d78,0,0,[],0,[]
978,0xde291d95ac61bf07de15758c1382571df9e9e464,0,0,[],0,[]
979,0xde292cbdc167539b66acbbeaa5e136be8acaaefc,0,0,[],0,[]
980,0xde2951768f69c53bce5f45ec1a059ded693698d6,0,0,[],0,[]
981,0xde295b685675ec0fbe72e02121935206cde6de79,0,0,[],0,[]
982,0xde2960d5e46da21ca8c3f0e6f9a71de2509f7054,0,0,[],0,[]
983,0xde29d71ce73c6c4033b9473453e9dfdcd1bb3ea8,0,0,[],0,[]
984,0xde29e92a8c313be1d66d8c88352ba6b9d47ad24c,0,0,[],0,[]
985,0xde2a01f590d4091b0a8a0a3f3a0360301496ce60,0,0,[],0,[]
986,0xde2a03f741f5f9ef8f32d43f2257f9b14fe6d8f8,0,0,[],0,[]
987,0xde2a20b143007e807063fdd6942789548b595097,0,0,[],0,[]
988,0xde2a6fc4a88695d84832df8111c5556ae9e4626e,0,0,[],0,[]
989,0xde2aaf138843d707d99a108919520f47d42acaa6,0,0,[],0,[]
990,0xde2ad986d957878672a05930ba8dc4b948c40b10,0,0,[],0,[]
991,0xde2b3550617799d33a141b98a4a09ed7df3afd6a,0,0,[],0,[]
992,0xde2b35bf0126b02e75c57e76360eadb253aba451,0,0,[],0,[]
993,0xde2b6686c27fc1c4262a8044186f4628259fac04,0,0,[],0,[]
994,0xde2b78fc7e3b2832509d16b386f74faa94175de4,0,0,[],0,[]
995,0xde2bad5674657bf11574c5a959eb43c5c8f8930b,0,0,[],0,[]
996,0xde2bb4d19d37189870fcf7c9594179bf0b3a7468,0,0,[],0,[]
997,0xde2bd2ad78b101796ca7bd88025ffea173974be1,0,0,[],0,[]
998,0xde2bda3e5efa1211c190b45f543eca5d40cccf3e,0,0,[],0,[]
999,0xde2be250a0901351b04dc755cb8bca561fe8ed10,0,0,[],0,[]
