,id,delegatedVotesRaw,tokenHoldersRepresentedAmount,tokenHoldersRepresented,numberVotes,proposals
0,0xbce77b3b1f70a9cccd5d310528aa4f6f0853b13b,0,0,[],0,[]
1,0xbce794e4a4668515e0fe29037bfdb76573fbdc1e,0,0,[],0,[]
2,0xbce80e4134409594fd9c32b509b4ade12a7cc029,0,0,[],0,[]
3,0xbce828e0465375fa5014e711c12d8ff64229b0cf,0,0,[],0,[]
4,0xbce8561daef2a74ad15b5563f49086504d79cc6e,0,0,[],0,[]
5,0xbce86f456f1ba249dd1be339db8378c109a9285f,0,0,[],3,[]
6,0xbce8b0b5a0711b87cbe934061a6a806150409e88,0,0,[],0,[]
7,0xbce8d3b13cca22d8d60e8f286092336adbc46b95,0,0,[],0,[]
8,0xbce90a720c349643fca4e2ace9aca9308d4ee70b,0,0,[],0,[]
9,0xbce952b00bd1103e83faf06bf55d48c7c86e30b0,0,0,[],0,[]
10,0xbce98e60e1c7f2b8b40840327cad65aea544725f,0,0,[],0,[]
11,0xbce99d3b2305167d9b1dfa1a871d225f4c676c00,0,0,[],0,[]
12,0xbce9f439988ad9ea4bb4dfd20c5c2d4a9e07a30e,0,0,[],0,[]
13,0xbcea2cfb5fa1247a061130656613143b37dc5ec0,0,0,[],0,[]
14,0xbcea2d9adc57648154cd1f254af5b13f8d057092,0,0,[],0,[]
15,0xbcea3a9516420a79083eced5003e312f45c5a236,0,0,[],0,[]
16,0xbcea9a3dfdd77779bee6dc9bff9c179b654589ba,0,0,[],0,[]
17,0xbcea9fba87d051a918721ada818c2d78fdfcf435,0,0,[],0,[]
18,0xbceaa226abfbd94e75ef5f3d8c322275166be696,0,0,[],0,[]
19,0xbceab7136220a888706918d078e649542a142d40,0,0,[],0,[]
20,0xbceae7735751fae96f8f16f469c4f420bfb572df,0,0,[],0,[]
21,0xbceafc1130cfcdb3527bba8e054cc6ebe2535bca,0,0,[],0,[]
22,0xbceb6a1bd27db7758209b425fcd35e1d625e5cf6,0,0,[],0,[]
23,0xbceb756a7483444a418c2e89bd729d6420cd0e3f,0,0,[],0,[]
24,0xbceb99d93ef5bc2c388af3e89d1200437b957be5,0,0,[],0,[]
25,0xbcec46581b45bf6311caf9fef4b387b4b811f0b2,0,0,[],0,[]
26,0xbcec52bb8287665c68f2ab98c4de4c88c6d991a9,0,0,[],0,[]
27,0xbcec5d10a40c667d79eb60a1c8fba2f69e78e756,0,0,[],0,[]
28,0xbcec6bc3e1c1a76d93de65620bc80e61d3abde14,0,0,[],0,[]
29,0xbcecbe722a7de17997d6232f0a2107f545cac203,0,0,[],0,[]
30,0xbcece8443e4cf4ec7624a9be687d524c1ab8962e,0,0,[],0,[]
31,0xbcecf18c32c2e57b5fc98039f4f08c51b70fe832,0,0,[],0,[]
32,0xbcecf3e57a8123163c56e0657a1027ce93343189,0,0,[],0,[]
33,0xbced3fe0b6845764966b8297019aba69398ab473,0,0,[],0,[]
34,0xbced78ce218d53a15afe24e0f10707935a8d7c91,0,0,[],0,[]
35,0xbcedbc40560994dc70f151343da08b9ee05bfe42,0,0,[],0,[]
36,0xbcedc9122ced70f5930921a25efa3724e949ac4d,0,0,[],0,[]
37,0xbcee2183794f827fd01c0d52e4d5b57267425fc9,0,0,[],0,[]
38,0xbcee39ae431aeff7bb775be9b4712cb497d1ca94,0,0,[],0,[]
39,0xbcee62333340f5ea1563b82f51ab888d95390c52,0,0,[],0,[]
40,0xbcee90cd43b3eb06be055c719d88ee55eb2328b3,0,0,[],0,[]
41,0xbceed5b0bcc8c34664a545699242d6bb8786f7ec,0,0,[],0,[]
42,0xbcef1dc0f8ff955e129456fedd21db899d8cc92c,0,0,[],0,[]
43,0xbcef32f43aee3e287df9bd9e62afeebb0a6a96f4,0,0,[],0,[]
44,0xbcef4ced65aea3097fea3cfaef2c206008925162,0,0,[],0,[]
45,0xbcef67561c063cb4dbc512e71409257e48d7f488,0,0,[],0,[]
46,0xbcefa0d9d3310b89536a84e4b090f8d046d7e20e,0,0,[],0,[]
47,0xbcefd26582467d0ace1bd26e4d1abe2f7cb1ce66,0,0,[],0,[]
48,0xbcf005d637d8e94bfb276105038488879f31fc34,0,0,[],0,[]
49,0xbcf0794e89f682cec611dc7edc848c7b4c461d49,0,0,[],0,[]
50,0xbcf07b01116771c1a39f85006d985be539a7ee43,0,0,[],0,[]
51,0xbcf0c65c366d39643ffa82aceb4f00f4c0a7bef0,0,0,[],0,[]
52,0xbcf0e3c47145d1215da990d7b3222ad0365e20f0,0,0,[],0,[]
53,0xbcf0e922a5bd3df5b49b6175bf6c3874a725ca8f,0,0,[],0,[]
54,0xbcf0fd3929ce93ce858cac1234cbdf9a526c61f7,0,0,[],0,[]
55,0xbcf1dedcae825d09770b6402699bfeab2e51085e,0,0,[],0,[]
56,0xbcf1e460aa5f401b866a37839cb8a6349aa458b2,0,0,[],0,[]
57,0xbcf1eb6f4dd1ffebcf614414468fce9c5509198a,0,0,[],0,[]
58,0xbcf262080f2a57bcb503176787b632b01fa47d97,0,0,[],0,[]
59,0xbcf2bae9c1338bdbcf359325f31a36e736afb0c9,0,0,[],0,[]
60,0xbcf39f6aa29ddbe624d3822be81de0c3decd5195,0,0,[],0,[]
61,0xbcf3acfd422ff2b5b43c11dba41c290a2679ed85,0,0,[],0,[]
62,0xbcf3c6922bb02600349f37bf1c55cd4a394d0c9c,0,0,[],0,[]
63,0xbcf40efc10ab0bbe30d9f821faf44058f8ca72cc,0,0,[],0,[]
64,0xbcf45cd6d46a97e450402ac50fea7909bd958554,0,0,[],0,[]
65,0xbcf48efb96a27d4b5b2bffb31e30596f992f020e,0,0,[],0,[]
66,0xbcf49b4ef4aaacaf13bb697541d5d1e99d33cadf,0,0,[],0,[]
67,0xbcf4ab628b47231c82c92a2d7d7dc491fc770ef6,0,0,[],0,[]
68,0xbcf4afb1cb2b2c7c99ab8f4fe25cfc24c110b6bc,0,0,[],0,[]
69,0xbcf4b668131acb81085d85f2b38fd9497577a69c,0,0,[],0,[]
70,0xbcf4d18bd47e6dd46e1577fff0052adf6435d0f3,0,0,[],0,[]
71,0xbcf51974e1bd2c594db5eb7d125e99178f23f682,0,0,[],0,[]
72,0xbcf52226a7f3b1706b77323e4d2d115733b6aef7,0,0,[],0,[]
73,0xbcf5289bad1b096c4b95c0937c79f67d5bfb1305,0,0,[],0,[]
74,0xbcf537f93fac59d35a8e7ac8d132ab5ae860481d,0,0,[],0,[]
75,0xbcf5aee79292c8b235101aa537001f4da3fc3bd2,0,0,[],0,[]
76,0xbcf5d1637747cd617fea11ecf7dddbe645cd796a,0,0,[],0,[]
77,0xbcf62bed9ff2fd82f7ba4237995e05a72a16c83b,0,0,[],0,[]
78,0xbcf635e99ec4d1ea73dfd39e362a7864de77a901,0,0,[],0,[]
79,0xbcf668a335cb6fbc7fb0b8f70c44bff1984a1a07,0,0,[],0,[]
80,0xbcf68a68c81b025c69b43d6077af5f8df75cad71,0,0,[],0,[]
81,0xbcf6a45c0aaf9d454b2d08a33c7597357ac451e9,0,0,[],0,[]
82,0xbcf6badc9a85da41cfa2b7cae4096e33093337da,0,0,[],0,[]
83,0xbcf6c70052168775d83593f3049b15b9a62730b8,0,0,[],0,[]
84,0xbcf703108fc08666938d04e6e88c7cbf401fad88,0,0,[],0,[]
85,0xbcf7182ac3e2f9e68bdfba179baffb2a95d411f1,0,0,[],0,[]
86,0xbcf72171e674f861cab5f2a7eca37590bb8f58db,0,0,[],0,[]
87,0xbcf7c1d5cd3ee453e374fca9f31404f9234520bd,0,0,[],0,[]
88,0xbcf803ebc4c1075fcc696cc13f011bc5f4de4a88,0,0,[],0,[]
89,0xbcf82b94e7767246b60609787a64844b2178efca,0,0,[],0,[]
90,0xbcf84d237b16d19fd80eeb95d5d3925f116f3d16,0,0,[],0,[]
91,0xbcf868869ae73954ffb33a63199c05769fc1061b,0,0,[],0,[]
92,0xbcf88752a67a6c35b2a9c145ab8063cf14d0b43b,0,0,[],0,[]
93,0xbcf8f92e0be3607fb40c54b5ec0782787b8df16b,0,0,[],0,[]
94,0xbcf939084dfc06464f80c7585d60ab21fd832dd1,0,0,[],0,[]
95,0xbcf94d31ee79985a93fd673afab83d952de73e58,0,0,[],0,[]
96,0xbcf9b03b8b64eb69c955ec9fc47cc4e3a9d3d2d9,0,0,[],0,[]
97,0xbcfa0ddfb41ccda95aca89eb93cc0048549f55ea,0,0,[],0,[]
98,0xbcfa69a9d5b5c951cdb2444024dafcc21eb37186,0,0,[],0,[]
99,0xbcfa8a95dfda580222d298f6346ba0a6f1096af6,0,0,[],0,[]
100,0xbcfab6b0b995f9a405f94dad861b7eb51abc1f53,0,0,[],0,[]
101,0xbcfac9f8d4fbfd45805e412b07ad993ce1bd618f,0,0,[],0,[]
102,0xbcfad1afea979afa450c80aaeb65360ce5861735,0,0,[],0,[]
103,0xbcfb9b4aaeda03109fe4e9502cb713f5d8feceea,0,0,[],0,[]
104,0xbcfbd9307f7d35bc9b853a7573b267a5cb7165fa,0,0,[],0,[]
105,0xbcfc2fccac64f55bffebf17082a7f2cbd29cbf4a,0,0,[],0,[]
106,0xbcfc448e7e0833f460861ffc69aa99802236190b,0,0,[],0,[]
107,0xbcfc6c4b356ce399c0f5f7aa12a97f7827f0f7dd,0,0,[],0,[]
108,0xbcfc8ab9c808fb83b70c8acb4210787fc27143d6,0,0,[],0,[]
109,0xbcfc9aab34cf97a8b9bcec231c580fb8042dc134,0,0,[],0,[]
110,0xbcfcaba0cb3c3ef3b2967f576f40555c50a9014f,0,0,[],0,[]
111,0xbcfcd8838d29354753b8e32985121f6387b01a24,0,0,[],0,[]
112,0xbcfd068dac10c457235dc12d5201df4facd3a139,0,0,[],0,[]
113,0xbcfd6934592dd173e729da001f5c3d5ac8438e4d,0,0,[],0,[]
114,0xbcfd7b1273396b5353a906f64ef91fda57c2a7f3,0,0,[],0,[]
115,0xbcfd8bfdab846dc8418115a9424dab2dc259de21,0,0,[],0,[]
116,0xbcfdb3abb408678256cd7c6593eee14b0d6f9ac8,0,0,[],0,[]
117,0xbcfde7c030fb56af4617e0b6f70a8b20467e294b,0,0,[],0,[]
118,0xbcfdf474af3a78af00acc753784fb5dbb030b215,0,0,[],0,[]
119,0xbcfe1f10fea1c65fabd40d8501b78b4ef68f4331,0,0,[],0,[]
120,0xbcfe2095d57716ab0498ec2294c3f7003179e5e0,0,0,[],0,[]
121,0xbcfe325c10d59b1537349b73d2ada6a63f0265af,0,0,[],0,[]
122,0xbcfe41f318914efadb020834c86a256988ff0f6b,0,0,[],0,[]
123,0xbcfe574d1518e44d6aee557b1ab935af84373442,0,0,[],0,[]
124,0xbcfe5e08eefb029037929b319d852f0cad4bf3a4,0,0,[],0,[]
125,0xbcfe7cd506852eb635d23863697ee42c969c1aba,0,0,[],0,[]
126,0xbcfea300221364c879880cbc1f393befbb1b8fef,0,0,[],0,[]
127,0xbcff18fbe3a909d54a3cfe8ee8d599144eef8ddb,0,0,[],0,[]
128,0xbcff404b0c49eeb1280dbcb99098a02183bb9795,0,0,[],0,[]
129,0xbcffaec2e1c5831c1eb104aae62a1b7f539aefe1,0,0,[],0,[]
130,0xbcffe39ea6442452a606c7ad896c9d8c6af67179,0,0,[],0,[]
131,0xbcffe53f1d69d322c1b2ce9a885ae769ed92c041,0,0,[],0,[]
132,0xbd003986ef466175c56f96a51a60d2b3a559bedf,0,0,[],0,[]
133,0xbd007b4b16af7b388dc9df608801f23765d98ed7,0,0,[],0,[]
134,0xbd00aa566dcbb14050ad0886546785644927f7e0,0,0,[],0,[]
135,0xbd010b8734a03149843e16ef4271e41beae6804b,0,0,[],0,[]
136,0xbd0136ebd5841902dd45cfc3e208c815eadde0ab,0,0,[],0,[]
137,0xbd013a2f89e6cb07db2dea5803afea5ad4096548,0,0,[],0,[]
138,0xbd015b5fc636eb02d61bb731fe42061a9762c891,0,0,[],0,[]
139,0xbd017b19a23dfa08ddf7b6840039bb0199e08e95,0,0,[],0,[]
140,0xbd01ab169fefd315f905d9836d19eea31a90dbd0,0,0,[],0,[]
141,0xbd01f118f7a25971c7a13e886f2a91f44ef34ded,0,0,[],0,[]
142,0xbd020921aabf21de75bd3089cd04d3a19c037483,0,0,[],0,[]
143,0xbd0211f60160bd12323b265e0b961b699361328a,0,0,[],0,[]
144,0xbd024659340fac2fa35dacb1f400bc05b6bad9c6,0,0,[],0,[]
145,0xbd0266d93b9855146c51b5d3831c3b84267f2cd4,0,0,[],0,[]
146,0xbd02732dfb208077a0c0a8ca3c71814055fdfb52,0,0,[],0,[]
147,0xbd0276695d0359c6e0303e8034de2b8cbbf8a7f4,0,0,[],0,[]
148,0xbd027891ecbde3934c7c445a6ccbc91f9469a038,0,0,[],0,[]
149,0xbd027e1f36163ddd7a6ac96da1b3e68dcc831aaa,0,0,[],0,[]
150,0xbd02989d65289e802c2c300ba26ce9a03a9083f1,0,0,[],0,[]
151,0xbd02a2f1456176177b0340543cf312628a20626f,0,0,[],0,[]
152,0xbd02a6a90a0fd9afeb1ffd076bda9da17b22df53,0,0,[],0,[]
153,0xbd02c51150a4ab6ce97b9de2025644594f3e75b8,0,0,[],0,[]
154,0xbd02dc702cd12f07c97a3dc89d699f98e2e145cf,0,0,[],0,[]
155,0xbd0331b04be63b68f7cf302ddc6160546e65c645,0,0,[],0,[]
156,0xbd035261e9bc731bf370e222ec9c77362ea18a72,0,0,[],0,[]
157,0xbd035e63430e5a181941da38f5f1672f890dedf5,0,0,[],0,[]
158,0xbd0399ba4ee0145dc6f3dd1cab8689edf22d342f,0,0,[],0,[]
159,0xbd03ec88403476b10bf0f2b7050554440982c624,0,0,[],0,[]
160,0xbd040989b045438fb68719118c1612400ae3861a,0,0,[],0,[]
161,0xbd0465d8f8f1b6e893c7e60f714949a65e5eac80,0,0,[],0,[]
162,0xbd04a5b8ece7bcbfeaaa0d2d09eb2da6677c5973,0,0,[],0,[]
163,0xbd04b7ae9ccaf1464e15f3d9d815de67c7b3fad6,0,0,[],0,[]
164,0xbd04e02de4a3bb6fc4e935e5adfc74ad093cc90a,0,0,[],0,[]
165,0xbd04eebda59ede143895275536752d788aa34172,0,0,[],0,[]
166,0xbd04f32f48eed092207c78be0ba2c8ce229cfd56,0,0,[],0,[]
167,0xbd04f350f16151d84292e5355d6e43d8e5ceec23,0,0,[],0,[]
168,0xbd050cec564f50ec3be920c3777aa50fca181ea5,0,0,[],0,[]
169,0xbd054127d26fec720b506fa9d016f5cbc2502cf1,0,0,[],0,[]
170,0xbd0557d6429dd8ee889d1eaf9a2a6961d1e61044,0,0,[],0,[]
171,0xbd05a31cabb428a929ee8952f42cdbfd6e21e26f,0,0,[],0,[]
172,0xbd05d59ce94e3a2cc670992e9d985e62dd8639bd,0,0,[],0,[]
173,0xbd05fef925ed08c9cc3f60126d376d9048dc1407,0,0,[],0,[]
174,0xbd0610bbd30cfca6039e2ec376a7ba4774e0eb43,0,0,[],0,[]
175,0xbd0625008212d81b4b79ea505475aeb48b7237e3,0,0,[],0,[]
176,0xbd063dadd3a4f00e24b0120656d69e0b75dd1c38,0,0,[],0,[]
177,0xbd064730422daa143b298883eb685b6d2e48e6bb,0,0,[],0,[]
178,0xbd064dd00048c592ca657af2dd3c5341e616d57b,0,0,[],0,[]
179,0xbd064ed4aa0ee19f764f9af51038fd1943de79ed,0,0,[],0,[]
180,0xbd066ca04416cb96ee375ce05bd10740a51fbb38,0,0,[],0,[]
181,0xbd067bc0e01ec45533a9253890a9708519ddf6b3,0,0,[],0,[]
182,0xbd0680849221986bc395531a692ce12ea0731a51,0,0,[],0,[]
183,0xbd069adf7838b17e3f370723e31d347cc71234b4,0,0,[],0,[]
184,0xbd06b8b58ad66b9597afd5ef1edad5d7aafa9e83,0,0,[],0,[]
185,0xbd071cf900204ea7149748611302918ffc4b0237,0,0,[],0,[]
186,0xbd072e9964fd86b004a41a1a7aafb1c42707a82b,0,0,[],0,[]
187,0xbd076bac093b3435851089a8583a3f8be9b542e4,0,0,[],0,[]
188,0xbd07d24544a01a9c475b56dde7158587908df2f9,0,0,[],0,[]
189,0xbd07d2b6086ab7888c4cccbbf76fdeab1e797509,0,0,[],0,[]
190,0xbd07df8a9c3168e40bcb2c87e40955fe3f901589,0,0,[],0,[]
191,0xbd082162ed62ba06eda7147125a27458e95b091d,0,0,[],0,[]
192,0xbd090f169d1545097c49d1fd9a166d343c85766a,0,0,[],0,[]
193,0xbd09118836aa0d6cb447e2bae81630971b4ff1e0,0,0,[],0,[]
194,0xbd091b4c575f8d2b25e4c570540a746c8f149d76,0,0,[],0,[]
195,0xbd0922d4d895fae0322fd5ac137126bf56fbcf71,0,0,[],0,[]
196,0xbd092f379fe9c0ecb845b30cbf35a7c71afe75cf,0,0,[],0,[]
197,0xbd094bcd41a7385281698ea83a24224749de07be,0,0,[],0,[]
198,0xbd09519f015c1590741f34eb2f0a340067d37639,0,0,[],0,[]
199,0xbd095b3383c2fd4d29c1bcfb2bc07591506000e9,0,0,[],0,[]
200,0xbd0990cd2efb2a57d645d0acff267aabb22d5612,0,0,[],0,[]
201,0xbd099caaa829ff4923d441bbc2158aa65eed4dc5,0,0,[],0,[]
202,0xbd09c6254fe45382a803b6183ad9e61405b931e9,0,0,[],0,[]
203,0xbd09ef5456b6114e817b4d285cf88fcf0f2f55a2,0,0,[],0,[]
204,0xbd0a53a8416cbdec124a2f29197fb3c398faea81,0,0,[],0,[]
205,0xbd0a5a43c103fed232c77c29a8a3bb6d11f306a2,0,0,[],0,[]
206,0xbd0a5f993e088ecf9358012a4a5656e1950d19e9,0,0,[],0,[]
207,0xbd0ab06d155dcd1a83040bd89b575cd7df000f56,0,0,[],0,[]
208,0xbd0ab837f4c9d2b69c8a9c664857ba1bebde9a3a,0,0,[],0,[]
209,0xbd0ac9522bfacd1023c41fa6347cb16d89a9eeeb,0,0,[],0,[]
210,0xbd0b01316d0f28bfb74e477f72fb17f9259b4d0b,0,0,[],0,[]
211,0xbd0b86df67d6c8466131877952d713efc2496939,0,0,[],0,[]
212,0xbd0c16e645fd1171760d9fa7efe41ff62a7a69d8,0,0,[],0,[]
213,0xbd0c5066d0172a71d68a6b299565c91ba1251afa,0,0,[],0,[]
214,0xbd0c66e73e1f0d0e5dbe5d2ad2b17a35d339b061,0,0,[],0,[]
215,0xbd0c6f59ee76560b26f07d8a1187d12530359cc1,0,0,[],0,[]
216,0xbd0c8bd19f7eb183aa4c1afe0234e4f73deedeaa,0,0,[],0,[]
217,0xbd0c8bf6783292dcbcdd1bcb07ceb7e8d0995338,0,0,[],0,[]
218,0xbd0cc025b34fcf60b3201a880d4f1f9f328a0a05,0,0,[],0,[]
219,0xbd0d5d42b9e429579ad9c6ff3833c01d96effc0c,0,0,[],0,[]
220,0xbd0d606345f08eed99d9583c9870fc2235b1fa6f,0,0,[],0,[]
221,0xbd0d67fa2de859ec0745388c8826d98fa75a923c,0,0,[],0,[]
222,0xbd0d6d77c61778e6d44709eeb25de5fa36f4a2f0,0,0,[],0,[]
223,0xbd0d6da3f9e68e70825ded49925412768312b236,0,0,[],0,[]
224,0xbd0d6dfe80ef7d48948139b19fa44fec722b94dc,0,0,[],0,[]
225,0xbd0dc5754f41ae4cb2dd44fedb50712953151e79,0,0,[],0,[]
226,0xbd0e04154bfa4a421809f4d8902ff2fe433f4be5,0,0,[],0,[]
227,0xbd0ea3c1bfea97aa8fedcb6a6760d36ef8288b06,0,0,[],0,[]
228,0xbd0ee5ed7cf87964c0e92b52e3a9a5b57c4e0f3c,0,0,[],0,[]
229,0xbd0eee95db4ccf213ea03117935020a2912a3c0e,0,0,[],0,[]
230,0xbd0ef14bc1af4f728d4e009ec8fe619f20b7c3b4,0,0,[],0,[]
231,0xbd0f026a03d36d997c90e7a45ad00b0be99fef31,0,0,[],0,[]
232,0xbd0f2084f39d549a0e98e2471d4357fe74fa5d41,0,0,[],0,[]
233,0xbd0f25346a1cabb7ad96f75fcc434b7d853b4b62,0,0,[],0,[]
234,0xbd0f26932fd8231e9b52d9d046fd4d67a2d9b4cc,0,0,[],0,[]
235,0xbd0f3ae69b0538f689f3fc70a3713a35f281bb32,0,0,[],0,[]
236,0xbd0fba04da8cccfcf598f4c5bb086bf67d455dc7,0,0,[],0,[]
237,0xbd0fe08493e3bb47b7b5395fc43c6652359a1161,0,0,[],0,[]
238,0xbd10158d73e90fcaccfe958e68cdb731d99759c1,0,0,[],0,[]
239,0xbd105136ad480b4c4898648c48ed0e392e0d97f3,0,0,[],0,[]
240,0xbd1061b69187ad1a743f03481206b0761be6401a,0,0,[],0,[]
241,0xbd10a3da25971dd0ea147c1e8156781b19514fb3,0,0,[],0,[]
242,0xbd10c622a3356cf89f316183d8707bfaf5a14910,0,0,[],0,[]
243,0xbd111b51355f5f4f84eddc1fb2ac12eeff4f4e4f,0,0,[],0,[]
244,0xbd113c3e7f7c473f05911bddf11412f1240ef203,0,0,[],0,[]
245,0xbd1168cf87d3e24b3a97ece3d441c43c3fe0fb2d,0,0,[],0,[]
246,0xbd11add5241d960ce707e3761033c8b7e206b8b0,0,0,[],0,[]
247,0xbd11f69008189c18b459898a4032152abaad507e,0,0,[],0,[]
248,0xbd122951cacb49a20552c2e78bb24e3d6494748b,0,0,[],0,[]
249,0xbd1281532a0bb5d8d86a478dfa42867bd9502272,0,0,[],0,[]
250,0xbd12832ca5d1a21af35020b48b76a2d665e0852b,0,0,[],0,[]
251,0xbd1296e881a6d1d5408ab593c44e848744fe6ff4,0,0,[],0,[]
252,0xbd129c9cc0532e65df8de82f186aef640f1344c2,0,0,[],0,[]
253,0xbd12a2be77f51ac89a5c09a94c945f03ad1dcf8c,0,0,[],0,[]
254,0xbd12c6c1da026af7748960cb3d00fcd4b1e3d96a,0,0,[],0,[]
255,0xbd12c70313562db9973904227bdcb2f9b40aa897,0,0,[],0,[]
256,0xbd12f46853c7d8755893da86ee735990e77fe46f,0,0,[],0,[]
257,0xbd1339e51c25d0aed4d9785e42b81d23528323b3,0,0,[],0,[]
258,0xbd1394c674e411ca726ec3f6a3e1556cc9e841d7,0,0,[],0,[]
259,0xbd142b6e8baa8a512b510f463d4c95cc18ba2ef7,0,0,[],0,[]
260,0xbd142fb866a8715d2649d1eee321f03dddb103a3,0,0,[],0,[]
261,0xbd143a33d6e96cd78dd57b4bacf56a4a92cb1c18,0,0,[],0,[]
262,0xbd146fc289ea154f1a807ab05e6489e85e7c343f,0,0,[],0,[]
263,0xbd146fda9abb6d96df5f1eacfd07af2296e95f53,0,0,[],0,[]
264,0xbd1493ae3cac0a290e9ef6b9cb21663416aa5a1e,0,0,[],0,[]
265,0xbd14fb239efceaa370c068d63f45c271f050f0fa,0,0,[],0,[]
266,0xbd152a3ed33467e829f939e701cc216db3ff692b,0,0,[],0,[]
267,0xbd15521e7c9f1c0cb33397594afc1e58a862efb7,0,0,[],0,[]
268,0xbd15bf18c67b39d50a6265e1c593d7d65f83a439,0,0,[],0,[]
269,0xbd160c0de7cc1bd36ab1a3a6ec5b801daf92a962,0,0,[],0,[]
270,0xbd161758d3f3e1d9fb7d7dbed7cb422eb9079fe2,0,0,[],0,[]
271,0xbd16381b7f76cfa2cfd9a14c198528dc6d1a9c79,0,0,[],0,[]
272,0xbd165b85ef809271c038522f7f2861d5f991b940,0,0,[],0,[]
273,0xbd16b35d8428be1fe9a65b8613ad3935372b8f69,0,0,[],0,[]
274,0xbd17004993bfe1ba444b8e9b130fdbd70dde6ce7,0,0,[],0,[]
275,0xbd1763a287bf055bf6e39d84a36926ac68d028f7,0,0,[],0,[]
276,0xbd176d0c5b341dd219990b9e1ad5961776e86bf6,0,0,[],0,[]
277,0xbd178fe085a12505473a96a57d6f2ce0bbf3a490,0,0,[],0,[]
278,0xbd17dd50569ee05a0d34455d7905b728b88c12c6,0,0,[],0,[]
279,0xbd17f5e20bb31b6b6b0c316812a8ede97313b25a,0,0,[],0,[]
280,0xbd181ef0829859a9c426bb57d7e56511e117ca21,0,0,[],0,[]
281,0xbd1869eaff39579924f2e649e4d608f78f2b4593,0,0,[],0,[]
282,0xbd18bbf0c313b8d0c55518b49ae8093cc2fbff9a,0,0,[],0,[]
283,0xbd18e77c2b91b1dcf574f515aaa600525b4e431f,0,0,[],0,[]
284,0xbd18ee75c8c510410da6678f6754d1bdfd1ece04,0,0,[],0,[]
285,0xbd1968cea362f9084fec5f5f7e68ae97ad64b965,0,0,[],0,[]
286,0xbd19b0e5e100385ba140daf08ddb96fff7c2a4b1,0,0,[],0,[]
287,0xbd1a13ee8985ffc2383acb8a4c37ba2dccb036b1,0,0,[],0,[]
288,0xbd1a1f4a7589cd7d13c3a2dc4152a6c549d6953f,0,0,[],0,[]
289,0xbd1b3513bb0ce1529242cfb28926618809592362,0,0,[],0,[]
290,0xbd1b3c1dd8c92fe929353c7ba9b26776b978c623,0,0,[],0,[]
291,0xbd1b4365fdb32ec9de3b7898b3c4f4bff517700c,0,0,[],0,[]
292,0xbd1b459b699307ee9b9237f3bb44bed4b6f551a2,0,0,[],0,[]
293,0xbd1b491040016aae7c4e396f5d818118917354ee,0,0,[],0,[]
294,0xbd1b4cc035a1f0d91468aeed56e236cd3ee621ae,0,0,[],0,[]
295,0xbd1ba856b626ab31dc1fa1e97fdcd0aa2cc94f66,0,0,[],0,[]
296,0xbd1c34c76cbc69ad768b953e5571ee2a3e1928d6,0,0,[],0,[]
297,0xbd1c543c978652b4efe9f5561b155a2193577825,0,0,[],0,[]
298,0xbd1c921a31a05c4e12172e2db10f6ee31d32aafa,0,0,[],0,[]
299,0xbd1c938a46c9f857b6cb6ff79241f512d255f5c5,0,0,[],0,[]
300,0xbd1ce2f5c8539d80e9ddc511a0465aa12daf6cdb,0,0,[],0,[]
301,0xbd1ce73788da443a800c5b7e3d42aef0f3ffe4a8,0,0,[],0,[]
302,0xbd1d53e648faee554afddde867645470862fe971,0,0,[],0,[]
303,0xbd1d64faf9535f7c274741e16e14b15bb3fe42c6,0,0,[],0,[]
304,0xbd1d7db08ee482204435caa49a99538de4c71c0e,0,0,[],0,[]
305,0xbd1d9cb16e1731592e66365b8cecd134cd9184d6,0,0,[],0,[]
306,0xbd1da0fc2542063f6a82aeaaf4d646c9d795fb66,0,0,[],0,[]
307,0xbd1db45972b6d869d28d600c9f8f8ba96d52ab80,0,0,[],0,[]
308,0xbd1df5b01117820ed5b7b1a08289f19666d06ec5,0,0,[],0,[]
309,0xbd1e08b1dd2ee0e03433bf708b7ea5c8f0f1603e,0,0,[],0,[]
310,0xbd1e11e6dedc7e6366273c38a500e1a9b9caeb6f,0,0,[],0,[]
311,0xbd1e46588f3723c198b41ea85fa20280eded6095,0,0,[],0,[]
312,0xbd1e5286b4dc10b2ee098e53b972c5bf0185e5ff,0,0,[],0,[]
313,0xbd1e5413968aa3ff7357237134f2289c9383c8ab,0,0,[],0,[]
314,0xbd1ea9539eaa60ede8fe4bb6138243e0132703f2,0,0,[],0,[]
315,0xbd1eb910a8e77d75d7e334f7adb7660750d7bb45,0,0,[],0,[]
316,0xbd1ecf28c85027fe6e2d1d8772b0042d229892c1,0,0,[],0,[]
317,0xbd1eeb93a944bd78e96af1779304159e72c772ce,0,0,[],0,[]
318,0xbd1ef538eda49e5c153803b321ba12c93175096b,0,0,[],0,[]
319,0xbd1f4d25967c0cd74ee19c735811a4510bd3775c,0,0,[],0,[]
320,0xbd1f7d88c76a86c60d41bddd4819fae404e7151e,0,0,[],0,[]
321,0xbd1f88fd9560ceed8ef23de0780cfc2249012a3a,0,0,[],0,[]
322,0xbd1fc6952fca36657f69de0132a3feb4366a6f3e,0,0,[],0,[]
323,0xbd1fe884a6699e08761a53f8d20737a6665b8ac3,0,0,[],0,[]
324,0xbd200b9ac7639e14c60d1c6040d9c27f97490ea6,0,0,[],0,[]
325,0xbd20541b76e6f1280ff016ab82486b142311aaed,0,0,[],0,[]
326,0xbd20b8df9e35b0e6f910db225588c92cf4f4aea3,0,0,[],0,[]
327,0xbd211b587682611aafd19840310aa2fa4f5c4c36,0,0,[],0,[]
328,0xbd2134039e09ebbea410dbe778aa05faecbd7bc2,0,0,[],0,[]
329,0xbd2147670979aebc7ec9f6690a1fac8f02fafc3b,0,0,[],0,[]
330,0xbd2159ae1937bfd669969ccc71bd0454c6b03be1,0,0,[],0,[]
331,0xbd21dcc5c6065811d999037c06c0a04664e96135,0,0,[],0,[]
332,0xbd21fb248e8b3df22b1c4a75f783f3806d7cfb86,0,0,[],0,[]
333,0xbd2233c70bdd0cb0158506d10f578232f6a14f2a,0,0,[],0,[]
334,0xbd229a377f81aefcae6f1604513475cf9c582fb2,0,0,[],0,[]
335,0xbd22a51438357f72a52ade3ae5a0a9aa15e2e24a,0,0,[],0,[]
336,0xbd22d0e891166d74e6a1a1b44f0360f94c12aa04,0,0,[],0,[]
337,0xbd230e747db68d0d9b649407c66b34e6e2a466c8,0,0,[],0,[]
338,0xbd2342d93b04f0c18d1b4f829336d30b786a8e83,0,0,[],0,[]
339,0xbd23a509b355c0936e01d7d4c795fe2f87b55787,0,0,[],0,[]
340,0xbd23a5bd02040680f84f5f3b4d64a953856e20cd,0,0,[],0,[]
341,0xbd23ed2bfa4517dcbf4a24471bbd3bb7fd6755a2,0,0,[],0,[]
342,0xbd24017307d72d8443eec1b973d6c4b9f2649f39,0,0,[],0,[]
343,0xbd2428bb42dc513a44d959c1048df04364cd3587,0,0,[],0,[]
344,0xbd243b12e27ba1ab2dbc2345b5ad7f8d7e155579,0,0,[],0,[]
345,0xbd244664630fa5b19d5f3cff5e2a4306e68d3b22,0,0,[],0,[]
346,0xbd24677e370ecdc46963881149e79cbb43c107ba,0,0,[],0,[]
347,0xbd2469740e2a9d2d35c3c593e72e1335a71e1306,0,0,[],0,[]
348,0xbd24cfeed77c42cf7ad39fd47d5b8ad00156eaba,0,0,[],0,[]
349,0xbd24e1ec9c44f351c7aed2f3e56fc5854f2e579b,0,0,[],0,[]
350,0xbd24ebb93b8cc6f537511c23f2bd33a4ce8eff54,0,0,[],0,[]
351,0xbd24f41d784219d7b706dba6be5b6ae946d9c430,0,0,[],0,[]
352,0xbd250080ecf14dbb4ab772e380cf275c9f7678a5,0,0,[],0,[]
353,0xbd2503768932f5bae04a60e648f95945a9c07f10,0,0,[],0,[]
354,0xbd255c91dfc9e7cab3f0b449be67d0077dc2cb7a,0,0,[],0,[]
355,0xbd2567c9cd71402a8388fa4d90f40beaa9309643,0,0,[],0,[]
356,0xbd258d7ecd6ae7d97af444006b33ee98311f6edc,0,0,[],0,[]
357,0xbd25abeaf3b026f287f682f72832a440b9fb651e,0,0,[],0,[]
358,0xbd2645ce26fb67946b5fa5f541b6be7ff2e92a86,0,0,[],0,[]
359,0xbd26b43767715fbd57f2b83a27bc397ba315c00e,0,0,[],0,[]
360,0xbd26bc3c51b6de6f81ba9bc2318701d911efc9f1,0,0,[],0,[]
361,0xbd26be22c58d0105d2de621f7f5fc9ea1f8b17f4,0,0,[],0,[]
362,0xbd2854e98bc24332071c3cdd4f3541536f457c03,0,0,[],0,[]
363,0xbd28bc431332000c78aa6389625aa116d71c0c42,0,0,[],0,[]
364,0xbd28e97c9843f1494f237d668f5a617278788b5f,0,0,[],0,[]
365,0xbd28ed7f1f4fd97762cf2f9b3a4ca0fc508fe074,0,0,[],0,[]
366,0xbd2908b9a21d76acc8e16633680af418a6d2b192,0,0,[],0,[]
367,0xbd2914788202dc07e31293692c4aa16e8ff8235d,0,0,[],0,[]
368,0xbd291cf82041be14e6cc6983abfba7317965c8e0,0,0,[],0,[]
369,0xbd293cacc27452296a6401914121c24524324ac9,0,0,[],0,[]
370,0xbd297dd93d5e7c7619bbdb64e4e970e72212b97a,0,0,[],0,[]
371,0xbd298b59ec9046c40ee9819749561773c0b9ed7c,0,0,[],0,[]
372,0xbd29a5cfd5b2208eb0ca744ca79c945619ba5e9e,0,0,[],0,[]
373,0xbd29c1d84cb609066bd1679a51117d612f375b1a,0,0,[],0,[]
374,0xbd29e22839836f4438393d2b58554021ac758b87,0,0,[],0,[]
375,0xbd29e3ddb87d4560c07ab3b1712b71ad22ee86ed,0,0,[],0,[]
376,0xbd2a1adec9dd5f7a4698e3914f744fe9c8351936,0,0,[],0,[]
377,0xbd2a1f1ee1e8cbc951272111574989a12ddc2b45,0,0,[],0,[]
378,0xbd2aa13289802d84a8188e9934f0ceb39e3bec82,0,0,[],0,[]
379,0xbd2aa610f6cd4ea3cd118a3eedd153b490267738,0,0,[],0,[]
380,0xbd2aef1532f288b0f596eab57545505256491dff,0,0,[],0,[]
381,0xbd2aff610803a8b4ca039dba90b7643e946341a2,0,0,[],0,[]
382,0xbd2b97bcf93ecfa3bd8e5c9819524115d42b0966,0,0,[],0,[]
383,0xbd2baf2611beab8fa047ec1c59be79b36f7b40f5,0,0,[],0,[]
384,0xbd2bcd004a9797fcb516aa3a7e7a579a96870587,0,0,[],0,[]
385,0xbd2bd0c5cb6ef58cd5e08f59a40b4f39fc6e8dc9,0,0,[],0,[]
386,0xbd2c14b55ec4b1f96e44a85ef65b61ef54b5cda3,0,0,[],0,[]
387,0xbd2c8ae41e26281fae2783d3c1ea444d13703cc1,0,0,[],0,[]
388,0xbd2caf503c050304d1dbd55df1f6730004480905,0,0,[],0,[]
389,0xbd2cc13ef687ba020433c74a9e1eb1dbb93c7c74,0,0,[],0,[]
390,0xbd2cc1e3c140924ca83caf8c03196a3bf2665e2b,0,0,[],0,[]
391,0xbd2ccb6e432135ceed98abb48cb56b7969039869,0,0,[],0,[]
392,0xbd2cd94921e4803f3fef22ae3b8893a5be45bcbe,0,0,[],0,[]
393,0xbd2d0b4f1cfae20d466cef01be836aa20d9097b7,0,0,[],0,[]
394,0xbd2d2fd3b24b9902161b1199ad1480fcc2ad44c9,0,0,[],0,[]
395,0xbd2d848003e6286acebe6e13f20bdfaa6a6ee104,0,0,[],0,[]
396,0xbd2d932570d33857fa328eb96847a84c2a113f38,0,0,[],0,[]
397,0xbd2da5062e94cc42c2ab76bf4b10787cefc344b6,0,0,[],0,[]
398,0xbd2dd07f7836e84023fd57824e41528786818f5a,0,0,[],0,[]
399,0xbd2dd508c3cf02846a5867c00c82041ef8a13d30,0,0,[],0,[]
400,0xbd2de8eee0911ea68863e46f41de8f1ac1073e0a,0,0,[],0,[]
401,0xbd2e25bfd7535cd78d1f703d05ef223fc94f26e6,0,0,[],0,[]
402,0xbd2e9f5e38550f6e78d7f011c344be6f3dcd8c48,0,0,[],0,[]
403,0xbd2ec961e781f1220f55152f5c64d61d8b02e092,0,0,[],0,[]
404,0xbd2f2f21f46aa0af2aae4079ef2fd023059713bf,0,0,[],0,[]
405,0xbd2f629a719ff8c2437495aa55e6f74bcbb0f898,0,0,[],0,[]
406,0xbd2f6832993efd0470ecca917b9a92ec402cfc33,0,0,[],0,[]
407,0xbd2f942d2ee85be591a1e77ff966d7694560af4d,0,0,[],0,[]
408,0xbd2fc369bd51cce9e813acc7db4f4425cdccde3f,0,0,[],0,[]
409,0xbd2feb01ecf9ecfbed95154838b50bbadfabb25e,0,0,[],0,[]
410,0xbd2feb14fd242e427bfaa417d6e1da5e11a9be90,0,0,[],0,[]
411,0xbd2feec9655a6eea901c9ea962810390155e648f,0,0,[],0,[]
412,0xbd302731d832478792f9b1c7c5e7e6ed28fa9404,0,0,[],0,[]
413,0xbd3063144bd9afe19337117eec3c846ef4d0f0dd,0,0,[],0,[]
414,0xbd3117286279e7d15673cab4d74fa18dfd5f6c42,0,0,[],0,[]
415,0xbd311fdc06ea8da9178f43fafdab8c0236c34abf,0,0,[],0,[]
416,0xbd318134a2e86ba4b0716b75549ba6eed488a7af,0,0,[],0,[]
417,0xbd31a24e4c3018ae8634aa000226c34cb446ba34,0,0,[],0,[]
418,0xbd31cdac9d4d659bf62c3d9581bfe85d211a746f,0,0,[],0,[]
419,0xbd31d117af6fa1731fe042f81acc44ca41a82c8f,0,0,[],0,[]
420,0xbd31d988151de348c928254d5622148fdf7af73c,0,0,[],0,[]
421,0xbd31dcb2ee6711f905d23a7a584b102927e18c18,0,0,[],0,[]
422,0xbd3211ffa1426002bb962076f9fb81b90fef21a5,0,0,[],0,[]
423,0xbd322ab937f41946a2ee8bcb22190632c05ef937,0,0,[],0,[]
424,0xbd323a898ea6011b5fa7536dd00ec38670b3e4d8,0,0,[],0,[]
425,0xbd32580db9508d4f8b4768911689bd250c9db9c7,0,0,[],0,[]
426,0xbd327cb4955c3d8283382ed981b817341fac6d9b,0,0,[],0,[]
427,0xbd32990a0914267cb8c510387b827fb107c4c895,0,0,[],0,[]
428,0xbd32c9e1669a70fbe6fd5d443184d0a9b07e948f,0,0,[],0,[]
429,0xbd32d05f8db80f15a00eac7545cf9be4be154d13,0,0,[],0,[]
430,0xbd32e0558180b9bcf87079225b60bb3b3197c0ad,0,0,[],0,[]
431,0xbd32e82d9ceb1047f287ca59cc93706c0797918a,0,0,[],0,[]
432,0xbd331bec6df3a9829e216b24d5999b2bb0151b97,0,0,[],0,[]
433,0xbd33548304bbe7e1818ce603b9e9a1d512e00ee8,0,0,[],0,[]
434,0xbd33cd10fc8435a46063342bff99c0b47b28e9a6,0,0,[],0,[]
435,0xbd33e185510696a97a9a53094885803dbbd8efa2,0,0,[],0,[]
436,0xbd3432ce08e272137a091d3105fa44ef690e7b33,0,0,[],0,[]
437,0xbd3448bf73eb62bc534b187fbd902e5943c83388,0,0,[],0,[]
438,0xbd348c1fdad66009e1e2fdb4e256f8ce4d4e24c7,0,0,[],0,[]
439,0xbd3496fe269aa8bbf685836b63b3cadedbe2eb56,0,0,[],0,[]
440,0xbd353b8be57bdc33303901a60e9f39e251cebb1d,0,0,[],0,[]
441,0xbd353bcc5bc137b5c93e7564dc4c56a6d838cc3e,0,0,[],0,[]
442,0xbd353e9d8c7f4a21fb2b53749754afa2e094c1b1,0,0,[],0,[]
443,0xbd354bb9a3cc70dcc2ed26ea2de243423da06cc4,0,0,[],0,[]
444,0xbd35e334692b023b27c2ac72dc5019f2346c55c7,0,0,[],0,[]
445,0xbd35f8a8ff5f56cf088b6f79a90854bc2d30a984,0,0,[],0,[]
446,0xbd3603df246658369c707c30e041a89feb6ee153,0,0,[],0,[]
447,0xbd3628db8c88bc667ff6ab0f0521512a464e4737,0,0,[],0,[]
448,0xbd363599b9a7c532682affd88fd4109765636860,0,0,[],0,[]
449,0xbd3642df230699a5e7e120e46dba51c74acd2721,0,0,[],0,[]
450,0xbd365de4115deb99af290cceea0e29ce61312f39,0,0,[],0,[]
451,0xbd36a0042b7b8ece4bb051ff3903ba96b9a41938,0,0,[],0,[]
452,0xbd36d113a1bc3869e18f5325bc3495e43b3a19aa,0,0,[],0,[]
453,0xbd36eea783c48075ed8ca7c65476887d85ad200a,0,0,[],0,[]
454,0xbd36efdb4d9435048a361645e164be1cb35ec12e,0,0,[],0,[]
455,0xbd36f2c7b3691eb97a3fe3956070158af4e3e4e3,0,0,[],0,[]
456,0xbd379986cc94d1495533cac03c9122a8e3235985,0,0,[],0,[]
457,0xbd37ad2cb0b1c2e1ac707633187eca42b954c495,0,0,[],0,[]
458,0xbd37c0901e49963983c625e3b2c8ecaf051feab9,0,0,[],0,[]
459,0xbd37c812831b86cb560bc5a57ac0ed00a5dff6a4,0,0,[],0,[]
460,0xbd37d012306694f6468a05babc57055fb57b9985,0,0,[],0,[]
461,0xbd3820e8c0aac34fb76ff0501c84ae322fd74b63,0,0,[],0,[]
462,0xbd389246cc4cb531f2877a4c39282c4d541e71b0,0,0,[],0,[]
463,0xbd38c7cf63beb8724ce28b2089ac1dbcfabd56a6,0,0,[],0,[]
464,0xbd38cc6eae4cb54b68777f58151278e81533d3db,0,0,[],0,[]
465,0xbd38d2a542e117f9e2811274645fe0f8217784ab,0,0,[],0,[]
466,0xbd390a1e212ce3112c6fdf54ec9fd36de8be0045,0,0,[],0,[]
467,0xbd3932eda8c754c531351a8a88f96d2b77128335,0,0,[],0,[]
468,0xbd39a141d044595569e4f71ca6e47e4c9eba4747,0,0,[],0,[]
469,0xbd39c740dab210da27cdffe650f67ff33e72d980,0,0,[],0,[]
470,0xbd39e034b3cbf260f9baaadce552f18051cae830,0,0,[],0,[]
471,0xbd39ef3fc2344331df0698ecbed4c03c8b769b66,0,0,[],0,[]
472,0xbd39feeb18083531d9572817e0c27c1487d39563,0,0,[],0,[]
473,0xbd3a148d241cfeaa37bbb32369c2ba71c7d44ebb,0,0,[],0,[]
474,0xbd3a3dab89abd98675f6ff6a332d6e3bd9d38d72,0,0,[],0,[]
475,0xbd3a571df5dafd9f13ba41e05caa2d34203cb1e9,0,0,[],0,[]
476,0xbd3a591382ed431ae09eed6cd377d8d07df9a3eb,0,0,[],0,[]
477,0xbd3a69f6ab934f9bc17cf0e756ba4c005deb9373,0,0,[],0,[]
478,0xbd3aff38c781c8d06a151d7552a55b577874079c,0,0,[],0,[]
479,0xbd3b091d7c95be18139b6639e81fdb9b51b231dd,0,0,[],0,[]
480,0xbd3b3abf0140924bf431eff1840c8e17e352c141,0,0,[],0,[]
481,0xbd3b5f0bb63dcb062a83c9b13ca740e7b822dae8,0,0,[],0,[]
482,0xbd3b6e499ee2dc13e1a34d22abb7fd23fc322301,0,0,[],0,[]
483,0xbd3b896f7b763ce7accb48298cc91a8fe8629fb4,0,0,[],0,[]
484,0xbd3b93eb7264a23373cf239e69be95817885e8f9,0,0,[],0,[]
485,0xbd3bcd77c543caa859ead772e78e5cbbf808d5ad,0,0,[],0,[]
486,0xbd3c3e734d67774486fddf6418f2124828ec62dd,0,0,[],0,[]
487,0xbd3c734db01320c0b4fc4fbeb0f3f0080afc86d0,0,0,[],0,[]
488,0xbd3c89e1c1a5e60034b25b732614b6f0644ed950,0,0,[],0,[]
489,0xbd3ceec58083b4b7ce08875d1bd2bac0345d51d3,0,0,[],0,[]
490,0xbd3cf7cdfc2253db25326891d1826fe6ecb55b10,0,0,[],0,[]
491,0xbd3da0e0a843fb814ae449d07a2ac8d5de7b05a1,0,0,[],0,[]
492,0xbd3dca9e2045742edbb0ad989f7d4579df3a172d,0,0,[],0,[]
493,0xbd3df245a2b0b3dd70ec688c20f1ff534ad85127,0,0,[],0,[]
494,0xbd3e3b6323bddd5e507ca41e3684c86ea57011e3,0,0,[],0,[]
495,0xbd3e443b8800299ec4342956b248b0cccd474f6b,0,0,[],0,[]
496,0xbd3e7ab244aae2affbd72d8caa211b2d5029a27f,0,0,[],0,[]
497,0xbd3e81a9d928d98f1c0a42f37f9cd79e72e901ac,0,0,[],0,[]
498,0xbd3e8abb5c8bfb5dbb53a751b3273637ad68a384,0,0,[],0,[]
499,0xbd3e8efb93cbdb0195086e556ee39468bb893669,0,0,[],0,[]
500,0xbd3eb3a86915ef3a95acd4375789d70503d86911,0,0,[],0,[]
501,0xbd3ec4435f2efd762117c887de29c0756612b8d6,0,0,[],0,[]
502,0xbd3ed006c51f75047170142568c253922f4de77b,0,0,[],0,[]
503,0xbd3ed8a3e0ee174b6dee61b09681757e5a864ac9,0,0,[],0,[]
504,0xbd3edd4c63dfd4309f3f7e098402d26815991d0b,0,0,[],0,[]
505,0xbd3eeaeb5e20e68463d5c53017c165a11edf593f,0,0,[],0,[]
506,0xbd3eecf49c4f00362bdfc2e34de6880bafc94d2a,0,0,[],0,[]
507,0xbd3f0dca36705a8767dadcb02eb1e5868acf773b,0,0,[],0,[]
508,0xbd3f25a9486b422f0ff77577ac246965d801811e,0,0,[],0,[]
509,0xbd3f44a06d182703a9bda588fa60bae677d7cb64,0,0,[],0,[]
510,0xbd3fa892f94276f93ba22f08b0e459df71df9710,0,0,[],0,[]
511,0xbd3fd32f1646841635fc372be22e7562a41df09d,0,0,[],0,[]
512,0xbd3fe1952b20b75eba752a0d9f19d9bd867aca5b,0,0,[],0,[]
513,0xbd3fe665f6d7a9c8f02242a0d715e8dec61cb12b,0,0,[],0,[]
514,0xbd3fed06c08c841081affd32594b070bc07a8a21,0,0,[],0,[]
515,0xbd404d4ce32d84c22abf8846dc9b90ef7faa5d58,0,0,[],0,[]
516,0xbd405f61be71f76a9fcbce24bd310579e444d218,0,0,[],0,[]
517,0xbd40733a2f223ff32195a759a81df25e35dd4dea,0,0,[],0,[]
518,0xbd40ca668f82c363b235ad0098f71a26309da00b,0,0,[],0,[]
519,0xbd40cecb86ecafe51a043ae640c790a04d74970e,0,0,[],0,[]
520,0xbd40eaa6365abfc9850848a9dd7532bf735331e8,0,0,[],0,[]
521,0xbd41508437512390b3a2f1230360ec870d974339,0,0,[],0,[]
522,0xbd415490aadab6dd6c5a845211c68aaaeeceb183,0,0,[],0,[]
523,0xbd4207f1807cae27de07fddc01641f261763dae1,0,0,[],0,[]
524,0xbd4243212faffe55abffff4445b867fae5cef3e1,0,0,[],0,[]
525,0xbd4257d510221ad5dd5d94c127eb0bc7b174b965,0,0,[],0,[]
526,0xbd427a32d20e04ecdc0ee6a81425c33dcf636428,0,0,[],0,[]
527,0xbd42c8f24e4d455665fcfcadf14fc693475c0a4d,0,0,[],0,[]
528,0xbd43357d40b722787f7850f4113cc43eda015e52,0,0,[],0,[]
529,0xbd436ce00ddf237822714232b76af6865749e0b3,0,0,[],0,[]
530,0xbd43842cc38a094adbd559b8dad3d0ba8f817962,0,0,[],0,[]
531,0xbd43bb476bac331ee9af35f3bc67a35e5690c71a,0,0,[],0,[]
532,0xbd43cc85b8487fa281162a2c725fb31c49a99dfe,0,0,[],0,[]
533,0xbd43e0becc30bea987a30239105cbf906c2d14bd,0,0,[],0,[]
534,0xbd447455b1e9616436601c766dbb75e96342136d,0,0,[],0,[]
535,0xbd4478acbbc16409fe848fc9d73805e374fafa83,0,0,[],0,[]
536,0xbd44d8add2c59584c37c5dee45c8b8efb445ba4f,0,0,[],0,[]
537,0xbd4534bdadfca359fd00ce1fabc904b9b9d7a551,0,0,[],0,[]
538,0xbd4562c56312796301284a93377dab54dbe50514,0,0,[],0,[]
539,0xbd4564132772820dc5fe707b8ef4de27b5aaec55,0,0,[],0,[]
540,0xbd45d6e28ba32dd8a863360aaeb573e40b0a8a97,0,0,[],0,[]
541,0xbd45d829fcc518e09636676c2fd77f75857bc915,0,0,[],0,[]
542,0xbd46015246e17ec6d2e426e3af780f3eaf93bd79,0,0,[],0,[]
543,0xbd464f553d2e9fc9699f75662319c2439933e1da,0,0,[],0,[]
544,0xbd4660aa910fbb1d1f18777cbc9112408cb484a4,0,0,[],0,[]
545,0xbd46b8be65176b7f081369d53159bceabc2b5fec,0,0,[],0,[]
546,0xbd46d53cffa80c484b9b4b6e740355c81484b71a,0,0,[],0,[]
547,0xbd473176c480fdd062b188ca339da3f766177a75,0,0,[],0,[]
548,0xbd47804a57b0ae548ca60ce21341a327290d2c82,0,0,[],0,[]
549,0xbd47ac186e5d1d64ed25484bb6b10ecaec7c5517,0,0,[],0,[]
550,0xbd47bb391e4088a5b4d2f945416930e252ae9413,0,0,[],0,[]
551,0xbd47c949acaf96e002ff92e3f007df4220ad3247,0,0,[],0,[]
552,0xbd47de36bc5059613c485c772c10ac40f05dd881,0,0,[],0,[]
553,0xbd47e1520262e7b3f0c4a81380f12fbcd5be86be,0,0,[],0,[]
554,0xbd47fe91dd1a0d1a6f612c314e66bdb1186159b9,0,0,[],0,[]
555,0xbd4816f360cb3ce4f9d340e6c96772f664dc8d4c,0,0,[],0,[]
556,0xbd481a28469186a1bc22e087ca18f4f13f6f26da,0,0,[],0,[]
557,0xbd481de0879a7ef4b60e639a39e36b523714f4d5,0,0,[],0,[]
558,0xbd48212ca2cac9c745550664ba50d01879956f12,0,0,[],0,[]
559,0xbd487d7b97ae23e58da6444d05c03736cc721a49,0,0,[],0,[]
560,0xbd48dd506e9179a757ae229d04745476ce6c2aad,0,0,[],0,[]
561,0xbd48e0781b7e77eea18a616854c54b0bbcce98da,0,0,[],0,[]
562,0xbd48f448c47e2e26857b6a51adc79c2982c5d4b1,0,0,[],0,[]
563,0xbd49400e75b2b7f22c5792e5b0a0bc21075e6237,0,0,[],0,[]
564,0xbd4978ea370a4ccf240ef6b8b0ce5c9a1c1e9653,0,0,[],0,[]
565,0xbd498e36ed593c3c1358da7e44bcc0fff7c9ef9f,0,0,[],0,[]
566,0xbd49b33080d7a197a1bb259c750ed0a965bd4cfd,0,0,[],0,[]
567,0xbd49e2da09b7b0579eed41f0d7bec27e958b11c3,0,0,[],0,[]
568,0xbd4a1cdbc503fbeded8f837c3ded7d6514492d01,0,0,[],0,[]
569,0xbd4a3f53f20afc6ff6dd186e71e8288f00d366ec,0,0,[],0,[]
570,0xbd4a6f636d300241ffb65c9e99aaad296fadd1b3,0,0,[],0,[]
571,0xbd4a7ce995e83daedba38da68feac3a94c0d7091,0,0,[],0,[]
572,0xbd4a8dd90fafd3dab400c2a82e8b5a8a8b1751de,0,0,[],0,[]
573,0xbd4b1ae4b4abde266e31233572a91b0af1e73882,0,0,[],0,[]
574,0xbd4b45c5b8f093feb90417bbceaec89b51b5fb36,0,0,[],0,[]
575,0xbd4b4a4491b14200b0dd07c77255fc9d4f5fed50,0,0,[],0,[]
576,0xbd4b4b2cd6351f9dddc29f3c56b971265e82b7d1,0,0,[],0,[]
577,0xbd4b5f6ca4746e2937a8f16a83b5bdfbf8b1b5fe,0,0,[],0,[]
578,0xbd4b6be4c7c5f40b7df0c4d7353ef82cedd3c90d,0,0,[],0,[]
579,0xbd4bf79497202056e83c3391cc725c6b7e8177bc,0,0,[],0,[]
580,0xbd4c018655c295fab4e5308870b290eff8b67df0,0,0,[],0,[]
581,0xbd4c229f740e56567c8e4bee73d24cdca4faacdd,0,0,[],0,[]
582,0xbd4c4dfe3d911f0676c4186bd639682b26495d79,0,0,[],0,[]
583,0xbd4c6328dd8674cf9e7461a215e63633484a746f,0,0,[],0,[]
584,0xbd4cc61496854713089fbc9e0cddda5fb2a48cb4,0,0,[],0,[]
585,0xbd4cd2d4b662308cfd38bf9474fef534c285edc0,0,0,[],0,[]
586,0xbd4d12dd31fad9076ab4499b8b7af56bad019713,0,0,[],0,[]
587,0xbd4d35cf395602bde465024db43837803df9b7d1,0,0,[],0,[]
588,0xbd4d438f60da4050ce56ad58d771eb97f4816507,0,0,[],0,[]
589,0xbd4d8abff8e6ed1472384d406a7bb902105d7c00,0,0,[],0,[]
590,0xbd4de8f4bbeec8816a322c9c8fb253e378696c5d,0,0,[],0,[]
591,0xbd4dfe4047eed93e2b78d49e2fb4afd6f4cc625c,0,0,[],0,[]
592,0xbd4e60b63e568c1ee582e8f581fad0b5e96b14ba,0,0,[],0,[]
593,0xbd4ea54cc3d6b31730bb0ca113aee2ecbb1244d8,0,0,[],0,[]
594,0xbd4ed75b118ba8923cd735ebc0b7dffb5f76a52c,0,0,[],0,[]
595,0xbd4ef9eaa661cc63e45d97df60d08cfbe770fdd9,0,0,[],0,[]
596,0xbd4f2a2e12236b0d9e67cb4e511d9b3bd8824a8b,0,0,[],0,[]
597,0xbd4f2e3e04463074e2626142978ff1ededb7f483,0,0,[],0,[]
598,0xbd4f58b564849ca74cbf99488586dfabda25a0c0,0,0,[],0,[]
599,0xbd4f608c9871bf6ccd3b2476d4ec072f2e1a2dfa,0,0,[],0,[]
600,0xbd4fee1bf02ed18d0afda07290bb15974ca99683,0,0,[],0,[]
601,0xbd5012347ad319dae6736812814f55cc03b54014,0,0,[],0,[]
602,0xbd50397ded7306df50f160623a3aed2986f2fac0,0,0,[],0,[]
603,0xbd5097726984b7e6120a390550ed744889641776,0,0,[],0,[]
604,0xbd50afae1209a9930885acfd36a1d486ae3a094e,0,0,[],0,[]
605,0xbd50cb1665778aa0a092b6a111c5ac8114eb9207,0,0,[],0,[]
606,0xbd50cc301ba1a5ceeec9950db76b5e29e781b2af,0,0,[],0,[]
607,0xbd513fffef0a0985bb394da5f1dcd486c20ef615,0,0,[],0,[]
608,0xbd516bf09f2c6a3827346231df8d4cf742a13032,0,0,[],0,[]
609,0xbd5177e50556f73d69dac91033d8abf51ecb91db,0,0,[],0,[]
610,0xbd518847f79ea42e3bc0a16b9dafd8e59e81c334,0,0,[],0,[]
611,0xbd5199a877f2f46bb7b52b3c888353d27977064d,0,0,[],0,[]
612,0xbd51ead9b9c0640701ccd3fedaaf59a5a53b45be,0,0,[],0,[]
613,0xbd52446e9d6c80c20c67d8bf450f60395303219e,0,0,[],0,[]
614,0xbd52889a4cb198a0e2ce36b52cdf75c4e65875a8,0,0,[],0,[]
615,0xbd5297240cba20203dedd1afbb6704f5215152b4,0,0,[],0,[]
616,0xbd52b2d673c281aa611eaffc879c42b5ea36357e,0,0,[],0,[]
617,0xbd530aafa14da8e84849cda512799d724a381551,0,0,[],0,[]
618,0xbd5317ad5c0c235c0c6e9f3b65c790d968213c43,0,0,[],0,[]
619,0xbd531949496b19db93acb7655ee98bc0bd8e40e3,0,0,[],0,[]
620,0xbd534cbb26514fd5fdbd3a25d035b26b183624fa,0,0,[],0,[]
621,0xbd53741bb16cd41d2b45b9b2c52f854d39218ba9,0,0,[],0,[]
622,0xbd5394bed609fdb02a93beefc3a7729fbc84d289,0,0,[],0,[]
623,0xbd5402de6ee92d18bc737766095bbaae71f75a60,0,0,[],0,[]
624,0xbd5445e200fef0a179c49f52070aeff55f6bed96,0,0,[],0,[]
625,0xbd547c3854dc36c04553d7f45f110675b0ea6d68,0,0,[],0,[]
626,0xbd54fa0baf939576827f2d6a9ba15d9ff1ee82e8,0,0,[],0,[]
627,0xbd550594e1ae82a48388218e8bd0270c0a8107ab,0,0,[],0,[]
628,0xbd552036e87ee5ebfd853a5632a8010b3a84f6d9,0,0,[],0,[]
629,0xbd552e00bdc2089119f6f9ad072072818411e3aa,0,0,[],0,[]
630,0xbd553d18a8201006cb145a171dd810773b427f4c,0,0,[],0,[]
631,0xbd5578856431f5ea1a33e6a18a5a159f350f8c6a,0,0,[],0,[]
632,0xbd557c1b97bdd7ff73abc8edcb6d8e8b99d84a23,0,0,[],0,[]
633,0xbd558845be2de4bf0fa73f3436fc22332ffe14f3,0,0,[],0,[]
634,0xbd558b36e7734346979855fe9cfe79a3a8591609,0,0,[],0,[]
635,0xbd55e34a40936235382c26f701c996cd2a215275,0,0,[],0,[]
636,0xbd55fe4d7d1fb4c498d43181aa341e49173fa0fb,0,0,[],0,[]
637,0xbd564d1f7154ecbe4a8b4188d217e6c1399eeb9b,0,0,[],0,[]
638,0xbd56563008a45ea7329addc2b01b3bebc7065b79,0,0,[],0,[]
639,0xbd5656ed6fc16796e34b578db5e7f09bf938f44b,0,0,[],0,[]
640,0xbd567a7491a84f8d7bbb1eabba944009dc3304c9,0,0,[],0,[]
641,0xbd5683f233912ddfd390ba1498df1c98dd7d5fae,0,0,[],0,[]
642,0xbd56b21a992fbe2e830e18429c37fbd2849f1081,0,0,[],0,[]
643,0xbd56d8371e9c312ea2307181a64c93c40a9e2057,0,0,[],0,[]
644,0xbd571cdda6d33ff07c3df2f6c5990446072df7f3,0,0,[],0,[]
645,0xbd5740123124a01f24d667737d042447fff9fe12,0,0,[],0,[]
646,0xbd5764618ff01005274bb6bd29a64a9e58bf71e5,0,0,[],0,[]
647,0xbd576adac2c7ca3fcb24b2ce5975c4c8c9b7dad1,0,0,[],0,[]
648,0xbd577fc8c83fe07f4aaa67a3029a5f3bad17a31b,0,0,[],0,[]
649,0xbd57ee720dbd8c4a3421a23c653f60196fa29858,0,0,[],0,[]
650,0xbd57eee907a5355e51e7519c9b8282f572e9ccdb,0,0,[],0,[]
651,0xbd57f4ace396ace90979d79873e41226f93f579c,0,0,[],0,[]
652,0xbd583a1f179302aa29a6e519ac541046167b92f1,0,0,[],0,[]
653,0xbd585e52d965e5fb82a6f283f680cc4a29e4c381,0,0,[],0,[]
654,0xbd587e454cf725cf9a42f5fe4a86cc184186b0df,0,0,[],0,[]
655,0xbd58b30bff344ec61f61f54bbd97e16210ccb171,0,0,[],0,[]
656,0xbd58e6a0c9356f13235a935783ce0023bef30b76,0,0,[],0,[]
657,0xbd590599072a9a4b5be5baef91f9d6f861b2d954,0,0,[],0,[]
658,0xbd5975d969a5590b663c329490add6030c28a9ae,0,0,[],0,[]
659,0xbd599b5e5a68693bf825c34a9ccf33834e66202a,0,0,[],0,[]
660,0xbd59e915227dbce20a5910ce2a19f304687a75c9,0,0,[],0,[]
661,0xbd5a04e973d900d3b68b122df1b783b98149bf89,0,0,[],0,[]
662,0xbd5a19fb489c14ea4557dc9231a08413dab8e566,0,0,[],0,[]
663,0xbd5a328e6ad8b7f535a95092dc2db84f8d54e8bf,0,0,[],0,[]
664,0xbd5a54c23cc50256ac1983860d55c7f0ab2ef845,0,0,[],0,[]
665,0xbd5ab9bdc878aa54f88273beef45add56827b972,0,0,[],0,[]
666,0xbd5acb8a455886427ae6e55ea52c6f06a5c3b539,0,0,[],0,[]
667,0xbd5ae4c66e9a234cbea5afacac9d9219c1832ba5,0,0,[],0,[]
668,0xbd5af07fc172dcf3af0fc6a54e72e7d4e784e095,0,0,[],0,[]
669,0xbd5af5b029c1319dcdf6f95745de59d9f47f9bfc,0,0,[],0,[]
670,0xbd5afa74c844eb50bc294222cf29893ef1a10215,0,0,[],0,[]
671,0xbd5afd0dd486d013e212ca1b3bb6abc6ab3a9081,0,0,[],0,[]
672,0xbd5b269ff489220a7c6b27c2ce2ed5e26f1a01cf,0,0,[],0,[]
673,0xbd5b3a89b8ff65200b962581efad3965e8e6b367,0,0,[],0,[]
674,0xbd5b5ec1c56600853a135da712644b3ac9082c35,0,0,[],0,[]
675,0xbd5b7373943c5f9b90c48fa71639bad7f809e1ae,0,0,[],0,[]
676,0xbd5b82a26e381af0d5adc4269f23c998bd2a7fac,0,0,[],0,[]
677,0xbd5b82b95d7c25f5f7767ecbdd5d3ea8fb63c09c,0,0,[],0,[]
678,0xbd5b8915b1ec24fe8d9272e0f9e03c95f9e88795,0,0,[],0,[]
679,0xbd5bcb978dca370c03fb5f827e17cf16537121db,0,0,[],0,[]
680,0xbd5bd8b41398ad79942203e5151ba992822ed12b,0,0,[],0,[]
681,0xbd5c31b3799f87379c55e9e56efc4bbbc7dd708d,0,0,[],0,[]
682,0xbd5c451c4684e5f0df36e106cdea0aa8837812da,0,0,[],0,[]
683,0xbd5c7395343ffaa50f00e9e494512f3be897000d,0,0,[],0,[]
684,0xbd5c84ed56d838bacb7e54cf00315626ba7d9a46,0,0,[],0,[]
685,0xbd5c903ba077c8241526cd95c63879bfed9d8ae3,0,0,[],0,[]
686,0xbd5c995a92c35162394273f2b2d300078c95e2ac,0,0,[],0,[]
687,0xbd5c9bfa481e5d382365288a59fdc48cb3d359ca,0,0,[],0,[]
688,0xbd5d03fe5cb31b9443855245ce6d77b8636012af,0,0,[],0,[]
689,0xbd5d19c4f9ca286b51cf809f597f798a9f13e258,0,0,[],0,[]
690,0xbd5d225e3a3c74dc89bd62d9badf7e45b2d6912c,0,0,[],0,[]
691,0xbd5d6356df538ee7b17401066df89c4fc9c85f4b,0,0,[],0,[]
692,0xbd5d6c1761cbfd602b534e6f1874be9a014d63f2,0,0,[],0,[]
693,0xbd5d708b87c93d0e05ecf81d930b8ea142324c1e,0,0,[],0,[]
694,0xbd5d730ae36dc3345facecc645aaf1d7fb02ab97,0,0,[],0,[]
695,0xbd5da077ae68cfad65ba9ff9999801c63deff662,0,0,[],0,[]
696,0xbd5da97ee7618a744d2184677d2d3c648bed6cb6,0,0,[],0,[]
697,0xbd5db3e6889fd05d0dfd69c23cbaeb6897a57694,0,0,[],0,[]
698,0xbd5dc7284d44a6e6fd4d07614956f62cba35fac5,0,0,[],0,[]
699,0xbd5dd561f0759ae066d0fbcaf60ae8fc413baea9,0,0,[],0,[]
700,0xbd5e107c46d1a580454104f6a6a109c445f319f3,0,0,[],0,[]
701,0xbd5e12aca456cf5055168407969d02ae9a0ed7c9,0,0,[],0,[]
702,0xbd5e5dca8ef0be16a9b72f30fa5a1695f3c990df,0,0,[],0,[]
703,0xbd5eed5c9c214b61d07e5c56f1a0d906b7adf12a,0,0,[],0,[]
704,0xbd5f593c86319523e6e8afe60dedbefaedbdb8c9,0,0,[],1,[]
705,0xbd5f5fd8d00fd7e55b178949bcfc0640194a732b,0,0,[],0,[]
706,0xbd5f7f276d94afcac1505f93a98c0ec39a6e6a23,0,0,[],0,[]
707,0xbd5f8f185ab8ecc5f53e333c616583d096bed647,0,0,[],0,[]
708,0xbd5f9862ca8b47c6f6404ffa6bf959dbc53d6a9b,0,0,[],0,[]
709,0xbd5fbb693eb654167699be7cf78b70d2f7ed7968,0,0,[],0,[]
710,0xbd5fce39285b22bf3cf077a2e27e4da731012f29,0,0,[],0,[]
711,0xbd602c4853a609b432ffba1b18fc7270263210ba,0,0,[],0,[]
712,0xbd602f8ecd6694d6c75183903ba9c5f49ca48991,0,0,[],0,[]
713,0xbd6053c0986b8090e8dca21a982379dc9839d0ed,0,0,[],0,[]
714,0xbd605b137123bd77b2d4a9c0a6481dff08ca138c,0,0,[],0,[]
715,0xbd60920c5c7e7a74e53061e0dff88e4f201383b5,0,0,[],0,[]
716,0xbd60c4a1d623ec17c2f5db49c28adf744bc577a9,0,0,[],0,[]
717,0xbd60d5cbab2f2705fa4ae9aad5815f228a105c2a,0,0,[],0,[]
718,0xbd61086fbc923f6217f5e02299319dce1ae8564f,0,0,[],0,[]
719,0xbd6148d622150435e1775deae5a3a8e0d613104a,0,0,[],0,[]
720,0xbd61608a9fa1d469f57b6df2997929c6b5d71a34,0,0,[],0,[]
721,0xbd618d2abd6664191e97c1b0215791bca61d0348,0,0,[],0,[]
722,0xbd61958c5ca3ccbe4736a6f014cf88bd2bebc72d,0,0,[],0,[]
723,0xbd61b202835954d34ec646f68b99d76e934f8ead,0,0,[],0,[]
724,0xbd61b56e12bfaae9040b51ca6e23e5a55487cb6b,0,0,[],0,[]
725,0xbd61ec6ace43945c1530c85fa92315925f369c74,0,0,[],0,[]
726,0xbd61ef27f0793cc3a4a0afbeb00b206fc5c89c2c,0,0,[],0,[]
727,0xbd62307c15bd2ab90d7e12ad0d24388113469080,0,0,[],0,[]
728,0xbd6256861d378224a1a80aa57bba3d0e5a32ef86,0,0,[],0,[]
729,0xbd625f3c0148f89d8949cc90f9719abbb8325d4b,0,0,[],0,[]
730,0xbd627f65f1e865dab22ba87e52d24a512fa693d3,0,0,[],0,[]
731,0xbd62d8246e4bcfc232a4877a879758e2e2c4d705,0,0,[],0,[]
732,0xbd62e1f054b8b8b613e115e938844c7c5d6499c3,0,0,[],0,[]
733,0xbd63a63f860ec40ec82161814281b4c2053f86e6,0,0,[],0,[]
734,0xbd63ace18fa1245ca19bedd620515c060760e940,0,0,[],0,[]
735,0xbd64245b0c8b3ec75a80d0c887639d8db8d6a41b,0,0,[],0,[]
736,0xbd6491e758458bbcc3f289cd23c3b2b509e10534,0,0,[],0,[]
737,0xbd64afdacfe111a39b9e2a16c8dc9ebb051434ac,0,0,[],0,[]
738,0xbd64efa0e99376a03850e17cc3c41247e31f32a7,0,0,[],0,[]
739,0xbd6503c52580a79b4a2ef3f4a7b703883e59a928,0,0,[],0,[]
740,0xbd654dfbdeed0778972c7dd8f3007d21166cdafc,0,0,[],0,[]
741,0xbd6589b73d037ea4bbd0f5bdc82aa214b3559fb8,0,0,[],0,[]
742,0xbd658e6430b6d7db6413b5424f1d60800671bb9c,0,0,[],0,[]
743,0xbd66358c50e4de3f5e5527703026029b11068afd,0,0,[],0,[]
744,0xbd665a0dbcec07685047f119bd4e9241e7ae7792,0,0,[],0,[]
745,0xbd66a863e7c18ba99c69ae8d334ac39059de6189,0,0,[],0,[]
746,0xbd66b51ae308923029992a8a8d185a860447c72b,0,0,[],0,[]
747,0xbd66b8206e2a73bb23b7879761032db92adade02,0,0,[],0,[]
748,0xbd66bf49f0865d48a41fea2afc75396656b09364,0,0,[],0,[]
749,0xbd66d6647423df8d5b2df198caffd9b727480d2a,0,0,[],0,[]
750,0xbd66d96effdb4b09703c8398dc81177a16dfaf3b,0,0,[],0,[]
751,0xbd66f7dab7869b566a0ee2e216f5791673c1db47,0,0,[],0,[]
752,0xbd66fdfda9bb420b820094a64e4a31199880db6b,0,0,[],0,[]
753,0xbd676e6b409eba3e164178a182cd182f99cbc4a5,0,0,[],0,[]
754,0xbd678c4d5aac27b4c6d35eaf7f7b0c602f5689c5,0,0,[],0,[]
755,0xbd67c6bcb83a9c43d84e93965a5e990c6a4611a1,0,0,[],0,[]
756,0xbd67cac99250adb28b2149862686a77c78cee742,0,0,[],0,[]
757,0xbd67ea50825eae3099f046ce4347b2b2c1c45508,0,0,[],0,[]
758,0xbd68223ee06f3095212d9dc1c66a02f830addc94,0,0,[],0,[]
759,0xbd684cb56b3be6678f6ab23f59a64b6911abdec9,0,0,[],0,[]
760,0xbd686311c4e4289e14665bc15dac13bfa1ccb0cf,0,0,[],0,[]
761,0xbd68d458bc75378a9336991d9f3eb13f5efcd3bb,0,0,[],0,[]
762,0xbd68f4de2956df25f1450ed35a9416ac35d00658,0,0,[],0,[]
763,0xbd6939c3fe91c261b5dd49249e65fd4ba6e4cf8d,0,0,[],0,[]
764,0xbd694afc6b597c62451181151812c9e288ac0a36,0,0,[],0,[]
765,0xbd694d254b52152509882e43bbf9d79105d4957e,0,0,[],0,[]
766,0xbd695baed1423cf73addf5401da6161fbfea9e7f,0,0,[],0,[]
767,0xbd6979a98e4e13c9a7543137f57b822a8c5e489e,0,0,[],0,[]
768,0xbd69adb7583109254d0ef6d6ae770e8b262e560a,0,0,[],0,[]
769,0xbd69bbffb188ece616ce4e0e7587a76dd985a342,0,0,[],0,[]
770,0xbd69e586c578e9e68b8426a89d71792a4ded0fd2,0,0,[],0,[]
771,0xbd6a1116f8fe169ed3f3a5f01c58772d7943e8dc,0,0,[],0,[]
772,0xbd6a3afec63c4bf5ff471a9b4b15f624d1beb419,0,0,[],0,[]
773,0xbd6ab39c612c6a641d5f69a722c1ccd5419918e6,0,0,[],0,[]
774,0xbd6ac2e4980f00d1268bfbc58affb76f64a2eed0,0,0,[],0,[]
775,0xbd6acb9aa1c55ec2366f65155fa62b2091abecb6,0,0,[],0,[]
776,0xbd6ada8a21d05eee164ee4a17b650085c6f69556,0,0,[],0,[]
777,0xbd6af66d5a120ca744fc619f916cef743f967c3c,0,0,[],0,[]
778,0xbd6afa4aa33f947bd1c6924c73c1eb902b9fd7c3,0,0,[],0,[]
779,0xbd6b11d2a855e9b94e3deecdcd7117c3fb1c94b9,0,0,[],0,[]
780,0xbd6b30d91d363b57f1f244ee0c77cd3f0cc77d79,0,0,[],0,[]
781,0xbd6bffa876e8d38e0c6a89b901d1f6799763123c,0,0,[],0,[]
782,0xbd6c2002db8fbea03844a814fbe86badd7f65bf2,0,0,[],0,[]
783,0xbd6c58cf7885ea1781295593f4dcaacb2873efaa,0,0,[],0,[]
784,0xbd6c78407ab842c8945b304f7fad6da771091a0e,0,0,[],0,[]
785,0xbd6c9f9cef602de8280e55ffcc48ec326a76ba11,0,0,[],0,[]
786,0xbd6cad990d3718f048202d7ecc937206d8df73dc,0,0,[],0,[]
787,0xbd6cdae47892f459410d1cfaf294c7bd70aceb05,0,0,[],0,[]
788,0xbd6cfbee6d94ec440c4a93cb8d42772e00cbead3,0,0,[],0,[]
789,0xbd6d39650b9cd2ad22d64899a48d90cb504e5613,0,0,[],0,[]
790,0xbd6d47b08c81a87492588f0fcd7ac438f0631578,0,0,[],0,[]
791,0xbd6d771b85ea1cc99b430b27a898a94dc081dd38,0,0,[],0,[]
792,0xbd6de115a1480b2b65b6eb854177f4ca56188deb,0,0,[],0,[]
793,0xbd6e025353dfb85c5812cc2a2163d0617267df97,0,0,[],0,[]
794,0xbd6e6e1941908f812c167d8c3b5d5157e1bc7c35,0,0,[],0,[]
795,0xbd6e778a7544f93abc6709c236e5af66894cbdc9,0,0,[],0,[]
796,0xbd6e8b7382530e14433496ebd67e89bdf47b72bc,0,0,[],0,[]
797,0xbd6e9c70483516e825a7f5adf011b37a9ceab1cd,0,0,[],0,[]
798,0xbd6ee668e3ab808a78e4018a5e3a719a0ef50662,0,0,[],0,[]
799,0xbd6eed645404727067732557a246485d421e9d62,0,0,[],0,[]
800,0xbd6ef88b67e7850c135b91561a86546181195249,0,0,[],0,[]
801,0xbd6f5bdc401ab1ca811e40755f4a2ddad75ce2cc,0,0,[],0,[]
802,0xbd6f9a0765d0a96dc99fa99c43c8a138b6576d50,0,0,[],0,[]
803,0xbd6fcf9122bbbf1b36137d3fb3ecf20e96b0479f,0,0,[],0,[]
804,0xbd703b6562d662c2938c0b29304c34232f806051,0,0,[],0,[]
805,0xbd70637b21e6e15d40a9491efe7847451ed4c32e,0,0,[],0,[]
806,0xbd70829067c6a048ffe0b6c3a89306ceb2d01616,0,0,[],0,[]
807,0xbd709385ce8d65a2d475d04083791f77a4ae57f6,0,0,[],0,[]
808,0xbd70df633b223b24152e9889e91a173f1d4b3fb9,0,0,[],0,[]
809,0xbd70ff2c24c9b1861b6a0a9e932d625513b5ed38,0,0,[],0,[]
810,0xbd711138207ef17f00c0e0fc60df55ac33f6a7b1,0,0,[],0,[]
811,0xbd711a41303a9c60a09dd07adb5d5627abb0c116,0,0,[],0,[]
812,0xbd7132dd42846c917eaf8c7cf5c6cbee22325018,0,0,[],0,[]
813,0xbd71a1bb1fb05d552972c286ea4b1f6c0851220e,0,0,[],0,[]
814,0xbd7201b5270b0c6249c0282e0fb131c864fb4846,0,0,[],0,[]
815,0xbd720d826536a13c360c8682c7944af22fa4c729,0,0,[],0,[]
816,0xbd7278916a8927126085f38861445973ae90ab31,0,0,[],0,[]
817,0xbd72cf2e3f46c5e2b6e764879fa5aca5608851ad,0,0,[],0,[]
818,0xbd737a49a35350a6b4f9a3c7a92d667fcabbf3fb,0,0,[],0,[]
819,0xbd737f10e63f947d212d7edf62c601314009963e,0,0,[],0,[]
820,0xbd73a573f16af56c2be1e022aec67068598afaaf,0,0,[],0,[]
821,0xbd73fea3f4c1841965d237e26c4018bb6682cc7c,0,0,[],0,[]
822,0xbd7402cc5c6d3f900823021bb42ac63f0f9db305,0,0,[],0,[]
823,0xbd741c4107936a284ef15d32bb9f61c03091d802,0,0,[],0,[]
824,0xbd744a392275c55d47f636664f1702e51346ea12,0,0,[],0,[]
825,0xbd749721271a370487a2d0296d9f5f1c6e432717,0,0,[],0,[]
826,0xbd750a521e0a694cb176c68b4a1b9a146a72d38a,0,0,[],0,[]
827,0xbd751395b14b4cdbfe828429857ec6b8c93f79d0,0,0,[],0,[]
828,0xbd75157b5201a316bb76ff07bde1eef31e1d7078,0,0,[],0,[]
829,0xbd753b8c781698c62506f3d5e6a8c1ae201d3c0f,0,0,[],0,[]
830,0xbd755fe15a2d19325b22302e4706a6569c298c5a,0,0,[],0,[]
831,0xbd758bcf5acdf531cba092fabf3b400902d09963,0,0,[],0,[]
832,0xbd758fada0cfb7c14ad70af85fd3125957357d94,0,0,[],0,[]
833,0xbd765019e1c82c2219b33dd9bf1ba2ceaba2998f,0,0,[],0,[]
834,0xbd76656cc9f5624e53527614e643f4631e1bea9e,0,0,[],0,[]
835,0xbd766dfcbf139050ae9b33d70600417b60c8aa44,0,0,[],0,[]
836,0xbd76745d237ff936af4e14303c909fca5beb48be,0,0,[],0,[]
837,0xbd769157a6c9f7405f0429a917cfb2eb5bbdf4d6,0,0,[],0,[]
838,0xbd769c5003a031cc3fe59328ae223c92954fd9d0,0,0,[],0,[]
839,0xbd76f7cb0482f9b77096223a7068d0518811c021,0,0,[],0,[]
840,0xbd76fcb635b38b78b9b851242a932ff4a8345852,0,0,[],0,[]
841,0xbd7725e0babbe271cfdc18da173d72c751235b96,0,0,[],0,[]
842,0xbd773c69230e46c8d97b3c8ed84b83910dfded8b,0,0,[],0,[]
843,0xbd7749eb252586cd56e458c1ab6e7bc055c6aee1,0,0,[],0,[]
844,0xbd77692ca0fdc4c2a14d152d405be944bb9bd6c9,0,0,[],0,[]
845,0xbd778dbc24c809eb9cdb097f162ab97a86049e05,0,0,[],0,[]
846,0xbd779e42124ca050fae4392eb1428a4e7f30350d,0,0,[],0,[]
847,0xbd77b0f0fbc8769dfade3a26a4ac9a2911d2071e,0,0,[],0,[]
848,0xbd77c784614e95bff7c1511aa8f4c46a2d19f134,0,0,[],0,[]
849,0xbd77e59b57da99ecc5b6e4727d627a167dd3fd1e,0,0,[],0,[]
850,0xbd77f61887d5336c95afcb8cc15f72da686d7362,0,0,[],0,[]
851,0xbd7867409a0ad489ca0f68630fe1c11f6622de79,0,0,[],0,[]
852,0xbd7891a79c5e582db4f71c259a69f22c3ab565ed,0,0,[],0,[]
853,0xbd7897fa68746d22cc9b3e9c6ccc3340c31efc2b,0,0,[],0,[]
854,0xbd78a2ffeb03281c46d618245dea75ab664bc507,0,0,[],0,[]
855,0xbd7991b2affa779471cc25e46dc3cd59c8088213,0,0,[],0,[]
856,0xbd79c12e6eee8c73ca1f975ae9cc61fb0eeb8d73,0,0,[],0,[]
857,0xbd79c54f36b69ba0fd5de6c05d7f4cfa1b4c876d,0,0,[],0,[]
858,0xbd79e17e4ab4471871ca13f6002524e2b2f0ce2b,0,0,[],0,[]
859,0xbd7a1548882c919d5558bf6034e0895518125c07,0,0,[],0,[]
860,0xbd7a32c1e901d2189a9397b6c6ea393b4a63fa34,0,0,[],0,[]
861,0xbd7a578cebd24627e96478f7f9f4a5e456f72482,0,0,[],0,[]
862,0xbd7a8f6dd4ece83ddd384a95d35c0fa9c072a675,0,0,[],0,[]
863,0xbd7aaba0c43ade9163775ddac224699e17ab73ae,0,0,[],0,[]
864,0xbd7af2574daebee0d624b1065a780240c80abe6d,0,0,[],0,[]
865,0xbd7bd6ffa74b7336f292bfc34275152ca5bf69cd,0,0,[],0,[]
866,0xbd7bebc8baeae7c7ebb5cfbb686bbfd5a79d44a0,0,0,[],0,[]
867,0xbd7c43b43fd405720855bf40e5a361f53dcb6878,0,0,[],0,[]
868,0xbd7cce01ce8fe96dd49480cb9ff147efc072a515,0,0,[],0,[]
869,0xbd7cdda96de7cbef3ac373bbeddff1b56c71ff57,0,0,[],0,[]
870,0xbd7d5b2e73cf1e8ebce591a3a47e73fd5fff88a7,0,0,[],0,[]
871,0xbd7d64c7b039107da0edc1dac49d8b55c625688b,0,0,[],0,[]
872,0xbd7d98b455a90e9839b75ab31ce88b988f3a4ee0,0,0,[],0,[]
873,0xbd7dd3346b00198c93ebb2b78dc98d0a93e7b91d,0,0,[],0,[]
874,0xbd7e15cec783725ae858ea2a9aadfd23a9f5812e,0,0,[],0,[]
875,0xbd7e2ba52d7e2646377ae00993606c8a505d6962,0,0,[],0,[]
876,0xbd7e60d1fec26fdf8c2cf45fb882c924137ca20c,0,0,[],0,[]
877,0xbd7e6da83bded9793100f53fc68a20e996b0b323,0,0,[],0,[]
878,0xbd7e806b86407b5eed214699bc217ed7126b622f,0,0,[],0,[]
879,0xbd7eac9182d857e38ff8c37a3436e5367231978a,0,0,[],0,[]
880,0xbd7f0071e95f18f862f3d9a0f4c5bc5eaad7b84d,0,0,[],0,[]
881,0xbd7f06fb428fe964f1268d9d8ee8e463ddaf405c,0,0,[],0,[]
882,0xbd7f0e516c3b7c8ac31e8bcc7944452b1074fd16,0,0,[],0,[]
883,0xbd7f35babd93bcd021e82fc85cff067a08bbd294,0,0,[],0,[]
884,0xbd7f531a1877be8656f3c8bf3531abc1baff91d9,0,0,[],0,[]
885,0xbd7f551d7dc4671d1bbbbde7fcd0327928e3afd9,0,0,[],0,[]
886,0xbd7fd7baed378665592ca8851f09f59a31a2a3aa,0,0,[],0,[]
887,0xbd7ff012a63cf57b56f26ebdc46523fd849ed7ab,0,0,[],0,[]
888,0xbd800dac870f1ddbbd122c9fc0414ef1c5ffaffb,0,0,[],0,[]
889,0xbd80994e8af292ee000f2c5299d56d0b8426e12b,0,0,[],0,[]
890,0xbd80c5190017e001c89bcb553a7e497c311d1f84,0,0,[],0,[]
891,0xbd80f72bfb4e9222bebe3f5ac2470097df47008d,0,0,[],0,[]
892,0xbd810c48b7e26d6a51bb4719fe4152be86d77ef9,0,0,[],0,[]
893,0xbd810c549c287c759ff9044efeb1712bc1a58edd,0,0,[],0,[]
894,0xbd81ad6c27114fa694679ecb8cb88ccd6cb3cb28,0,0,[],0,[]
895,0xbd81b21169a41e926749832a1be17e37522a33a0,0,0,[],0,[]
896,0xbd81c3600ea112d41e2ffb36c94d502dadda365b,0,0,[],0,[]
897,0xbd82177b686ef991911f99be27179d953632b5ca,0,0,[],0,[]
898,0xbd826d4b52370ae5ce556066f875b2239d5229c0,0,0,[],0,[]
899,0xbd8284d1d32d036167194780f0cdbcbeca2904d7,0,0,[],0,[]
900,0xbd829b57110a6c4b679b5df7078915180dae4ee3,0,0,[],0,[]
901,0xbd82d76cd8a0fc358b7dc90c50e85da222fdee69,0,0,[],0,[]
902,0xbd82e61c006e87164fbd66810c8ada4e469b4c1e,0,0,[],0,[]
903,0xbd83181dee519ab46ae80ca4e00dc3e946d3a603,0,0,[],0,[]
904,0xbd8379b641d906f525a87db7747e3074eaf514c7,0,0,[],0,[]
905,0xbd83ed02fcad34c0c8beae2e16ea27fcaca8431d,0,0,[],0,[]
906,0xbd83f600e427d2d8167ea304c0a92e344d827595,0,0,[],0,[]
907,0xbd83f98fb5857394077702458ac33a4ce8e5bfbe,0,0,[],0,[]
908,0xbd841b472a139bc60f599e2cffe0aba88284b9a9,0,0,[],0,[]
909,0xbd84948434693652ca0566c031b1420cca946c55,0,0,[],0,[]
910,0xbd849c49a4811d06cdd61f55fd1b1f51de699bd6,0,0,[],0,[]
911,0xbd84a36123a6be86c1ae11767b9c8030e60db3cf,0,0,[],0,[]
912,0xbd84a8260a0dd1fae5fb92b8ec6c7f470abeed06,0,0,[],0,[]
913,0xbd84aeaf45b71196185fdabc4367d7baaab5edab,0,0,[],0,[]
914,0xbd84c4e420a22d7639ec14ceedc39aabdcb2094e,0,0,[],0,[]
915,0xbd84ee29147ff6a9161f0d000a419a49b8950992,0,0,[],0,[]
916,0xbd850a5ca2d3c0daa3804e7588b26f2dc317b1ba,0,0,[],0,[]
917,0xbd851f0459ccaa26006620a5905987e33e778988,0,0,[],0,[]
918,0xbd85328a56994e4f32286be1ac3946679f114869,0,0,[],0,[]
919,0xbd85336d7a212d6e9a8fd68f755d6c134e7198d4,0,0,[],0,[]
920,0xbd8536179ddeda8effaa0583ae6b55bf13501741,0,0,[],0,[]
921,0xbd856f20456b40572fe117f498783d7ca4e83229,0,0,[],0,[]
922,0xbd8586562333660ab5c400246e87345694f1e9c6,0,0,[],0,[]
923,0xbd85a19636d2f3a61f7f19d417928da3d3c2272b,0,0,[],0,[]
924,0xbd85b64f567773409226e772a5e3c1d3f13b636a,0,0,[],0,[]
925,0xbd8647ebd57a27cc84b87fb86820625eae953a92,0,0,[],0,[]
926,0xbd86e488d1b2d600e10e3a0a6b08011e556d54b4,0,0,[],0,[]
927,0xbd870042b5cb89d7a0bc0c6d27f877e21c450f62,0,0,[],0,[]
928,0xbd8715805193a97948e65751d99caeb0e5cb143a,0,0,[],0,[]
929,0xbd872d01038c21cc8a56fd79a2b702407c985cff,0,0,[],0,[]
930,0xbd8735250a19de1f32ecbec0482dfb6f3e4951f4,0,0,[],0,[]
931,0xbd8756f58ed396567ca204132d1fed15470173b3,0,0,[],0,[]
932,0xbd87a0af0a0cded86ae1f6b1711fbc29bd39ea0c,0,0,[],0,[]
933,0xbd87a31ef7a4a5cf02145e9fee1ed9af02b3d4d4,0,0,[],0,[]
934,0xbd87bf3171902a09ab00ff6c4410c66829a53f11,0,0,[],0,[]
935,0xbd87c91184a1914d27ec2e43936692696c756810,0,0,[],0,[]
936,0xbd87f05ae586f92668618042f247d8f4f580db6a,0,0,[],0,[]
937,0xbd8805deac08ef996dca42ae46ceb9ba579fb3ba,0,0,[],0,[]
938,0xbd880937eb1ce544b71f77e1163cc306ed936d8c,0,0,[],0,[]
939,0xbd881f33a2548f09f21f1d5fb66966c49c400ceb,0,0,[],0,[]
940,0xbd883d81d2305161c17d1509558482d738386f05,0,0,[],0,[]
941,0xbd8859ac3aae1bdd501f72ccb8c6698b87edbc05,0,0,[],0,[]
942,0xbd885b6e126f13a21d6ea99299afdd25843494c4,0,0,[],0,[]
943,0xbd88851a4af1da260582e1c001f2725d79c5513d,0,0,[],0,[]
944,0xbd888541cb76e91746f8e9d3b4b5569b5349af6d,0,0,[],0,[]
945,0xbd88a54afcad6414e8aa206b09db397be38788a2,0,0,[],0,[]
946,0xbd88b1562a887556ab87ef3c7b9398230de3d08f,0,0,[],0,[]
947,0xbd88b6b864a162dae451c97c03e3e45fb84e56b4,0,0,[],0,[]
948,0xbd88f3e60b383bae7fd890ab2d5a88f947493de6,0,0,[],0,[]
949,0xbd88fd85cce4522441b88e11b9f4bfe17d11d140,0,0,[],0,[]
950,0xbd898c2945d78932fe4a4924a0ce49b0f1baee13,0,0,[],0,[]
951,0xbd89c7acba55cb424d62a9277bc221038fbb8b5f,0,0,[],0,[]
952,0xbd89ccdfd3d49708de633927af657d8bfe31df42,0,0,[],0,[]
953,0xbd89e23cc41e082dffbbfae932eab2cee1c4018a,0,0,[],0,[]
954,0xbd89eb3735801d73b64d92f9825ced25b7f4ea37,0,0,[],0,[]
955,0xbd8a77314e9d3501424af5827d141479cad71689,0,0,[],0,[]
956,0xbd8aa3627d68e730691f3ee8e1e2c8b43ccbd813,0,0,[],0,[]
957,0xbd8aa6f342b5d6edd09a3e8baad6f4a0df6e0055,0,0,[],0,[]
958,0xbd8aada978349e9e212b5a8ce99cdfaf2314c633,0,0,[],0,[]
959,0xbd8ab2a9fcf470cc9ac034d9fa7a2d01f26a4195,0,0,[],0,[]
960,0xbd8aeeeed15b28a00bd8b46087e1ce5332a884a4,0,0,[],0,[]
961,0xbd8b6a386fbee8908329a0d757a2c1faddf8703a,0,0,[],0,[]
962,0xbd8b71bda0f5645825f4ce987256dac1dd18abcb,0,0,[],0,[]
963,0xbd8b79bbfe07c34f7a55cd5a7a6854c6775156fc,0,0,[],0,[]
964,0xbd8b7bcd2201d402015e8e11c41e6012378d2a0a,0,0,[],0,[]
965,0xbd8bada63ad98b547be859c950454badb03cdc38,0,0,[],0,[]
966,0xbd8bb84aab375c356deaf7241ef5f862879725b4,0,0,[],0,[]
967,0xbd8c011df788649116c35a61fd067eb2d857aa72,0,0,[],0,[]
968,0xbd8c340af69191bbcc5ee5825c5cd7813ef81083,0,0,[],0,[]
969,0xbd8c91926f9c6d7f193e7adec897ae6f80c0cbd3,0,0,[],0,[]
970,0xbd8cbad4df5a0976018adf8f6b267b6dbe0670b5,0,0,[],0,[]
971,0xbd8cd7654195d53e8cb6b9bd5958517b8c3ce930,0,0,[],0,[]
972,0xbd8ce558e04eb07440f40e213fe684837725c405,0,0,[],0,[]
973,0xbd8d0aad7e233f7011cd6f759863f64e945aecbf,0,0,[],0,[]
974,0xbd8d0e511987f123487752ab1f32151c182f213b,0,0,[],0,[]
975,0xbd8d3bc69ae27a87ec2e827af2221ddeb2f80b1b,0,0,[],0,[]
976,0xbd8d500d4d5697e362cfd6ed3ec59dea63d64823,0,0,[],0,[]
977,0xbd8dd53f9b2b392713abb2c1e4352ab1de1af295,0,0,[],0,[]
978,0xbd8df9597556988f00851eb2b784635ba73fba99,0,0,[],0,[]
979,0xbd8e058d88b37fa93869e5815aae3a54bffa85ae,0,0,[],0,[]
980,0xbd8e6a78dfc4937643dbe70576895944cdebba70,0,0,[],0,[]
981,0xbd8e8b29cb02093f97d5e6a36ea83d58c90bf233,0,0,[],0,[]
982,0xbd8eab0363ed34b10fb90ee827b4143ae640bd5b,0,0,[],0,[]
983,0xbd8ebf5c5a75f7f6a91fd2bf42a930a812329bf6,0,0,[],0,[]
984,0xbd8f3e420417ea3fcb801a7d5fc9df3d6be29eb0,0,0,[],0,[]
985,0xbd8f62afae35601635d6b86092d6874241733a01,0,0,[],0,[]
986,0xbd8f9fb2483a99e88d87fc9d1dc713bef963e708,0,0,[],0,[]
987,0xbd8fbbb918567ba29467015379f4ba095074db75,0,0,[],0,[]
988,0xbd8fef720491070b3921969e185dd9242abddc75,0,0,[],0,[]
989,0xbd8ffa59e07387e735689f441126d1a9165d10e8,0,0,[],0,[]
990,0xbd9055715181270937066ae117bd4d3ea5ce946f,0,0,[],0,[]
991,0xbd90896420df2a8bb353bae50ec19c6d7b4d619a,0,0,[],0,[]
992,0xbd90bb76a793bfa9410a2879462a55238702c392,0,0,[],0,[]
993,0xbd90f0243173e91385224a8117212d17c2e9e494,0,0,[],5,[]
994,0xbd910ab45a17abe8f38bf945fcb4941daf47c5f2,0,0,[],0,[]
995,0xbd91141d8c49d930426740285e8bf045a110ba2c,0,0,[],0,[]
996,0xbd9121a8f68c28570307ffb2f3e7348f8bdd64ae,0,0,[],0,[]
997,0xbd91d3c8ea33a603ad6212ef1fd66ba68d77ceef,0,0,[],0,[]
998,0xbd91fca9e9afa79d5405c4bf509720d08197b502,0,0,[],0,[]
999,0xbd92007bc11bb23983612e167513182527b73245,0,0,[],0,[]
