,id,delegatedVotesRaw,tokenHoldersRepresentedAmount,tokenHoldersRepresented,numberVotes,proposals
0,0xa3b060ebdc4227dd938999eaebdc233e6a582830,0,0,[],0,[]
1,0xa3b091af4db79ed3bd53eefd2f9dcb7e3f27c8b2,0,0,[],0,[]
2,0xa3b0c9c195241e31bf1cb635bc2599bc42189f5a,0,0,[],0,[]
3,0xa3b0d8a6227fd2a493cc8306ce3e1e1335342433,0,0,[],0,[]
4,0xa3b0e79935815730d942a444a84d4bd14a339553,0,0,[],0,[]
5,0xa3b0f6b497bcf120fa1444899b4efd131eb9ba8a,0,0,[],0,[]
6,0xa3b1080e4dc2603813c6cd879952175b6a88e68a,0,0,[],0,[]
7,0xa3b11612d30635900dc1dcedb9a46ae1e3e162a1,0,0,[],0,[]
8,0xa3b11d1f06d71eaa9cd3d0142f08e7ace9b474ec,0,0,[],0,[]
9,0xa3b1d978c58c7df3758e4fcc731f7deceefae87b,0,0,[],0,[]
10,0xa3b1e885ea72a765bfda13ba249b6616866d3d39,0,0,[],0,[]
11,0xa3b281434f597122ebd441af3c10b15dff633024,0,0,[],0,[]
12,0xa3b28c7474312eb49067f8b5db2bc3f1cca06000,0,0,[],0,[]
13,0xa3b31b5292600d48172cfe3b588a8406a41f42b7,0,0,[],0,[]
14,0xa3b352b13c2ecfd5ede40b6de76f35f31dd369c9,0,0,[],0,[]
15,0xa3b3fa654c832383788cccfefafb20ec194f1f9b,0,0,[],0,[]
16,0xa3b43e80bed97bc9c70e355335067c41c67ea612,0,0,[],0,[]
17,0xa3b460ec6ae8d18c5806d5547de2392a1a9aa40d,0,0,[],0,[]
18,0xa3b4b42a3dc3a1b045896c37d2ba3fe74f054955,0,0,[],0,[]
19,0xa3b4cf250d43c551270dc19febee624e93160c2e,0,0,[],0,[]
20,0xa3b4d89414a02682ff75e71625450c5d3aa8738e,0,0,[],0,[]
21,0xa3b4dbde8f7612dfba13a1f505cc1386a10dd22b,0,0,[],0,[]
22,0xa3b4fe4703bfd543ea6ad88b4ea83ede2a32103a,0,0,[],0,[]
23,0xa3b50a83e1edfa53c8e58562dc51772d8066bfdd,0,0,[],0,[]
24,0xa3b52c999552f888f0e2404699d38cb06905a1e8,0,0,[],0,[]
25,0xa3b5809c16fc1e81abbe0bf8d6dee8fb692112ac,0,0,[],0,[]
26,0xa3b595beb275b69ad55a145ba3c2f171420c0427,0,0,[],0,[]
27,0xa3b59cf7d8511187415370e27c6dc10f50e89be7,0,0,[],0,[]
28,0xa3b5af1a8b34526a5550b6072de29ad2cb10cdad,0,0,[],0,[]
29,0xa3b5e73c8e70d3d50e448edfbc5b377b8f1819b8,0,0,[],0,[]
30,0xa3b60b22721bdf522265d5109f474e4428103031,0,0,[],0,[]
31,0xa3b6436ec5df2b1eb7f2fa0deaedd8d027b9c017,0,0,[],0,[]
32,0xa3b6d7f301a6fd25ad0930a948411ca019c2529f,0,0,[],0,[]
33,0xa3b701891f7a804d27a29cca2ff8a18d13bb3508,0,0,[],0,[]
34,0xa3b702fb1924a26601630adf2a2bad5b32294185,0,0,[],0,[]
35,0xa3b705b33a441ff73789ed7c84d9d79976e1f11a,0,0,[],0,[]
36,0xa3b70f252e7923991e10267395103d678ff114e6,0,0,[],0,[]
37,0xa3b71365b9543120af71fa94e2fd6e46269c9870,0,0,[],0,[]
38,0xa3b725c210bd687376f83aa8fb5d607b415cf3c8,0,0,[],0,[]
39,0xa3b740c57ebb7c80e5b57a72e1e0a2bc8404e7d4,0,0,[],0,[]
40,0xa3b756c0b4daed3e3ed69a04d35c817be622904d,0,0,[],0,[]
41,0xa3b7944cd044b9a6251f42eac7dd83d6fd223776,0,0,[],0,[]
42,0xa3b7ab6e1f1aadb0fb254296c38a58de18a075dd,0,0,[],0,[]
43,0xa3b7c774927b46c8efd678d72c4ee220fd6bcdc3,0,0,[],0,[]
44,0xa3b7e3feabbfbb90619f59dc312edb3aafa8846d,0,0,[],0,[]
45,0xa3b7f121cd2fef0a02822cdf4bd6d1ed3395c26a,0,0,[],0,[]
46,0xa3b822fc3f03da5883f36766147f52b5a778721d,0,0,[],0,[]
47,0xa3b83d0e2f3d2c675439188ef1aa13d1c6abca16,0,0,[],0,[]
48,0xa3b883901ce0b3216ffed101df595aa9607120e2,0,0,[],0,[]
49,0xa3b8ab7a85269b176f43ca4ac198aedac38cc913,0,0,[],0,[]
50,0xa3b90e7c443b7436bb224a6d53305fed69aaf525,0,0,[],0,[]
51,0xa3b928a97ce672680abcf5a1ddc02fc092d2201d,0,0,[],0,[]
52,0xa3b933dd90f97edf8feda08dd911da72f21bba02,0,0,[],0,[]
53,0xa3b94a60b650eeca60487d763f831954fe0d7581,0,0,[],0,[]
54,0xa3b9703be58185cc05c010b50eba8f6de69468a6,0,0,[],0,[]
55,0xa3b994e81f3bf5ad76462fa84e8fff6f4031d5ec,0,0,[],0,[]
56,0xa3b9b30935dcb36ba7f8f343e5f376c0c48a935d,0,0,[],0,[]
57,0xa3ba27d70971dfa75b40da57ca986c2a9818326f,0,0,[],0,[]
58,0xa3ba5f7af4c1a9342efa4e8e980912a8d17506b8,0,0,[],0,[]
59,0xa3ba78148b0c11b708e04f3f277879d513b55aab,0,0,[],0,[]
60,0xa3ba958867f2ec7882e1ae3d6c1b5264d7abc9df,0,0,[],0,[]
61,0xa3ba99e9d099e63ac584f20a746050a2b15a4d1f,0,0,[],0,[]
62,0xa3bab96d73e49b6b8b74925168f4df25a51b3379,0,0,[],0,[]
63,0xa3bb04703e208eb9b8e6187afe3fb4ccb11ab03d,0,0,[],0,[]
64,0xa3bb19f1ec7aee2961a034e3a387769d73962869,0,0,[],0,[]
65,0xa3bb5163c1189739fc726d3039cc081383aa7d8d,0,0,[],0,[]
66,0xa3bb6b6dd8984ba66de9779e8ab1ace5390feb20,0,0,[],0,[]
67,0xa3bb6c0b0306d04680f0eb6e945b3289b97a027c,0,0,[],0,[]
68,0xa3bb72ce518bb99c1f038c0389da47cb29794039,0,0,[],0,[]
69,0xa3bb77aa75d6efc5d67943aca7fbd2172cbd65c6,0,0,[],0,[]
70,0xa3bb79b5de91864cb81350f12d0da61d6dc9e66a,0,0,[],0,[]
71,0xa3bb7c1a410b126b7f81e9a48793e0499ebc64d5,0,0,[],0,[]
72,0xa3bb988e1b551df71c1e785415acb5d02043f934,0,0,[],0,[]
73,0xa3bc123b1cb42e199c7587b9b95ee7b61369932b,0,0,[],0,[]
74,0xa3bc1405040a02862be47dd5b4b939c445aeeb8c,0,0,[],0,[]
75,0xa3bc43c35862d417beced6de52557c8bb65985fe,0,0,[],0,[]
76,0xa3bc549ff656c11c9d6f80d4966f4b66ff6a60a8,0,0,[],0,[]
77,0xa3bc6957d8645ecad2c318fa6a636199c5e95550,0,0,[],0,[]
78,0xa3bc6bb8e62ac4f0aea8e4173fa79b67331e8d5c,0,0,[],0,[]
79,0xa3bcc8dd35bfa1422f3726c9eb65d2ab6b3adb51,0,0,[],0,[]
80,0xa3bce1d090c8271aac5115ce4410fee4c051d4cf,0,0,[],0,[]
81,0xa3bce859ec5d2c74f2680934b7b40fa4617002b6,0,0,[],0,[]
82,0xa3bce8c3c75b290e420130369df037c477d34a45,0,0,[],0,[]
83,0xa3bd04a93bdd95db9612d0b65d17d093bb2a795f,0,0,[],0,[]
84,0xa3bd0dbeaf3826932564e802681c18e3134f41c0,0,0,[],0,[]
85,0xa3bd78d7f6fe3185780df646662206bec61bc0c8,0,0,[],0,[]
86,0xa3bd79319f99b7bf327d9de7daf527c8c5240f33,0,0,[],0,[]
87,0xa3bd87a28fd046e8534f7cb2ed2234cf9f06d3db,0,0,[],0,[]
88,0xa3bd8ba82cc8def32637bcbf69c6ef2611876529,0,0,[],0,[]
89,0xa3bd8bbf269e31c1c1e0b0429486f069d6377ebe,0,0,[],0,[]
90,0xa3bdd91d136ba9356191f7cd9028620285a69d58,0,0,[],0,[]
91,0xa3bde68fb222ac55cf11ee939cd9f9781da98b57,0,0,[],0,[]
92,0xa3be1581d7b4650f45336795eec2882d10043ef0,0,0,[],0,[]
93,0xa3be20121a2ebc839714edc8fb21c11a7f0d20b0,0,0,[],0,[]
94,0xa3be7e6fca5bbe2161cbc0ebda66a160a486e720,0,0,[],0,[]
95,0xa3be91db64de376c1e02c694d53dae2f19ca92ee,0,0,[],0,[]
96,0xa3bebce9770df065a7f710370e4185c665edc94c,0,0,[],0,[]
97,0xa3bedb5ee00476e0fc279878c77f5eb31e38f535,0,0,[],0,[]
98,0xa3beeae33078b9152ebeda0d9b84aad816dd64bd,0,0,[],0,[]
99,0xa3beec255ab8f1cc439380a16e3199e8b138525f,0,0,[],0,[]
100,0xa3bef8ec1569bcdd0f742616396e29cb29b12ab6,0,0,[],0,[]
101,0xa3befe3860bbc94f40d952e6c6fac5b5c3b1d158,0,0,[],0,[]
102,0xa3bf22067b6ea7033a5044ad319e300fb3cea29d,0,0,[],0,[]
103,0xa3bf4b28668b8e38a19b2bac9a2adc57d923dd72,0,0,[],0,[]
104,0xa3bf77d2324942f21d0ed0469a019ebe7eb30556,0,0,[],0,[]
105,0xa3bf82fb48405cba1347497330c66859af567f25,0,0,[],0,[]
106,0xa3bf90b96a8ece278ae7473018880d06e7c9750b,0,0,[],0,[]
107,0xa3bfa632445f8300141c774dec8bc57b36fa59d8,0,0,[],0,[]
108,0xa3bfb8c3bf55511f49424bccb256dd640db1f621,0,0,[],0,[]
109,0xa3bfc8bcd8f3115675cbf2cfc3c7faec76d7aa02,0,0,[],0,[]
110,0xa3bff2df430722572408b10551322aa46e65aa6d,0,0,[],0,[]
111,0xa3c0068d22f9d55d1cdf6f5f405d3abd31fff5c8,0,0,[],0,[]
112,0xa3c0285dccf88f164673e9864eb4f4989b8cbaeb,0,0,[],0,[]
113,0xa3c02b842d9721408c0dfa1c3f009459e5c87ac8,0,0,[],0,[]
114,0xa3c05f5ec1a9bc9973d45d2432b198846751820a,0,0,[],0,[]
115,0xa3c0654a7068ba2078c4edada5a8d8186ab50356,0,0,[],0,[]
116,0xa3c06b1b9804b59660b85488f3cd512903b86b4f,0,0,[],0,[]
117,0xa3c0791796301ceaa1f97723ee6064919566cd29,0,0,[],0,[]
118,0xa3c08643ef83017c46efe24c901a20bcc5529407,0,0,[],0,[]
119,0xa3c08d793719bcb768885f3901a534bfae7f0776,0,0,[],0,[]
120,0xa3c0935ac3d4861f465d8124dccf75e341614429,0,0,[],0,[]
121,0xa3c0ad801191da8fada6e9c9c4b50a11939edb40,0,0,[],0,[]
122,0xa3c11ade0e8512ff68c055a08f9f95d4fa6df8e1,0,0,[],0,[]
123,0xa3c1411cc9405b4525ba27a3b5bf8b36752bbd18,0,0,[],0,[]
124,0xa3c146fbdae78b97723fe31133c1d601b25b9cac,0,0,[],0,[]
125,0xa3c155ee520a4a993b92e628bc09582b843712a0,0,0,[],0,[]
126,0xa3c17a36065c510d224ca2ec0d0762322b790501,0,0,[],0,[]
127,0xa3c19fcdd4a873b17b4f491f76cb036f164c7ae3,0,0,[],0,[]
128,0xa3c1fd6502296804c9cde8f9a9ef9265375b6ae3,0,0,[],0,[]
129,0xa3c20061ffea8568252549694cf42c04144264ff,0,0,[],0,[]
130,0xa3c2145aa3cf39b7c71ed1627ad4134a740ffaba,0,0,[],0,[]
131,0xa3c22b1890ed79379625c3f79e097f210d672894,0,0,[],0,[]
132,0xa3c29ffa3a2e7b1b5ffcf53dabb0991025b73d30,0,0,[],0,[]
133,0xa3c2e3d65206dee0456416f8189de7cf4fccbb22,0,0,[],0,[]
134,0xa3c2e5fe50e4044a064086a6e79f4a0ae5afc6c2,0,0,[],0,[]
135,0xa3c300cd7ebabe7d77f47805d0909de13cbae16d,0,0,[],0,[]
136,0xa3c32fb97c7ad7f54e807e007f1f4668fbf0790d,0,0,[],0,[]
137,0xa3c3493aa8b3fa2496268d60ac089b2aef74c5f4,0,0,[],0,[]
138,0xa3c3d8dfeac0ddd22ec6b97dfb4c84881e97cffb,0,0,[],0,[]
139,0xa3c404dcb2e443d5b169d8feee6e085e76796144,0,0,[],0,[]
140,0xa3c40e0422d22fc88a96648e399c70efe3630df4,0,0,[],0,[]
141,0xa3c4a089601e7eb51f1b411c3c86262f7f90caf0,0,0,[],0,[]
142,0xa3c4e6ca0813d3137697e9d1c38d8e4c926162d6,0,0,[],0,[]
143,0xa3c50029aef285b44395c7631d0e15ff782f70d3,0,0,[],0,[]
144,0xa3c5564b99ea717aee1c227236b2e8b04f7bc8b0,0,0,[],0,[]
145,0xa3c55ff9856c205aab638d16358de30bbea02160,0,0,[],0,[]
146,0xa3c58300f92676246c35338c9ac65e6b493a0acc,0,0,[],0,[]
147,0xa3c59a1fa80e256a88a1851b3f82f6ff5a64780d,0,0,[],0,[]
148,0xa3c59fc2688a800d99751694ddba35bbda56a704,0,0,[],0,[]
149,0xa3c5c9c8cc28f4497b644dd7d97b07221ed62778,0,0,[],0,[]
150,0xa3c626fb8f6dfa1dcb3a7991bfef6d16da7f1245,0,0,[],0,[]
151,0xa3c62c495703e48ccc40e27956220573f077d539,0,0,[],0,[]
152,0xa3c65753b2744150ad63bbe401f2be3f6e8c58e0,0,0,[],0,[]
153,0xa3c6817199b8d606a31a1d33fc00641f99f43e85,0,0,[],0,[]
154,0xa3c6a3ff5607361a90d10bebc89b3470e6ba461b,0,0,[],0,[]
155,0xa3c6a77fe01cd7f39b868e45a835a4307da6d8a3,0,0,[],0,[]
156,0xa3c6ab9b6b97657fcefde08d7b6b69e192aa5575,0,0,[],0,[]
157,0xa3c6ca90569744db408dd25f651b75d31251c41c,0,0,[],0,[]
158,0xa3c6e09dd4d9b77b25852e242e4b85e8855475a6,0,0,[],0,[]
159,0xa3c6f8141c35abf0eaea87180dc60af62742cfc5,0,0,[],0,[]
160,0xa3c7130190f30816e9f91229cfd09151351d0539,0,0,[],0,[]
161,0xa3c74c7f191899cb33c2a9ea1ed0131a55eba9a8,0,0,[],0,[]
162,0xa3c77d5aff9fbecb27c75530eaa59deaf12e3c3c,0,0,[],0,[]
163,0xa3c78ebb946eff48dffa163ca1babc1838bec7cd,0,0,[],0,[]
164,0xa3c8445bcf0e031f9eca434cc1ea2ff80296cd1c,0,0,[],0,[]
165,0xa3c89d72503cecdd892715b57ff8436aff0ab7ac,0,0,[],0,[]
166,0xa3c8faad7b3c2d1179cb4d8e7657a4d5070c4bab,0,0,[],0,[]
167,0xa3c900ae27001fbf11de2ad97cfdf56d37657d48,0,0,[],0,[]
168,0xa3c92b22323954845c330f51981b3d89aae654bf,0,0,[],0,[]
169,0xa3c930b0f7c0f8ccff059b2e43064ee594de910c,0,0,[],0,[]
170,0xa3c96e2198b29c46cd5b3770adccb74b04c7be64,0,0,[],0,[]
171,0xa3c9704b74a8dfcf1c31ec1ffcee0abdf71e07e1,0,0,[],0,[]
172,0xa3c97edf5bd8b10c5e082f59a1778781bf195db4,0,0,[],0,[]
173,0xa3c9a64187cee977537e0e8b8a78f83f533e4236,0,0,[],0,[]
174,0xa3c9aed215d6236ae73e1351c3d15dde62d62f5e,0,0,[],0,[]
175,0xa3c9b40c0684c7123404d7e45ba3d3082292aa36,0,0,[],0,[]
176,0xa3caa134adb23f462f4085c4f93d867c360920ee,0,0,[],0,[]
177,0xa3cabd7d2910c17a9b1fccaf94d84b6e11349ff2,0,0,[],0,[]
178,0xa3cb190c3ff99f9b7681a4bec7e4dff10eafa1c7,0,0,[],0,[]
179,0xa3cb4b4c5242bd9950a80ca19b3f3ac9ef6b96c5,0,0,[],0,[]
180,0xa3cb4e999bca77e659ea1c9b3c8b9e77eed66e82,0,0,[],0,[]
181,0xa3cbc4d87a57f384ffa32fec123491dacec2279d,0,0,[],0,[]
182,0xa3cc0811eb5d510bbe02ea91e9e7311540b86ca3,0,0,[],0,[]
183,0xa3cc196d26bb8ebc1cf182dd5f6315bd35a2a92d,0,0,[],0,[]
184,0xa3cc3285a8aaa4ecc2955aab16eae8d72060a064,0,0,[],0,[]
185,0xa3cca832239137dcc7c59603d1d39f7759022d33,0,0,[],0,[]
186,0xa3ccd5671e893d9c8d5c32f3b65d2ce5fcefc6d6,0,0,[],0,[]
187,0xa3ccdb28a82283aae851c343b33741853e8ae454,0,0,[],0,[]
188,0xa3cd22a896e296b89130dd79d2f854c7b7ecd973,0,0,[],0,[]
189,0xa3cd66f12e6a7bcd897591953e5c6fcf608a4c00,0,0,[],0,[]
190,0xa3cdc896e028bd038477c9cb4ef1cc464b833c7d,0,0,[],0,[]
191,0xa3cde5c5ceac863563ee7c53b904105f2a5d9a3d,0,0,[],0,[]
192,0xa3cdf8d3b49ad4ed0f159c6b59ce4d49d79b945c,0,0,[],0,[]
193,0xa3ce0c75c7aac38978abbd7d98e8413d0ca8205d,0,0,[],0,[]
194,0xa3ce18c64b0302cb7e65b54426bc9c78f8186dcc,0,0,[],0,[]
195,0xa3ce38e59c447a617e8a9bada78433fa8be1c08c,0,0,[],0,[]
196,0xa3ce6c1166b4a7316812431812b54dcba57570d8,0,0,[],0,[]
197,0xa3cef23824987c9c803bb651b3fdeb0780c916c0,0,0,[],0,[]
198,0xa3cefa754bc01cceb68724df1b6a7f0cb264169b,0,0,[],0,[]
199,0xa3cf15aea9910570fc22412206ed7ab39fdc55bc,0,0,[],0,[]
200,0xa3cf34a96dd121ae089a8240112e7875349e2983,0,0,[],0,[]
201,0xa3cf548bc86efd5e8309f6f84af793bf560b1a3c,0,0,[],0,[]
202,0xa3cf7baed0e789e6f77ee5729324dc8ce4aae53b,0,0,[],0,[]
203,0xa3cfe650e618bba7d5a8feaa4fb79c3a8772f22f,0,0,[],0,[]
204,0xa3cffb86913924d6b3b256cbe864a15774d6f006,0,0,[],0,[]
205,0xa3cfffeb7855d3587889af2fe864173954f3ae16,0,0,[],0,[]
206,0xa3d04b70c6fad741c1b16074fd09a1ef013fda57,0,0,[],0,[]
207,0xa3d07cdb3236ba4bc22f44ad99965ba6b6e5b7b7,0,0,[],0,[]
208,0xa3d08eb60b1f6906f39f05989e840e66d6aae978,0,0,[],0,[]
209,0xa3d11ee4d18dace3cdf0f1e94f9613deada55132,0,0,[],0,[]
210,0xa3d13835abe907e5a7323cde7370cc1af4cd577d,0,0,[],0,[]
211,0xa3d1b23784df747f4a65b1fcd2a80df3d2ee7267,0,0,[],0,[]
212,0xa3d1d22ecd9b9633979eaefb4d099c1c4cddc148,0,0,[],0,[]
213,0xa3d224c1415619b94b74d320dece8adbff12261d,0,0,[],0,[]
214,0xa3d2590cde0d02c2f90067044630f0f5342eabe6,0,0,[],0,[]
215,0xa3d25e11bdbbca985d89ac8da41b42e31906856a,0,0,[],0,[]
216,0xa3d28fd776ed875551282ffbc53770e2a7739afb,0,0,[],0,[]
217,0xa3d2f38ff6eec4001323f71f118d312988b00075,0,0,[],0,[]
218,0xa3d350a85731a31aa4eef5e1a9193f7a23e0f8a3,0,0,[],0,[]
219,0xa3d3a7d0ce80173e99af14ca3a004c789df64323,0,0,[],0,[]
220,0xa3d3b0d55855af110fff44b42eabb3cfd5979f75,0,0,[],0,[]
221,0xa3d3b7f97ab0aca3072a4161851db89bcb292f7f,0,0,[],0,[]
222,0xa3d3bd6f3dac7934695ab0a9a5450376b75d0020,0,0,[],0,[]
223,0xa3d3e86086590eda46199e2901facdf840c82634,0,0,[],0,[]
224,0xa3d3eec043144f4eaa0cc15eb731ba10292d19a4,0,0,[],0,[]
225,0xa3d42ef1c9975c6ca5714f65d4f4e5c76f063bed,0,0,[],0,[]
226,0xa3d454e7a88358b9090db62345e4da7aaa4b8241,0,0,[],0,[]
227,0xa3d47a1dd920604aded645773c835f79765343dd,0,0,[],0,[]
228,0xa3d4b865a78ac29f65b0a36b2557a8c6034a6a1f,0,0,[],0,[]
229,0xa3d4dba5f9a2be6d5e69c56f7e8531ace5079efd,0,0,[],0,[]
230,0xa3d4f04072e7c550399f3519b232a2daf4159ce9,0,0,[],0,[]
231,0xa3d515be8c1af7a80643c5ec112758db5f49a8f3,0,0,[],0,[]
232,0xa3d52932afbe0bc1971ce9dd2ab765e51faf3010,0,0,[],0,[]
233,0xa3d53ba9943bf56b4ce9395eeb8cfd347f28ff67,0,0,[],0,[]
234,0xa3d5e3caaef35383d88103998778e83f8512b407,0,0,[],0,[]
235,0xa3d658c06d504c122be09d282c2dd2a6262b6bf4,0,0,[],0,[]
236,0xa3d6dfe78f7185fabbd276ba845dcb98a71f1e8a,0,0,[],0,[]
237,0xa3d6e318d8f05135be0940d4fd8ca5d8027b582e,0,0,[],0,[]
238,0xa3d6f119ad335a0b30896ddc79eb772f69ccb518,0,0,[],0,[]
239,0xa3d72093de0ba92dc11fb5477a20816e792ed547,0,0,[],0,[]
240,0xa3d76dffb32b80e09438697d4a82cbbb0704e581,0,0,[],0,[]
241,0xa3d77312c1af449122092adf4266dbb36ce910d2,0,0,[],0,[]
242,0xa3d791ffdb3a3fb919139d3c7335afcdfb6f93fe,0,0,[],0,[]
243,0xa3d7c0dfab2fae3a95f270c34502464537c20692,0,0,[],0,[]
244,0xa3d7d8b259b6ecbd8020ca5090737d77a77f002b,0,0,[],0,[]
245,0xa3d7e198ccf2abc2685cdec86c8ecc8fb3f98107,0,0,[],0,[]
246,0xa3d80a68e37f64f55b426a7a57cc0e70992b21d3,0,0,[],0,[]
247,0xa3d81a3a01d72b78bcdee8ff3c10cc9e1b6fd13a,0,0,[],0,[]
248,0xa3d823404d75c4d9eda82c38f60424ed64ef3bfe,0,0,[],0,[]
249,0xa3d833ce0aaa797e48afe7a1fb326c8cb067eac5,0,0,[],0,[]
250,0xa3d8815325273ab37a6a7caae0a1091b57e6226a,0,0,[],0,[]
251,0xa3d8d71c9ff66593272aeae07892612b8a38a65e,0,0,[],0,[]
252,0xa3d8e9fc8d76a6efd43839341915ac4f6a5bb600,0,0,[],0,[]
253,0xa3d90c1d089ec3aedd569b27efb2204a235f3e28,0,0,[],0,[]
254,0xa3d91270765d280e91f719384b2e57f66f7309d1,0,0,[],0,[]
255,0xa3d971630b8619a8893ff1f8cd09d3f1c3762a3f,0,0,[],0,[]
256,0xa3d9d3a72df4c63c9ae0e014480527051ae9b1ad,0,0,[],0,[]
257,0xa3d9db7a14f6eb336bd88001d05755661aa48d09,0,0,[],0,[]
258,0xa3da10cda2ea692bac3ee5b901e2f22b52be2279,0,0,[],0,[]
259,0xa3da6ff9819583d0072050f7ea2f4328e9a8ebe0,0,0,[],0,[]
260,0xa3da8bbbd65775de5599507fabbdb62b86bd1548,0,0,[],0,[]
261,0xa3da9dcbeb50e0357dbff803f0b9c43e4a91d094,0,0,[],0,[]
262,0xa3daa8a1687eb3d4d242893d6ba678aca330912a,0,0,[],0,[]
263,0xa3dab3220135fdff8d4f21f8e02bbf0ac570e6fd,0,0,[],0,[]
264,0xa3dabe29c2beb29405a321343a4b111d997644b5,0,0,[],0,[]
265,0xa3dacff3a23e50d1f911215696882083452f5d55,0,0,[],0,[]
266,0xa3dae5f69332b754d88c38d6d8335ea82df89962,0,0,[],0,[]
267,0xa3daf0d8d251ec883f546e74a1cc2e4fb8e08615,0,0,[],0,[]
268,0xa3db05c72c79d52d2d37170a342a2c21c5e5d7c0,0,0,[],0,[]
269,0xa3db2c48a863d53885bd2473116805c0e6bcea99,0,0,[],0,[]
270,0xa3db7b8b7313a7db8d1bfa0031f458ddea4aad4e,0,0,[],0,[]
271,0xa3dbcbbce9804f8c6a1405d98afb61ff8e7a84c1,0,0,[],0,[]
272,0xa3dbf937c09af9b976ba165ea78e6d221b05e07d,0,0,[],0,[]
273,0xa3dc1d63bca944cea4a50f38fc191f8520178132,0,0,[],0,[]
274,0xa3dc334781f16a2de5ca0b712f87fc9f9e58e221,0,0,[],0,[]
275,0xa3dc3e067abb60802a985c6e70573df7e15f05df,0,0,[],0,[]
276,0xa3dc535dbca5407797ca6dd05b1421d574c74483,0,0,[],0,[]
277,0xa3dc539ababd6fe20480cb48502c52626e77eebc,0,0,[],0,[]
278,0xa3dc95d755c0e0515b3d366b66b9360fce446d33,0,0,[],0,[]
279,0xa3dc9bed1d170c6742ec415f4fb0d69df96150cf,0,0,[],0,[]
280,0xa3dccecf96bc9d20ed291b639f0bed3e3b5990f2,0,0,[],0,[]
281,0xa3dcecbbce5a073ed5ce81533d26df22c7e3053f,0,0,[],0,[]
282,0xa3dcfd89481f6fb20ccac4d3a997267fc8c44366,0,0,[],0,[]
283,0xa3dd1a344637b3e46b71dec64a89367759025713,0,3,[{'id': '0x5395bd693ce002a497a9ca81148f511c1b37ed19'}],1,[]
284,0xa3dd4d9376affd116fb968f018d9f93ddc710e93,0,0,[],0,[]
285,0xa3dd52137e34fa1964aff92e41e375b11bf6b1b3,0,0,[],0,[]
286,0xa3dd6c594b8ce03f51e13b5f6e9046f7a23488b9,0,0,[],0,[]
287,0xa3dd777e01e37d5a02ca549d57567b9f02a77b2f,0,0,[],0,[]
288,0xa3ddcf891137e48b078e77ea3395144014cb9abd,0,0,[],0,[]
289,0xa3ddfacded13f61c2188f27ae84ca035eeb850a6,0,0,[],0,[]
290,0xa3de285e0dd68d90856007ba52bc2a26d6f70b6e,0,0,[],0,[]
291,0xa3de8caa59686182a4112faaf01a0c2fe31a6505,0,0,[],0,[]
292,0xa3de93cf0b43da14761959dd06b677d46aadf215,0,0,[],0,[]
293,0xa3dea705ed655057e1c6184fbacfd1f4a1025a51,0,0,[],0,[]
294,0xa3dec6578038dc79299e8dd57d25957d32924ded,0,0,[],0,[]
295,0xa3df2fff99b8d37cd269af9c3af8f2d969797190,0,0,[],0,[]
296,0xa3df6674c803dab6c0bf94b884ab48506a698752,0,0,[],0,[]
297,0xa3e01ae1eeffbaa550607eb6b6c9b1df6f7e882a,0,0,[],0,[]
298,0xa3e04122d1a491adbff74cad4ae18d5340ecb0d1,0,0,[],0,[]
299,0xa3e0832b039c35b07902a7768039e0754facd659,0,0,[],0,[]
300,0xa3e0eb26f1523ef189f18789b66eb1c13d848c03,0,0,[],0,[]
301,0xa3e115f6dca41488e20248199592b060dce00ecc,0,0,[],0,[]
302,0xa3e13eed00af534888cc496aa3420d406858056f,0,0,[],0,[]
303,0xa3e15d5b7845705fb5888dcea5c831692137a27e,0,0,[],0,[]
304,0xa3e17644d8a956250f9894b2c626a0ad0e8a9145,0,0,[],0,[]
305,0xa3e189ec6d984fd85100f80bcec67979e7f7070c,0,0,[],0,[]
306,0xa3e2330e4fa9bb23d7eaaa3628b2c1906eead200,0,0,[],0,[]
307,0xa3e2612110164f980d646cce195fb5d0df2ef714,0,0,[],0,[]
308,0xa3e26501a307e59f88768c3148fae5a285ea8eb8,0,0,[],0,[]
309,0xa3e2677314c89453e5026999fba727a28b9123c1,0,0,[],0,[]
310,0xa3e279e5079e8c1dec1725e9ae25101025161a40,0,0,[],0,[]
311,0xa3e2dd9bafcc8dd8a3d659e0fafebd02b16497ef,0,0,[],0,[]
312,0xa3e329fb3d06306cb4973c8fa62acb6be6f9efd8,0,0,[],0,[]
313,0xa3e3674bf7f076dd130540f04581f7769202c4e5,0,0,[],0,[]
314,0xa3e37480efad9f2c32be417bd7f2084e1a1de96c,0,0,[],0,[]
315,0xa3e37e68b38851737e30fa909aa8c632879e252b,0,0,[],0,[]
316,0xa3e3984ecd524a70b52bfe91e2b95f23784f3950,0,0,[],0,[]
317,0xa3e3ce17ae87c5101f6606ab7cc2592a2a2c4ef2,0,0,[],0,[]
318,0xa3e3dbb664b392d057d4cf5895c4ffb9e4101ae1,0,0,[],0,[]
319,0xa3e3e7277d4eba425eb4e51bc2a2dd50f853ec9c,0,0,[],0,[]
320,0xa3e3eb1b1c6921bdf523372223ff75711bdd0ee8,0,0,[],0,[]
321,0xa3e41fc94a19fc4f5e0ba612ec01a0801f3c13fe,0,0,[],0,[]
322,0xa3e4397794503ee537202f6c3e00722a8135762f,0,0,[],0,[]
323,0xa3e43ae88ff6675cfe2030a5fd17b24efa3002df,0,0,[],0,[]
324,0xa3e4a5211572d9d8b6aa3eea029de786ae38664d,0,0,[],0,[]
325,0xa3e52b3b968b970c56bef6a9cca520b20eebd616,0,0,[],0,[]
326,0xa3e54f204a2f348f8b9d80d09b82c8da3ca83e4c,0,0,[],0,[]
327,0xa3e556d297ec2653e6a4405f23dcb7b547a73257,0,0,[],0,[]
328,0xa3e59f975e1925edd390336fcb26c9b61601a11e,0,0,[],0,[]
329,0xa3e5f98b6c1d641b50a6c2e8ef0b86d9bd8d76a9,0,0,[],0,[]
330,0xa3e6592a5e8929c14d87d880ea11ef7b3e2b9b22,0,0,[],0,[]
331,0xa3e695614007a2b61d107cb41e7cc7853580c27a,0,0,[],0,[]
332,0xa3e69cf317364cf330f17369b4977a9d0ae27e57,0,0,[],0,[]
333,0xa3e69f43cc59c55477a363c343233a82eda1926f,0,0,[],0,[]
334,0xa3e6b1480aedc7592055187712cf76fa1eb53192,0,0,[],0,[]
335,0xa3e6e71b125f4ab9b23959e028b5c329e3becb77,0,0,[],0,[]
336,0xa3e71dd41f5897dbdee02a5b7c258a29273148db,0,0,[],0,[]
337,0xa3e7df69a5ecaaf79805017b3eacfea63026c388,0,0,[],0,[]
338,0xa3e826a5d1631baa4cf77d02ed829d2c6fcbc9e9,0,0,[],0,[]
339,0xa3e86c8150325c3cf451eb96f8c3761410213e62,0,0,[],0,[]
340,0xa3e89165442de315e6d3852213d31ea0b4ebf0d1,0,0,[],0,[]
341,0xa3e8a7d4baba815d6ac9f292711f05a43c56e17a,0,0,[],0,[]
342,0xa3e90baa36fabc9d110b4bea909377853e6d8b62,0,0,[],0,[]
343,0xa3e995952aa1775f8c010a4dea320d202c510794,0,0,[],0,[]
344,0xa3e99a2e5c1e963ad1c3e57a3f7a00d8222832d9,0,0,[],0,[]
345,0xa3e99df910d8100ac9f46b3166c8f99fbd347954,0,0,[],0,[]
346,0xa3e9eb35e77c800c4da12449aa37ee8a9793d3e2,0,0,[],0,[]
347,0xa3e9ffbb71378b6a05eda95f5fae93a9a5a23451,0,0,[],0,[]
348,0xa3ea038065b6aecb4461c55e24c4db5712f35985,0,0,[],0,[]
349,0xa3ea0a295d825e636d7aa9ae6ac9bf0ff5361fb7,0,0,[],0,[]
350,0xa3ea1749987b57d1040bc1ce7b7d5aea5cf176e9,0,0,[],0,[]
351,0xa3ea64d3ab6298d91155d1d5053b42d379d78afc,0,0,[],0,[]
352,0xa3ea7ea73fe537e346f30e0d9346e16e2a9cc88a,0,0,[],0,[]
353,0xa3ea83fdf4107a92a4bb2f5738191cb3ad681ed0,0,0,[],0,[]
354,0xa3eaa171b6989bf295e60630aa586257e45df23a,0,0,[],0,[]
355,0xa3eabc21057f7b12a0cdabb566961c55ef6637f5,0,0,[],0,[]
356,0xa3eae4805bea304053c9e33d9d04302290a41367,0,0,[],0,[]
357,0xa3eb118796063ed781bd698ff1b8de300e1f15a6,0,0,[],0,[]
358,0xa3eb4fd30e1ea8823129fa590471e2c434666bca,0,0,[],0,[]
359,0xa3eb86211c766a7fcde06e2d323297c4c36a015a,0,0,[],0,[]
360,0xa3eb9453b1480c871d41694ac4de98bf795600df,0,0,[],0,[]
361,0xa3ec1b593cc8534889ebfd03ceaacbabfd9d0e68,0,0,[],0,[]
362,0xa3ec966a428693bd0a61550b60004068f0cbbb14,0,0,[],0,[]
363,0xa3ec973dc384c7a0f0dee1d492f63f36e454d869,0,0,[],0,[]
364,0xa3eca820894d5adcf0776428753867481186d647,0,0,[],0,[]
365,0xa3edaf3b8dd8a05dfde58649f04083527a974dfc,0,0,[],0,[]
366,0xa3edb1d56de70c470882e590c7d14cbdab4bb174,0,0,[],0,[]
367,0xa3eddb00d6298614eb6b5d4fb0766c639c71ad4f,0,0,[],0,[]
368,0xa3ee0220562a581c5972709eeeb2de3583532fb3,0,0,[],0,[]
369,0xa3ee18bc2f048035f18988de45b560177a447508,0,0,[],0,[]
370,0xa3ee1ac3e51d58a10808bae20a6efceb3e7121c5,0,0,[],0,[]
371,0xa3ee325532b0f573a3131cfffebd7a59ce89a5d8,0,0,[],0,[]
372,0xa3ee5bea63899fd70ae51dc7a7a3bec26cc9e845,0,0,[],0,[]
373,0xa3ee87715af01c8d416e2646227f0906fabb482e,0,0,[],0,[]
374,0xa3ee91e01dddc3eb24bb61e70a7da582966fbceb,0,0,[],0,[]
375,0xa3eeb800566c313e8aaee2bd8ba7d375f59364aa,0,0,[],0,[]
376,0xa3eed262f74a29ddedad3e41ce269e76f6920916,0,0,[],0,[]
377,0xa3eef85f6b80e95ed76aec09b627b78f91d4c608,0,0,[],0,[]
378,0xa3ef006a7da5bcd1144d8bb86eff1734f46a0c1e,0,0,[],0,[]
379,0xa3ef4f271f43477d1e869db4d2fd31430805b954,0,0,[],0,[]
380,0xa3ef8ebe3e28f3e12141b6a72ae9bd85cdb29af0,0,0,[],0,[]
381,0xa3efa749b2b8ca6f21d0ed52008155894de13704,0,0,[],0,[]
382,0xa3efcbb8efdbc2c747fc4f89ddb544285dd45f97,0,0,[],0,[]
383,0xa3f030c195099e913fc4a675bb234b9c3c65928f,0,0,[],0,[]
384,0xa3f04b5fd42159c27138d8d4650becb9f137e6c5,0,0,[],0,[]
385,0xa3f066285ad422407acbf6765fc1a71505bc610d,0,0,[],4,[]
386,0xa3f073b9855b7cb82a7947205260e5755762d4bf,0,0,[],0,[]
387,0xa3f09fcce3e340e251e23263b15d89623564b233,0,0,[],13,[]
388,0xa3f0c7e37a5103a8f73da756b4422629b16a75e5,0,0,[],0,[]
389,0xa3f0e81916ed532772ae93fae371695d465e40c3,0,0,[],0,[]
390,0xa3f110f188cbc9af11382c30ed1796db2ed171f4,0,0,[],1,[]
391,0xa3f145d54d24691a6392e2d5959ddb1e4a5db9e5,0,0,[],0,[]
392,0xa3f14c454dcad1c1b01487ec7f360e87047be75a,0,0,[],0,[]
393,0xa3f15735958a2b8ea6e515096b76f72a1cb71e28,0,0,[],0,[]
394,0xa3f16393849f59176006c9a0e15fee6b829afff9,0,0,[],0,[]
395,0xa3f165147bd404c821ce8a350167430cc959ff1f,0,0,[],0,[]
396,0xa3f179c246720210bf7ee8db076363b44549f7fe,0,0,[],0,[]
397,0xa3f187d3282bb5388f0fe94dde80ee1de39d8985,0,0,[],0,[]
398,0xa3f190ebf4c5cf1eb3a6d719d8588cfae941591b,0,0,[],0,[]
399,0xa3f19470d3fc0c0f69bd82876bd573b592ca9597,0,0,[],0,[]
400,0xa3f20522904ec502079658154eda7bf3d6975d49,0,0,[],0,[]
401,0xa3f20cd83f42113ee33b5d2b15ee611f9bbcb155,0,0,[],0,[]
402,0xa3f20f6ec62b021f0dc071656e2448daf4b064a4,0,0,[],0,[]
403,0xa3f23f7f9a0cfca8024a649de413e1c9ae7db61b,0,0,[],0,[]
404,0xa3f2808cb94f6119b67ac15f39ab2f03090d9e44,0,0,[],0,[]
405,0xa3f2c9c2fe1cfefbf9f4bcf7a55fe5599c4dc7f5,0,0,[],0,[]
406,0xa3f2d88fb722d4f2a082edbf98354b81dc34829e,0,0,[],0,[]
407,0xa3f2eab32fac7e7f2d948e85f9c333d9838ed736,0,0,[],0,[]
408,0xa3f2ee17ee673fac800190a7b0e0e09cbce582e6,0,0,[],0,[]
409,0xa3f312f180c5673455cd3d8b1982cde9ca24d8cf,0,0,[],0,[]
410,0xa3f326e86776c310edb3c33ff012a16174277141,0,0,[],0,[]
411,0xa3f3331ae48621edfccf2d620519ca4bfb46008f,0,0,[],0,[]
412,0xa3f3c206133f83653ce43270d8df1ecadb8bcc31,0,0,[],0,[]
413,0xa3f3c8312924f724030e69fae9bc1482a21f93e1,0,0,[],0,[]
414,0xa3f414164062442fdec1bdcb51e559f02eb4fe40,0,0,[],0,[]
415,0xa3f4493883d3e7ea595f1d73d0fe507d04ebe0a8,0,0,[],0,[]
416,0xa3f49c32557e6cfba1e1febc27922c2e495854cd,0,0,[],0,[]
417,0xa3f4b33bef2d93ef4dd5c56e52f4f0f452b555b8,0,0,[],0,[]
418,0xa3f4b7c02b35b99c76c4ecf8d8b036568f72b8b9,0,0,[],0,[]
419,0xa3f4e46eb5cf4fd9df07ad817f9c7e6f47d01a3d,0,0,[],0,[]
420,0xa3f523176731b2f2ec9d8d8077471d2da3c17c2d,0,0,[],0,[]
421,0xa3f5830070b102335bca64bba38d0fcee9a913f4,0,0,[],0,[]
422,0xa3f59913da8b5c34462db7c3667637ed432ec66b,0,0,[],0,[]
423,0xa3f5acf1eaa08879d8eea7caf590098170af457d,0,0,[],0,[]
424,0xa3f5b2be5de42da0d196dda0ba3320bc8b2f5eb0,0,0,[],0,[]
425,0xa3f5b796dac064d368e998f22746bebf4ae4a82c,0,0,[],0,[]
426,0xa3f5caff632683c07de15fa38baeda151ea77604,0,0,[],0,[]
427,0xa3f60e6149faf434820d70dbd757ea387fb87010,0,0,[],0,[]
428,0xa3f63c9c5660fa8051c9d42badce93e676f09d38,0,0,[],0,[]
429,0xa3f667da60ca0f4a690abe42a35f32a79867d409,0,0,[],0,[]
430,0xa3f68007f21104462fc1524a4d87b24cb35751a1,0,0,[],0,[]
431,0xa3f6b3fffc55fd7e8f8d390249821a7f0acb2966,0,0,[],0,[]
432,0xa3f6c930dd8f697146a5f146a4e47f0a19398d1a,0,0,[],0,[]
433,0xa3f6f6297616e0fc7081352897dfb64aebce23da,0,0,[],0,[]
434,0xa3f72354cd087294c23dbc498bf50051c0aa8181,0,0,[],0,[]
435,0xa3f73b2ca10fe4bec6e52e04715504972b47401e,0,0,[],0,[]
436,0xa3f7d16b5a57d134e5c7a93b857a867f2456fe42,0,0,[],0,[]
437,0xa3f7f5ca155892d4a878b3ced036d29bddfe8ab9,0,0,[],0,[]
438,0xa3f7fe5f82ea5db2e8f163afb99494b3f0c278a6,0,0,[],0,[]
439,0xa3f806c6203440184d017065e3dd819000b3f18e,0,0,[],0,[]
440,0xa3f8340e82beed8f1bf4da77d73efdfdb1284568,0,0,[],0,[]
441,0xa3f835ea6f2e57b6a8d9a09dcba75dda982f3778,0,0,[],0,[]
442,0xa3f85215fcb0bcdf6723fe9f0d38fe639a3075c3,0,0,[],0,[]
443,0xa3f8896355693c1cc87be919a65c607bea29ff4c,0,0,[],0,[]
444,0xa3f8cf3771d83db317c51b22660c28d45a67ef86,0,0,[],0,[]
445,0xa3f8eb43ecc7eec411004185465162fff7077b63,0,0,[],0,[]
446,0xa3f919a7d18d0703f401bb7509fafb1c12417fa6,0,0,[],0,[]
447,0xa3f94788ab552997d0a68125f9302e286fbc549d,0,0,[],0,[]
448,0xa3fa012632295f128da534df9a1ae2ad18cfedff,0,0,[],0,[]
449,0xa3fa2cac4ffcd2a61774182bacd6b009242c9677,0,0,[],0,[]
450,0xa3fa7580b04e973f839070c5ccb369a96b562722,0,0,[],0,[]
451,0xa3fab66ac06aaedd85be71fbde27043281e0be57,0,0,[],0,[]
452,0xa3faf102db693cc70267e9f27d4f63d735260deb,0,0,[],0,[]
453,0xa3fb06457856a7a9831dab5505d6eb5bce4eafb9,0,0,[],0,[]
454,0xa3fb0deded79068d07048d24e3daf0b93926d479,0,0,[],0,[]
455,0xa3fb3662d0de2d163eb0837403d24900efa7dcda,0,0,[],0,[]
456,0xa3fb4548b6dc333eaf76dada3011ee93b424923b,0,0,[],0,[]
457,0xa3fb7a07528dd193b9e998c3111af96060a8d175,0,0,[],0,[]
458,0xa3fb7f08318a0ddf1c5b6693460dd5871b8f2b01,0,0,[],0,[]
459,0xa3fbdacd9e4b169836006fb4350dafc88dc8db39,0,0,[],0,[]
460,0xa3fbf77fd64d7a7869405821057edb8fc27e70af,0,0,[],0,[]
461,0xa3fc5e9a7362487550f5ea25c2d58f76e310b5ba,0,0,[],0,[]
462,0xa3fc72e849818051d3cab02cf6c86ce2db4c2ba4,0,0,[],0,[]
463,0xa3fcbbaff6ef5fd4e1b4cf5622bbf737aaf67186,0,0,[],0,[]
464,0xa3fcd3dfd7631ea3312e55bed8711180a78544bb,0,0,[],0,[]
465,0xa3fd2512bf5f291f6c911aa6d95e1620294eeb98,0,0,[],0,[]
466,0xa3fd88c44dda8ec3c8ae16c03d5548be4116d6af,0,0,[],0,[]
467,0xa3fdaab84fef0085fa85f9e221d25f7d16214d41,0,0,[],0,[]
468,0xa3fdbacf2fb11b1fb596435aac7b0d3a6788747c,0,0,[],0,[]
469,0xa3fde5176cb57a03f3ac5cbe73d2bab096c6e2d9,0,0,[],0,[]
470,0xa3fe481692f63d43a10044917aeafb09ed226d48,0,0,[],0,[]
471,0xa3fe75bb658fa3ea1665c5aadebb7008a7a5f586,0,0,[],0,[]
472,0xa3feb0d001b87f307b3369c45bdbaecfef20231e,0,0,[],0,[]
473,0xa3feeee495140c2952b313279cbc0ac032007802,0,0,[],0,[]
474,0xa3fef83a3a1669203bc1014eaac36647e5ad279a,0,0,[],0,[]
475,0xa3ff217aadad5b0a600f1bf86193a992f3b551e9,0,0,[],0,[]
476,0xa3ff3ec43e032b6782a7df3eb9f44504581f74e1,0,0,[],0,[]
477,0xa3ff7250512e854490c0c86ab80228961fff6e8b,0,0,[],0,[]
478,0xa3ff9a2b2e695a83da163acc3c3b7753b319e8ef,0,0,[],0,[]
479,0xa3ffbf7c7b12870b08b9396fadc7ca77d7e71809,0,0,[],0,[]
480,0xa3fffbe8b2a0cae604e67c1a4ec3a90e63dc4fb5,0,0,[],0,[]
481,0xa4001ee4c172ab94eeec4f3a46d4785fa2fe1a7b,0,0,[],0,[]
482,0xa4005749c744688d38a662e5a3173c9062ab8173,0,0,[],0,[]
483,0xa4005d6cc85c00c9fb9fce765347bb29f304674a,0,0,[],0,[]
484,0xa4007e5deed110fac652323e607c5b8f7f88e5f6,0,0,[],2,[]
485,0xa400afbbcd35f24ffbdc2f8bf0bab779a1faddf4,0,0,[],0,[]
486,0xa400b40d313758fc305e66c5c576dfa607e5f4fc,0,0,[],0,[]
487,0xa400c29c8831c1d92d358b42836f0d53d0508244,0,0,[],0,[]
488,0xa400c87722c036f9c27d89af449941480f741050,0,0,[],0,[]
489,0xa400d9f234e44b12e9d0b27dc16df8fa771d4d46,0,0,[],0,[]
490,0xa400db0ab3bfd12dea31d1f87b7230e5fff5f710,0,0,[],0,[]
491,0xa400ea53a3c13e56ad1039c414008837fce0e61a,0,0,[],0,[]
492,0xa400fc5a6b00311fa02c7f32400138d2c830916c,0,0,[],0,[]
493,0xa4012305a13c4a9c80018d12dbd5abf31a42e912,0,0,[],0,[]
494,0xa401643ffd6bc747d988ae7fd73717d1e748b1ee,0,0,[],0,[]
495,0xa40172fc7d415d01fcaa9729399deec5af73c5e3,0,0,[],0,[]
496,0xa40193c3262052bbd7fa81e6ea50602a4ba43896,0,0,[],0,[]
497,0xa401b942da323d600975523a7964d430c3e98342,0,0,[],0,[]
498,0xa401c1fbaece6860b86f43417f3fd928e4b613ad,0,0,[],0,[]
499,0xa402413f113eedd77f3a2708da93ee7ea9e9aad5,0,0,[],0,[]
500,0xa402656e5076f59ed897af5d6256aaf01fc022ca,0,0,[],0,[]
501,0xa402964d157decd6ae041673da4d877cc11b6fe3,0,0,[],0,[]
502,0xa40299e474687286ed67fe014671894725aebdc5,0,0,[],0,[]
503,0xa402aa32ff047f823231cadf089366cdef8facbf,0,0,[],0,[]
504,0xa402cb902af80a714b9ac410c06c6eebe96120e3,0,0,[],0,[]
505,0xa402d0d37555670d60e4e51bd242e7cc3ef1b07f,0,0,[],0,[]
506,0xa40312562a333cf613ad220d10fc95c08bfba0fb,0,0,[],0,[]
507,0xa4033fb4bcef0cf0289e2ad817d7f8b3442d086f,0,0,[],0,[]
508,0xa40366a2cb2a6b2071c0a07d4d3017254fb8648d,0,0,[],0,[]
509,0xa4037b44bff10d08bf6f1db0eaf49ff5922f44f2,0,0,[],0,[]
510,0xa403f50906c65c33e0abc9a2fb22f3972002024a,0,0,[],0,[]
511,0xa404c1e293eaae65672894bcecaff5c0a3a94c39,0,0,[],0,[]
512,0xa404d4dba14000f645d3a64e42b2c15f75450733,0,0,[],0,[]
513,0xa404de3b8e0a0cb6b725db7f42edb99b33a49629,0,0,[],0,[]
514,0xa405150c8009725079f66952b4719640f8a0c8dc,0,0,[],0,[]
515,0xa40521b2ab1487b6521d5463e28f84a5b5ef95dd,0,0,[],0,[]
516,0xa4053e0f1462777aeab5ff8f146ef71c646dd8e6,0,0,[],0,[]
517,0xa40607fa850e0369edd528b8c259b53bd77cc450,0,0,[],0,[]
518,0xa4060d4eb1248a75fed51b179b64d24ff6accc09,0,0,[],0,[]
519,0xa4062250a98335a17d7eb803254120a76c9e8b3f,0,0,[],0,[]
520,0xa406332b335c94056dd1aace7e4b49f925a903be,0,0,[],0,[]
521,0xa4067176113af236ad4eebebf16baa8a70ddf852,0,0,[],0,[]
522,0xa406e7594ca6c3b0e13920fe5d1fbc4fcfdfbd0f,0,0,[],0,[]
523,0xa406fd1443894496efc95a3ad0d375bc67974beb,0,0,[],0,[]
524,0xa40733e9bd86da2fbe29917b9d34649780f6164a,0,0,[],0,[]
525,0xa4077ff8725c46f58cdd843fde7adffcd2e08d20,0,0,[],0,[]
526,0xa407ad9a39c7ebfad559e8e275547fdb6ca8a263,0,0,[],0,[]
527,0xa407b77a4f3ff06423c2eacc21a03dda22daab9f,0,0,[],0,[]
528,0xa407d0f02a6f0eda45980a4442ff4095aaf44388,0,0,[],0,[]
529,0xa407d19a093e9be1c0770a80d1c17b075dd2e505,0,0,[],0,[]
530,0xa407d222b43ca1b34bd9e01432740a9ec45bd3a8,0,0,[],0,[]
531,0xa4085ab941bee775f800544d3f9126b22e38151b,0,0,[],0,[]
532,0xa408ea3134150216ba1b272e2d8570f75001eafd,0,0,[],0,[]
533,0xa409021ae783cca40abb59df857266334904c5ce,0,0,[],0,[]
534,0xa409059d112f6526f99fdd5e3567f22d00b3cebd,0,0,[],0,[]
535,0xa4093d96d8566dcff3f5892d832374f8f67950db,0,0,[],0,[]
536,0xa409cc72e5e55563caf28444640f6ca9ae87890a,0,0,[],0,[]
537,0xa409cdbfbbf4dfc2e2174b3c4d6cdac758d0e909,0,0,[],0,[]
538,0xa409f0ab262d8142d41018ea21e037b5affc6465,0,0,[],0,[]
539,0xa409fd8811fdd1a45c27b2f3b6d9478233b1a42e,0,0,[],0,[]
540,0xa40a2c02bbc9376aed4755d7f20bc5892503bd93,0,0,[],0,[]
541,0xa40b1f075b3a23b603bb8da5f43ebc3332e4f248,0,0,[],0,[]
542,0xa40b468eb8315e16787e476c83d11f842bccc347,0,0,[],0,[]
543,0xa40b7884f9f992d7ca8d8c5d1a315ccbf7adf7a4,0,0,[],0,[]
544,0xa40b96f7473b94a04e3389771027d0591d47b08f,0,0,[],0,[]
545,0xa40beb01c95c2c16201fffa42de8be5a367c0310,0,0,[],0,[]
546,0xa40c1779bed4400bd218376640ac26d82b8bf401,0,0,[],0,[]
547,0xa40cbea74af8c2ae2c9a80853b5e0fc4287d7a02,0,0,[],0,[]
548,0xa40cd9f9bb87f160bfca30421c659b7060b81bf5,0,0,[],0,[]
549,0xa40cf7dd80fc68c1a58805d9c7973f3e608fe378,0,0,[],0,[]
550,0xa40d07c4574da68eead13776307bfe1fea66ae23,0,0,[],0,[]
551,0xa40d4e8fadfa7a8183ce81bdc3667b7b2670be90,0,0,[],0,[]
552,0xa40d4f68121ca74a1e84a1e17bb11aa88b5c0270,0,0,[],0,[]
553,0xa40d69c3aaf67fa725c04249fd877bd60c0d41f6,0,0,[],0,[]
554,0xa40d9e1aa4f524949cf8938cf5ea2837ef47193b,0,0,[],0,[]
555,0xa40dd41532c887ef49de3388cbabdaa9e8734936,0,0,[],0,[]
556,0xa40de2e8e33519d60a8b58d156ea70365abe365c,0,0,[],0,[]
557,0xa40de9493474c208c50d5bb2492d9a958718b2c8,0,0,[],0,[]
558,0xa40e290d92b87bdd2cdd1d24d3751d5baaacc33e,0,0,[],0,[]
559,0xa40e7069a6da73522951d8327615b407b9889346,0,0,[],0,[]
560,0xa40eadaea818d2b63c5fbfaa0c8d3764393679e4,0,0,[],0,[]
561,0xa40ed3c085ce4c55c6792506f1753be32854db0c,0,0,[],0,[]
562,0xa40ed7e1852a0d41937083ad218693887cf44e6d,0,0,[],0,[]
563,0xa40f220305598f87a6639dfab661007bc52fbb54,0,0,[],0,[]
564,0xa40f29fff06d9faa734290532fa4f0bf88c79b1b,0,0,[],0,[]
565,0xa40f35034bf41c96cf6e25a63796ce2802f0ef26,0,0,[],0,[]
566,0xa40fa77a66ae85ece54f32c1b5eb73f7e36cbbbe,0,0,[],0,[]
567,0xa40fa92784b58be30d05b4dc7c7c28eac0f388e9,0,0,[],0,[]
568,0xa40fb55a2c6e8a270fc511d0045fc662fe5218a5,0,0,[],0,[]
569,0xa40fccf472a380282326bdc960df6a326913a69a,0,0,[],0,[]
570,0xa40fd38d1ebd759af57e78d749555066c40bbdd7,0,0,[],0,[]
571,0xa4102b305b153b817c170a4ac839ebdcbac890ac,0,0,[],0,[]
572,0xa4109d90bcb375acb43700bfadeb2f8971864fad,0,0,[],0,[]
573,0xa410b03e7cbe3fa80e3774083a1ff363eb4f03c3,0,0,[],0,[]
574,0xa410ef51909406b1e3ed8f8bcc3c52da849c7d57,0,0,[],0,[]
575,0xa41118c8eac441aed56b9c1cf95f7d0258dbd17e,0,0,[],0,[]
576,0xa41121a6c5e20064bea7daa288d14533d5ab9cf2,0,0,[],0,[]
577,0xa4112e5ff485df3da135d74fc9b296744a2b25b4,0,0,[],0,[]
578,0xa411398b05c2d0df6ad5b524c2fe1d7fa9ce6cf1,0,0,[],0,[]
579,0xa4115452aa91053b8072f58f5d4e9956b3dd4d02,0,0,[],0,[]
580,0xa4115ad891806f82007e9905134f1a41612808d2,0,0,[],0,[]
581,0xa411d3a8ded06b6d7ac7416f2af07de6e0f56776,0,0,[],0,[]
582,0xa4120623b896ec05fd92cd7132106c89b8d2b92c,0,0,[],0,[]
583,0xa4125e129e0cc7be747c2a7df9f48d3c8047083c,0,0,[],0,[]
584,0xa412f2e513cf2ef9af4b1d38e2cd6e8a02432b6c,0,0,[],0,[]
585,0xa41312a0fae3ac1180a1176f9786417a94f71d0c,0,0,[],0,[]
586,0xa4132c30760dba66699ecac0f3551efbec2033c6,0,0,[],0,[]
587,0xa4137536c7fc1e383ecfc1b2ba8b7fe3cdc79f46,0,0,[],0,[]
588,0xa413b9ff594f5d255366484f58a91626da158d61,0,0,[],0,[]
589,0xa413ffca502f8226efe9f1c33341f7873ff5a318,0,0,[],0,[]
590,0xa4144146999ab7b3ff45de8329aadc24ab56105c,0,0,[],0,[]
591,0xa41487b4a93348a22edd861f7d52943b955b6d8d,0,0,[],0,[]
592,0xa414935331999ca9b8cae6efc7177056920a8d3c,0,0,[],0,[]
593,0xa41498f795fa720ea56a910e87a15d27634294ce,0,0,[],0,[]
594,0xa41504ea1f3fb9d05163e0ef6cf3f493f03a7366,0,0,[],0,[]
595,0xa4151d402ad033c5f196de42f6c1a3df611a1ae4,0,0,[],0,[]
596,0xa41549fba56afda21c4a96482cd62c66296d79be,0,0,[],0,[]
597,0xa4158962c2b83bbd34c52f6bd4121c1b29cee88a,0,0,[],0,[]
598,0xa415aa3d880bd9ce976207cd2668571e2b822a1f,0,0,[],0,[]
599,0xa415b4a0bc3fc6afc2ad8671e78ce8ba5788c757,0,0,[],0,[]
600,0xa415cfe3a00cc51a6cef9273a34aaa61d96c8fd7,0,0,[],0,[]
601,0xa4161a20530255312abefed6ac2a0e3e71301c18,0,0,[],0,[]
602,0xa41620db0e6fc618f4b298495b54ea10a5625b91,0,0,[],0,[]
603,0xa41629d2a41a8125af0517374c34262b9bef79d7,0,0,[],0,[]
604,0xa41649b142fb64440721be690ad0808aea18f001,0,0,[],0,[]
605,0xa4165a9622088dd4bf4809a0e5a7ff901a0a5130,0,0,[],0,[]
606,0xa4169b535607e347a6807d8cf7276e03e2043d78,0,0,[],0,[]
607,0xa416b5a9d76fff4de37e4ba84869c3a5dda15ec7,0,0,[],0,[]
608,0xa416e23dd275c0ad6d9750e08fd4ba34666d401a,0,0,[],0,[]
609,0xa416f028fa690778ce20bc09918fa1908fdddca8,0,0,[],0,[]
610,0xa416ff92c54a44da1e767a31063106e6045f6573,0,0,[],0,[]
611,0xa41710bb9a31d437c3c450604a492a4ccfbf80d0,0,0,[],0,[]
612,0xa4175f48351ae2b968b6acb2987592ce49cf15c5,0,0,[],0,[]
613,0xa41779424a497215757c8a2c8fe8dca4a05194e3,0,0,[],0,[]
614,0xa417aa68f4988b038977648ac7b7893062737aa1,0,0,[],0,[]
615,0xa41855fbcdae614d970b0b60f984e93abbab3954,0,0,[],0,[]
616,0xa4187200b3f1cdb8aea290239789a8db497b6baf,0,0,[],0,[]
617,0xa419362aeb5a916f63456b22d2e7166b999e9a64,0,0,[],0,[]
618,0xa4193eaee3a648fb2f9bbda82579f8e7eb6cafe8,0,0,[],0,[]
619,0xa419682b71b811a6704299223ac42b1b3f507431,0,0,[],0,[]
620,0xa419d1462ee14f7f617e4f4c3548918be2f05d9a,0,0,[],0,[]
621,0xa419d14dd51c0d08c0777c4073c336b733692213,0,0,[],0,[]
622,0xa41a5b4a4eac7c8fc1315c3391226dc6d0f99a89,0,0,[],0,[]
623,0xa41a7dd176a32b3f3850ae6e9213813d558c929f,0,0,[],0,[]
624,0xa41bb7da891657987e35593f6ab379ced53ca470,0,0,[],0,[]
625,0xa41bc0a7b0b8ac60d2cac2e7b1dacd87518da4e1,0,0,[],0,[]
626,0xa41bc0b1392d483d710946b5502938b69c3cf677,0,0,[],0,[]
627,0xa41bc88f07bc236db838184478b20b96c4ded77b,0,0,[],0,[]
628,0xa41bd06b7fb7400a460fca8c10022c380f4be6bc,0,0,[],0,[]
629,0xa41bd60596a30787e5b4ac2d7ad19506e8405050,0,0,[],0,[]
630,0xa41bdd1f5b8896efef30ea8c2506e2ec65e928aa,0,0,[],0,[]
631,0xa41bf0e7718d381b4388b5d16e07ecf25ad80e3b,0,0,[],0,[]
632,0xa41bf39bea427c6548d41667980872f33540ca84,0,0,[],0,[]
633,0xa41bfd4e96df12e40b91f765cb235a387a616649,0,0,[],0,[]
634,0xa41c04448b429cfa3ea699102403aed549ec391c,0,0,[],0,[]
635,0xa41c3eba95d2b588ce702ce6fcc57d2745325b2f,0,0,[],0,[]
636,0xa41c67b6900b208860bef4284e7059f79ac87325,0,0,[],0,[]
637,0xa41d2265bdd5dbef4dc9f57dba7987810585f3fe,0,0,[],0,[]
638,0xa41d24174292cf454e161adc0c340f6452d16066,0,0,[],0,[]
639,0xa41d3cb5c9a2a45ae316cb49004604fa08ac9955,0,0,[],0,[]
640,0xa41daa23dc8c13fe9722ffe267ab04a447dc916f,0,0,[],0,[]
641,0xa41dbc64e1abcefbcb197ae39f18254a5885f5d7,0,0,[],0,[]
642,0xa41dd47b06eabad1508eb15447312cabfa467626,0,0,[],0,[]
643,0xa41e249224a87110a74e9dfaf554c1aada7736d6,0,0,[],0,[]
644,0xa41ebd85b648ae50f2887bb33a02503cc30ca6b5,0,0,[],0,[]
645,0xa41ecb81db6a3648072478034e4370c9182fc04f,0,0,[],0,[]
646,0xa41ecc03c2bccd672372b2013e2c71835a36fd05,0,0,[],0,[]
647,0xa41f03dd427100284ecaa24734b00abc037557c0,0,0,[],0,[]
648,0xa41f3be8f4629bd371fbd71e118c5a330211131c,0,0,[],0,[]
649,0xa41f6fafcf1f36a6388f2406c93b589f588550f0,0,0,[],0,[]
650,0xa41f7951ffa0572ea3cf47dd0d17419d04e3592a,0,0,[],0,[]
651,0xa420ecd00908a5f3fbf5009255ddcf1ef804455a,0,0,[],0,[]
652,0xa4210641764e3222082a2a445c1f11e4375df79c,0,0,[],0,[]
653,0xa4215780c54ae22e9eeb9ae8457c09f67a61b4b9,0,0,[],0,[]
654,0xa4217f65eb55ff8b9a6646e075ee7d0bb75c1fed,0,0,[],0,[]
655,0xa421b69a4ea938c553de3c68b63c482e2e26e40b,0,0,[],0,[]
656,0xa421c0e1e57f5bdcac370739f15100d9c5b75c6f,0,0,[],0,[]
657,0xa421ec588df6e61bdaa87eac57a02c9ebc1cc669,0,0,[],0,[]
658,0xa422080c61fd0933c599eb1458144963784dec75,0,0,[],0,[]
659,0xa42225b05ca2a65964ac75c329eba2d3c6438f45,0,0,[],0,[]
660,0xa4223bdca22b0b9b48a9fa99c5df1248ccb726fc,0,0,[],0,[]
661,0xa422a13bf7e35e03d3729172d9d61d49501549f4,0,0,[],0,[]
662,0xa422bc189323ee2763e066c24c49bdb3b9f42d77,0,0,[],0,[]
663,0xa422cd60fa128c4357014245126775fb3e4faa8f,0,0,[],0,[]
664,0xa42311bbc278c63de0d785c9e2b906881a3ffeae,0,0,[],0,[]
665,0xa423953fcbfabc192bf6e7029f5354899b858df2,0,0,[],0,[]
666,0xa423d1a70fdae0d46e004e505ab43f1f5932d649,0,0,[],0,[]
667,0xa423fe4cfb811e9cf6a61a02e80e372c0970d4b0,0,0,[],0,[]
668,0xa424073adde87834b18afb49a57abbd0c58bf455,0,0,[],0,[]
669,0xa42487fcfb80fe7a1da6ab18b60bdfe0d2bdc5ec,0,0,[],0,[]
670,0xa424a035439e2b421fea12f689fa18605d303a98,0,0,[],0,[]
671,0xa424b565f912cc13d783b859f960a39ac883cb71,0,0,[],0,[]
672,0xa424bc0840e0bc9b648b98cfd7ce6bc56ab7b36c,0,0,[],0,[]
673,0xa424fef89217cdcdd3bff8d62163050ddb95b479,0,0,[],0,[]
674,0xa425253a71279839ac969d8c4985661eaeba1881,0,0,[],0,[]
675,0xa425403d8c3a4e0de724408027292b54fd6b813f,0,0,[],0,[]
676,0xa4255cd883c5effec3b24369ba5124fe43e62c63,0,0,[],0,[]
677,0xa4258062e99350da814158b8f9d571976c41135e,0,0,[],0,[]
678,0xa42586d9319de14628779393d5b87ce9f6c4fa80,0,0,[],0,[]
679,0xa425e87a0f473d8944e81c94c8a28b6e71f0ecec,0,0,[],0,[]
680,0xa425f914e2cdc749d686e627325e7b6cd43eff6d,0,0,[],0,[]
681,0xa425fda1fdeb357d0e0711e0bca84973564a934a,0,0,[],0,[]
682,0xa42630fd8f433c03eb89141b7b2d94b9ddf09785,0,0,[],0,[]
683,0xa4264f4a9379b017f019fd3df0c305c0f9dbe286,0,0,[],0,[]
684,0xa4265b2202e464ec8b8a57e61c738af6239fa1fc,0,0,[],0,[]
685,0xa426710c3b8170f4d2f015349f47f9757a44c7c1,0,0,[],0,[]
686,0xa42680121accb53bcd2518fc452751472f3ee85c,0,0,[],0,[]
687,0xa426ab0e0cca38a718320aeb1d381815da2b7d5d,0,0,[],0,[]
688,0xa426bfdda22814a691fabcb44dcbe696b0fd16d8,0,0,[],0,[]
689,0xa426cd7dec6f62707401882e04b38f63f12a441e,0,0,[],0,[]
690,0xa426d720753f02fcce5860728e3a3a57f4a0ddb9,0,0,[],0,[]
691,0xa426e2940ea437434518734526cc719d228ef37e,0,0,[],0,[]
692,0xa427173b883605b41743e94bf2c3c5e6f8f54bdd,0,0,[],0,[]
693,0xa427579ea7355e1e4b2622151a291dea48fd994f,0,0,[],0,[]
694,0xa4278429426badce65e87fa20d0994bb93356aa0,0,0,[],0,[]
695,0xa427c110b9a35b9fed6c5145756a462555d9a227,0,0,[],0,[]
696,0xa42830ee059c77caf8c8200b44aa9813cb0720c5,0,0,[],0,[]
697,0xa42858a1b3f0ac68f06d30f2848ca50c9ee0121b,0,0,[],0,[]
698,0xa42862742075b43cfc482e87b236db0a05b46364,0,0,[],0,[]
699,0xa4286cbf0d82098a01691f967520d6a88a2ab2d5,0,0,[],0,[]
700,0xa428903520cd930d5fbc962a303e7af1a7c755d7,0,0,[],0,[]
701,0xa428936fa3ca794fa6a5dbfa80b4e3e16ab4e782,0,0,[],0,[]
702,0xa428a252a548681deb60c77d20493001f56681bf,0,0,[],0,[]
703,0xa428b7f88e5190eb6afc4ee91dc2aa21fd4dc001,0,0,[],0,[]
704,0xa4290c9eae274c7a8fbc57a1e68adc3e95e7c67e,0,0,[],0,[]
705,0xa42912edeeaec097e905afa96e0a3c8392eda11d,0,0,[],0,[]
706,0xa42999ce293a38cd9b58955d346851ee945ee6f6,0,0,[],0,[]
707,0xa429b8ad3284b11b3c644a1efbf56c334d796ac4,0,0,[],0,[]
708,0xa429c30bb3f619b90b6fc17d19cc19e03e825501,0,0,[],0,[]
709,0xa429d299f8ee880e3cb6a6a71ac321a026103932,0,0,[],0,[]
710,0xa429dafbb4c156bab95a6c2792932d196b138f62,0,0,[],0,[]
711,0xa429fc8e7ad07a2b364ca912ffc800912dbb75ca,0,0,[],0,[]
712,0xa42a14b062019d47ffdd3a534ccdb4aa10529b39,0,0,[],0,[]
713,0xa42a4001dc7a8d56cf7ad9746ccd536807a6fb46,0,0,[],0,[]
714,0xa42a542a78c82539cfb6b93a9f5fbe3a7348d653,0,0,[],0,[]
715,0xa42a54706f975085e5b059a522239b45f5a6d86d,0,0,[],0,[]
716,0xa42a7eeae5e060bda5a7d3cf1acc5890444f3d5c,0,0,[],0,[]
717,0xa42ac4a741de6605ed8ca1f295be5adb4ef45713,0,0,[],0,[]
718,0xa42aef5e09c803cf33bc98de2037566c03d77528,0,0,[],0,[]
719,0xa42afa0d150a54ae2188c3787f8ba3689063af14,0,0,[],0,[]
720,0xa42b55184272ace532b7df7b0c3988507260cdf9,0,0,[],0,[]
721,0xa42b6b2a2e4f0cec0d34c58e137dc438e0d95e8d,0,0,[],0,[]
722,0xa42b71d8184937841c1b36e3177fec3d97994f90,0,0,[],0,[]
723,0xa42b7ef48c0ad7f24d45180b113ccba8908115b1,0,0,[],0,[]
724,0xa42b84a7a59f718110266e55d81f5d1c037ff671,0,0,[],0,[]
725,0xa42bc4636152ad2c5ef42e1ec88141f763e5a926,0,0,[],0,[]
726,0xa42c1d3fd02f96c6427ec7fe13065609cde20421,0,0,[],0,[]
727,0xa42c63f81a96091f45a8f1c5388bef3b35f5bcf8,0,0,[],0,[]
728,0xa42d32b50275415d3d02c9f28bd5d1310f2b55c3,0,0,[],0,[]
729,0xa42d57e5ef1063125b9519252cad5f790081d6aa,0,0,[],0,[]
730,0xa42d63168747d1f263da1df402c9b2a141569461,0,0,[],0,[]
731,0xa42d9a7d270cf419d025e1deeea1eb9e4565f949,0,0,[],0,[]
732,0xa42dbb7153f3e607e1fadd1c40c0fb71718888fb,0,0,[],0,[]
733,0xa42dbce8d8c47b64f6f2885996ca07e483ad2cb0,0,0,[],0,[]
734,0xa42dd639298e8a754af80be26f57fdeb43a98476,0,0,[],0,[]
735,0xa42df359c9528d176629669210a155c876807a29,0,0,[],0,[]
736,0xa42e17643d1feb5ca26e94ea45ffabb5d4573513,0,0,[],0,[]
737,0xa42e82c8cb31068b240772ec69685ffc59b7fd11,0,0,[],0,[]
738,0xa42eafaeb4b5127a31c2d2177da2b373d6d84820,0,0,[],0,[]
739,0xa42eb15294fc798084b7217f73693c2239cc68fb,0,0,[],0,[]
740,0xa42eef90518f00dc3701af982a26a59edab75916,0,0,[],0,[]
741,0xa42f0173acfece012c90b88d0ee9d257d313751e,0,0,[],0,[]
742,0xa42f05d8ecd09e130d3ca9dff40c58d73f248e12,0,0,[],0,[]
743,0xa42f2d4cd7b5fbe42fec6a04cfd5a2a8f52e6268,0,0,[],0,[]
744,0xa42f75a2f73ba06d4c0a5849223d0d8f272cefa4,0,0,[],0,[]
745,0xa42fc554f8b06490df1f6418bfb351d0be11d12c,0,0,[],0,[]
746,0xa4301b1373ae4696d5cd13170206762ff2db759e,0,0,[],0,[]
747,0xa43032603145f776bf527b9514149ce15cb89e14,0,0,[],0,[]
748,0xa4303850aa2ae3e7396f28814402d22b1615810c,0,0,[],2,[]
749,0xa4305822feb885e1ab02ca0e44cea0675e06cb74,0,0,[],0,[]
750,0xa430bf3dcdf91cc228295cfece4e2c824f0d920f,0,0,[],0,[]
751,0xa430d1aa8c9744ec2e2f89ac6e9669eca09ea8da,0,0,[],0,[]
752,0xa430e845f1ae6c5e5f29673e477c73e0fc7e6dc4,0,0,[],0,[]
753,0xa430f821ba8400a50e0d64c368444cec1a131b7e,0,0,[],0,[]
754,0xa43104153d55b97395a1f01e54fa3681ce56717d,0,0,[],0,[]
755,0xa43121ea46f04e2066c0c32791fcb66299cff82d,0,0,[],0,[]
756,0xa4318a3056cc8b462dcde43ddbc1e89af4119179,0,0,[],0,[]
757,0xa43199a61e0aacaa2e0b8a1bc5aa2b01003f013e,0,0,[],0,[]
758,0xa431a6b7055acda741a7adc507cdf54131cac670,0,0,[],0,[]
759,0xa431aa4ea73ead255d1384a737764dbbf6f969f7,0,0,[],0,[]
760,0xa431ea674895eef2bf4dffbf5b756df48e5cd4f0,0,0,[],0,[]
761,0xa4322880cd683362a61b07aef76b8f5ec482d274,0,0,[],0,[]
762,0xa43240428fef378f8805fd422a95d0579e1a5638,0,0,[],0,[]
763,0xa432468825f4a87b72ba5be84213cf9c45a6cd18,0,0,[],0,[]
764,0xa43253b816b43a0f9ca0c5899b7548f8ba10ffdf,0,0,[],0,[]
765,0xa433097844641512592699688e7f8cb228ce7ee9,0,0,[],0,[]
766,0xa433105e7396070a5e1fdd7e2b2338f1bfa0de68,0,0,[],0,[]
767,0xa4335edc875ddc1dc5423d6e00895cd44fb0944b,0,0,[],0,[]
768,0xa433a606d21b63a9c710788b5c7886ff2184191a,0,0,[],0,[]
769,0xa433b318a6e3492524d02cb3dd77427599e145f1,0,0,[],0,[]
770,0xa433ba3f934ec767b463559f5053ac42223cb727,0,0,[],0,[]
771,0xa433e7a26a300e8ccf9b6e8f7d62922fd3e43f75,0,0,[],0,[]
772,0xa43405fca0731cb8dad2b0aca70f233521561b49,0,0,[],0,[]
773,0xa43414d463c11e4c6058f9eba7bee74632113153,0,0,[],0,[]
774,0xa43434fad41ac8456a0bb0690ff64c2b0c17087a,0,0,[],0,[]
775,0xa43447a5bf949f223941f7b23cd7510920d569c9,0,0,[],0,[]
776,0xa434a467f7480d550ebc3baa6ff72f6ccb71458a,0,0,[],0,[]
777,0xa4354d95a8707b66d332423818347797cbf7124f,0,0,[],0,[]
778,0xa4355e432219d920d47e93b103c23a2b00980c8e,0,0,[],0,[]
779,0xa435998dab05cd66cc62f10beb3845270c4f0340,0,0,[],0,[]
780,0xa435fd9c25f8b62589c2f99677f4302d7853a186,0,0,[],0,[]
781,0xa4360ce033295c61d937032ffd28b17948e9b50f,0,0,[],0,[]
782,0xa436664a984a9ccd9faa054264071e3c881636af,0,0,[],0,[]
783,0xa436a05d802a448de12ca4a832b4929053fe7e79,0,0,[],0,[]
784,0xa436e81a85111d7557801db88a4bda26bc16c7a6,0,0,[],0,[]
785,0xa43740d6583dbe2337b640e0790e2081d5950e5f,0,0,[],0,[]
786,0xa4374ebf60860f6ba4f29b113d4b9429bdb17b12,0,0,[],0,[]
787,0xa437d7f180243c69b6f2d8dd38f10d75eb7934d2,0,0,[],0,[]
788,0xa437fc7672820e97abf85222b015af20b3c25e77,0,0,[],0,[]
789,0xa437fff5f3f4999613c536b721e45dbf383436bb,0,0,[],0,[]
790,0xa4380ee2d4c759204fd210ca78b8d15f3064d1a3,0,0,[],0,[]
791,0xa43823ac8d4a00dffa46a3294a1bb36f73309895,0,0,[],0,[]
792,0xa4383dbd4d5168536835c8cbb2ec09029abf55ee,0,0,[],0,[]
793,0xa43860aadb3c1dc4cbd919d831e6d862a5949b1a,0,0,[],0,[]
794,0xa4387ab5fe2389a6ae1346eb80448ebddad482d1,0,0,[],0,[]
795,0xa438a2d47fdab7f5ecf0d0fba8582c3f99e4772d,0,0,[],0,[]
796,0xa438a4bfa94be7fe2355a3680bc0e797072ff638,0,0,[],0,[]
797,0xa438a6a9ca729a166584cb56dad45fb4c6e43a45,0,0,[],0,[]
798,0xa438f264938a7afa507ace04f86a4daa48f708c1,0,0,[],0,[]
799,0xa43935af7922c73e2c7d6b2f64f379140ec5c97f,0,0,[],0,[]
800,0xa4393c62dc45a231e31bf4c50dc2f6abd374dee8,0,0,[],0,[]
801,0xa4399154fe4f15d0f5c72be9e07268e17bc23e5e,0,0,[],0,[]
802,0xa439ea7990ccbd5aa14b7352d6536cba21bc5cb1,0,0,[],0,[]
803,0xa439f44cb07646867b315a964d704e1618ec60f7,0,0,[],0,[]
804,0xa43a0f764e82e31d5f1573e45ea4eb88bb0feff0,0,0,[],0,[]
805,0xa43a498383ed492ec9d921545674e4d2674b7e7d,0,0,[],0,[]
806,0xa43a50750694dff4627bb9650df8c2d1c2ec6336,0,0,[],0,[]
807,0xa43a7da3d74ea0cafacc67e6f4d8c2c239364b41,0,0,[],0,[]
808,0xa43a92f15a6a3739285b2940696f678543ce4971,0,0,[],0,[]
809,0xa43acd46ae80eceaff3c6903ed0cb81e52617d71,0,0,[],0,[]
810,0xa43ae318e17e293bfc5ba9f960d1bdf129af0b57,0,0,[],0,[]
811,0xa43b1db41017e36a48af9a288df83b828c1dec50,0,0,[],0,[]
812,0xa43b4d52f18669229b7a7e51085acd8a9bd8078c,0,0,[],0,[]
813,0xa43b82490d797cd3e03911c58f69652378275e12,0,0,[],0,[]
814,0xa43b872a20c0d880a8cbdbd11b4fd91117eb7548,0,0,[],0,[]
815,0xa43b96c3afc0e0aad78d7b307e5c3b3476367dba,0,0,[],0,[]
816,0xa43b9c2822a48e7014772d4e2221419091920dd7,0,0,[],0,[]
817,0xa43bcb7b9f20d16b94be3f423dd61636260de613,0,0,[],0,[]
818,0xa43bf38ae95701e5c37895a3d2150af0be154b0e,0,0,[],0,[]
819,0xa43c297a6fa2bfe57fddf4a7b6a269c4f1c33383,0,0,[],0,[]
820,0xa43c618edd2caaa977f1f6bbabce0ed3bacee1c3,0,0,[],0,[]
821,0xa43d269a812e65126c2d8475f17e87031c367447,0,0,[],0,[]
822,0xa43d3cfaf7a968d008e693d193d892c3474622cc,0,0,[],0,[]
823,0xa43d3f117037e0f69f8ec8febf96761eb08cec2e,0,0,[],0,[]
824,0xa43d8a9b2fd3c0ce2a1256406b490cfdefcda990,0,0,[],0,[]
825,0xa43da2bb11ed6e3bacf2686e6e2f1bff6da6369d,0,0,[],0,[]
826,0xa43e1f8eee0f211c8c5fa1c6460439294a2314ea,0,0,[],0,[]
827,0xa43e279a7105e9f9a336d507a05153d7baab701f,0,0,[],0,[]
828,0xa43e9c01c9533c0d37bd276258682111e00048a8,0,0,[],0,[]
829,0xa43f2996abb864897b49e0ce57a4876ac14638a5,0,0,[],0,[]
830,0xa43f6d2a8f5f0b295a97eb288270f0d2b922defa,0,0,[],0,[]
831,0xa4400e56c5a3f6d3255bdda5fed1107ceb865c10,0,0,[],0,[]
832,0xa4401bfadcf4c68bc0851c35e73dde57556353a6,0,0,[],0,[]
833,0xa44077673ce164fc2ee694f344e7e32d082c313f,0,0,[],0,[]
834,0xa4409cfabfa8ec82bb8e09cdb14efa2e02256e70,0,0,[],0,[]
835,0xa440a4d15c5b395e1a7870e8c981c5fbd5f3d084,0,0,[],0,[]
836,0xa440fd1828b3fd058fec10be29d10d0b42ada6eb,0,0,[],0,[]
837,0xa440fd458672031588bc8229c48f4c1f4eaef93b,0,0,[],0,[]
838,0xa441535df007b9960be5f7132828c2e87db16bc6,0,0,[],0,[]
839,0xa4419a26c6f45c51570df9ae6c206eb07a377f7e,0,0,[],0,[]
840,0xa441b4fc21a144ab43a3986302b92a25a3169f86,0,0,[],0,[]
841,0xa441e2202e549784fa4c5d451274c31c6b945208,0,0,[],0,[]
842,0xa44243214c6edc81e1878beede95891031fc1d84,0,0,[],0,[]
843,0xa44247b333faf99c03c863bd713f034bd73f92a2,0,0,[],0,[]
844,0xa44262dceafe3ea335a9cdfb2902b3c30f039acc,0,0,[],0,[]
845,0xa4426c8c65a555a20790ba97b1493ecfe6fe2c3a,0,0,[],0,[]
846,0xa442830b793c02b4609d9bdcebc56c7a15ff68c3,0,0,[],0,[]
847,0xa442a2d4a66ec8f82d32117953bca6f15b26f10f,0,0,[],0,[]
848,0xa442c0979cecc51d759bc6e02492516c12d27e28,0,0,[],0,[]
849,0xa4432b32f77c1aa014171626007d8d9e9c4eb1ba,0,0,[],0,[]
850,0xa4432f6ca5549affd96d76425d2f5037f42c6dfb,0,0,[],0,[]
851,0xa44375fba62e8e9c44f72193ee8029934903974b,0,0,[],0,[]
852,0xa443d85618031f96f6ae6fe945803156366e4718,0,0,[],0,[]
853,0xa443e1b1b5b8d6993282561ecf5909ca371442ab,0,0,[],0,[]
854,0xa443fa1a5ec8f65734dcdf804025340057262bf3,0,0,[],0,[]
855,0xa4440c547b17c42afe9167e07028ebc2457bf21e,0,0,[],0,[]
856,0xa444362e49bb25ca259dfa49580c8c40708a0a66,0,0,[],0,[]
857,0xa44464123e6cfa52dca34e6c0861f3453cc4bfd4,0,0,[],0,[]
858,0xa444689df4894371fbd0384cf0f51c2550a59810,0,0,[],0,[]
859,0xa44470513c5879bf392a3e2c33cb8e6cf287b908,0,0,[],0,[]
860,0xa444924013dce523ebf1243841ecabd39367a146,0,0,[],0,[]
861,0xa444bba3c6d671a9165638c4a40f578d3a41335b,0,0,[],0,[]
862,0xa444dab35038f21ede9710bd0a46f8ab6fb5e2aa,0,0,[],0,[]
863,0xa445445a980e532b86d05ff288917747eab5fb1a,0,0,[],0,[]
864,0xa445bae94c231a813180e37c3e9ae3c152b2feab,0,0,[],0,[]
865,0xa44601346b7addd1eb386dc4cd21fec462493d83,0,0,[],0,[]
866,0xa446315be1313029de32223ad7a18383886ad796,0,0,[],0,[]
867,0xa4467b1d6883d7b0190e16cf5e1cd6ee2012e978,0,0,[],0,[]
868,0xa446ac75e299f01b88d764ac9068e569b342f098,0,0,[],0,[]
869,0xa446c2975cb39555184933b9ce10f26a4d1d7102,0,0,[],0,[]
870,0xa446eb29977c2f7a9dea5adb036fc26d5b34723a,0,0,[],0,[]
871,0xa446ef656c7124daa5c8c4d8ee9707af248a8ede,0,0,[],0,[]
872,0xa446f2db3bfb5390364988c8e2b159ca17213465,0,0,[],0,[]
873,0xa44715a774cbead7a561a7670e41cd73b139619e,0,0,[],0,[]
874,0xa44721aaac0bed874a804d179ef0d06a34c32b8c,0,0,[],0,[]
875,0xa4472c1c484ff20902fa629d20a166a2ccc01788,0,0,[],0,[]
876,0xa44740d55bb7726d22ea62b68830dd15f31610e6,0,0,[],0,[]
877,0xa4474bd17bc3ec713f3ff5d12359597abbe36141,0,0,[],0,[]
878,0xa447844f81984684e5ce557664794c802b03f9a7,0,0,[],0,[]
879,0xa447942b27ff97283b26b566f26ef494908505f1,0,0,[],0,[]
880,0xa447f026db1020c5fa143cd5bd5f1af4956cfc17,0,0,[],0,[]
881,0xa4482b898d944a4164ba4d46208a73bfefab9db8,0,0,[],0,[]
882,0xa4483be1d369a42001a7ed73982e590b9fd9fa77,0,0,[],0,[]
883,0xa4489795e4b9fd70ae54359302ae29b143e90db0,0,0,[],0,[]
884,0xa4489de7815d7e9baae4cea4d5fa175baccde892,0,0,[],0,[]
885,0xa448c56a354a8ff2b5aab489df1348e9dfabdb7c,0,0,[],0,[]
886,0xa448df4110551790d987efaba73381085e21e78d,0,0,[],0,[]
887,0xa448f39c7ba7f344d025e02a3859dad5b799b6e8,0,0,[],0,[]
888,0xa4492a6f73e0b6719b57a1299dac7dcba2e7debd,0,0,[],0,[]
889,0xa4493a7400541324e9a02267892246481faa10e5,0,0,[],0,[]
890,0xa44962566639bbac55ab6d09d74ca452f5d2a70c,0,0,[],0,[]
891,0xa449eaa28f057cee39589201319d10f3da06c832,0,0,[],0,[]
892,0xa449ed23ecec4712eaa12377311eeb54561be302,0,0,[],0,[]
893,0xa44a041da7a2624decc1051b636e375b227213ba,0,0,[],0,[]
894,0xa44a70350c9942a7ec315f4cf6b00643f9b48afe,0,0,[],0,[]
895,0xa44a8feb9bc7513efc10219d31bbe7bae817138b,0,0,[],0,[]
896,0xa44afb6e601ede78cd5982916a32ca8f8a879d83,0,0,[],0,[]
897,0xa44b0e7df024b238705f77abd97fc71bc35f6927,0,0,[],0,[]
898,0xa44b4c628a967a3ca0068002eb2a7d6dfdf8b9b5,0,0,[],0,[]
899,0xa44b9562a3a2abe97ea8a75422c78e8d045e479c,0,0,[],0,[]
900,0xa44ba7cbefe4f4b9edfc086a18b33eb6ae8f25b6,0,0,[],0,[]
901,0xa44bc6da7a0022166862807a04f9ded0e95b21a1,0,0,[],0,[]
902,0xa44befeb5d78a3455a4dc4b849649c0a4ac732e0,0,0,[],0,[]
903,0xa44c04ee350ec63d4c30e235a3e6cc26a8494920,0,0,[],0,[]
904,0xa44c64875e347fbd42a5a6b890534349ab58f4f5,0,0,[],0,[]
905,0xa44cd7bf887c69a803630d41a4d202485c0ed022,0,0,[],0,[]
906,0xa44cd8dfaffb291666185d302951083881112404,0,0,[],0,[]
907,0xa44cecaa13f859bd4cecfd3e7d1bb50583258666,0,0,[],0,[]
908,0xa44d10b70305bc8213e68e44cf6168dee06725ef,0,0,[],0,[]
909,0xa44d4b89113b5ec2ed17aa32942c2db5b85e6472,0,0,[],0,[]
910,0xa44d614d545e59f859d00401fefe88a6046f342f,0,0,[],0,[]
911,0xa44d7b49c30f7be1b82b655f3f8ecd20efe9635e,0,0,[],0,[]
912,0xa44d9abeed6dcf6c49942faf7170522f8b2c1d6f,0,0,[],0,[]
913,0xa44da42dcb74fb69bda169ea7d729b22ca8209d6,0,0,[],0,[]
914,0xa44dbc1f853669f74b297f5bc52bacb05e58df6b,0,0,[],0,[]
915,0xa44e1b4a54bc457132787aab93cc69811887aa97,0,0,[],0,[]
916,0xa44e358150ea0e5f0bacede06da0243074c1927e,0,0,[],0,[]
917,0xa44e5977387a3c15da468d84e52b0f0d87e2e008,0,0,[],0,[]
918,0xa44e5e58383ce80dc9fb8ef11a9069ac5be6d778,0,0,[],0,[]
919,0xa44e705a98509801d39fcc3032ec844230e4f79a,0,0,[],0,[]
920,0xa44ef25ad2f172f7fd24ab4fb87b5181c4b1545b,0,0,[],0,[]
921,0xa44f00406922c51d399703186c308afb5f8e0b84,0,0,[],0,[]
922,0xa44f15c61960678c9aef25bf8b0ba6fc45ba2495,0,0,[],0,[]
923,0xa44f83d3cd461a17fa76bd5a1ed7093090a8a1d3,0,0,[],0,[]
924,0xa44fa4a9d46e6ec3976161b4cd6cff5615bf078a,0,0,[],0,[]
925,0xa44fb237cba4ba05be68bab10937394391372c56,0,0,[],0,[]
926,0xa44ffc4eb77c11916345b2c3f1f438a682f76938,0,0,[],0,[]
927,0xa450094b40171c4384ba642fc4d34d8dca82612c,0,0,[],0,[]
928,0xa45029b553769ba1d913b54bb336bad2f3b034af,0,0,[],0,[]
929,0xa45038edb986dcca6646dd4cf4e1989195cca89d,0,0,[],0,[]
930,0xa450575b7cadd9c93a1aca39a800f418d7208e61,0,0,[],0,[]
931,0xa451087723693c0d897c11086e430710f32c275b,0,0,[],0,[]
932,0xa451221c20cd681611932d56548f62a260333ae7,0,0,[],0,[]
933,0xa451440b330b3fca619838554f56b285e246d814,0,0,[],0,[]
934,0xa4516fed9bf3d00d19f4ac3271dde9bfc20aa21f,0,0,[],0,[]
935,0xa4517a2b21f85f6a6a63601cea7fa4e34da92856,0,0,[],0,[]
936,0xa451864eee763fa3798e03a8228ca7fdfe7e0a9d,0,0,[],0,[]
937,0xa451c54090e296e161f5fb373b79830b85a741cc,0,0,[],0,[]
938,0xa451d7b786b19fea1cf6fd618e05747bacc98058,0,0,[],0,[]
939,0xa451ee72a11ddb6b511c3b1f39a0d48dee6c17f9,0,0,[],0,[]
940,0xa452002f59d064bd1051f5fbd6a33cac214ccd8f,0,0,[],0,[]
941,0xa4523f6a1216c2391bc0d8d347e48fac9205eae1,0,0,[],0,[]
942,0xa4528bf11e737bb60cf87d83aec26ca594053e3f,0,0,[],0,[]
943,0xa452afc0e3c27bdc61eca797fc82edb5bc46ab1f,0,0,[],0,[]
944,0xa452e5678b3287be25cdc3a70811ffd3c8dd5cf1,0,0,[],0,[]
945,0xa452e66d686f403f4e889621918f8ed07c0894bf,0,0,[],0,[]
946,0xa4533ef25900f242262d8871961225521c5b2c0b,0,0,[],0,[]
947,0xa4534de34bfde58f35a20ab4bc1e67d571211a72,0,0,[],0,[]
948,0xa45368c5c932780ba7908e488ca437b2cc828861,0,0,[],0,[]
949,0xa453d3a7def77cc4da8c1ca85560b36f923f7d58,0,0,[],0,[]
950,0xa453e0670bd3fbad0372755db2e14dc1e32b5f97,0,0,[],0,[]
951,0xa454124ae690cc23c48f349e977888d3d0b7d94c,0,0,[],0,[]
952,0xa454b8b6ec1dbfe0d99d12bad51e4fb00dafa195,0,0,[],0,[]
953,0xa4552025e0b84cf1b605f704429dfb6d8b068a7b,0,0,[],0,[]
954,0xa45520bfd03d9da01026f3b35cb2149376fa4d41,0,0,[],0,[]
955,0xa4557e92ac247fb5ac55d22be7ef3cab14c95a9c,0,0,[],0,[]
956,0xa45595cbed670d2e89076f3d08f7a9a28e3ff769,0,0,[],0,[]
957,0xa455bc59424fe851b42b4824d9d3b1d50c1c6c06,0,0,[],0,[]
958,0xa455e505fe0f8d80da01ab148302f8dddf5ce713,0,0,[],0,[]
959,0xa45604638072057b06d4878e4f0025f7cd34343b,0,0,[],0,[]
960,0xa45628146b34d61f69eb053fbf816bf1919c3def,0,0,[],0,[]
961,0xa4562dc62d6b786d59eb377a50aedaff10bf6de8,0,0,[],0,[]
962,0xa45651b359f7bf0435ddc3e7daa0c2ae07afbb5a,0,0,[],0,[]
963,0xa4565b8f4096704515d56598ab87d3cbba891a72,0,0,[],0,[]
964,0xa4566cb899e15b5657048a036ac233a98627ed5f,0,0,[],0,[]
965,0xa4566cdf45b36bc32c682b8bfd26311fda207179,0,0,[],0,[]
966,0xa456f3268d6f29ee00350cd3ccbc494b11b38169,0,0,[],0,[]
967,0xa4579fb75f10f29ccf5c056a5b536c4a57a5ce42,0,0,[],0,[]
968,0xa457a567fb06ed38ba8e59fc2e0215667622fbbf,0,0,[],0,[]
969,0xa457aa7b483cb9e02af7e559f3757327a569bd72,0,0,[],0,[]
970,0xa457d79f1a87a76b6c4819795776a428a2241048,0,0,[],0,[]
971,0xa4587e478d402bf6c7f38a45a40d04ad41af89ff,0,0,[],0,[]
972,0xa4588d95f5470b5020d6029dce0d7f79d14c9ab0,0,0,[],0,[]
973,0xa45892a1effbcc3723c234e9b540f3beb5de3cd0,0,0,[],0,[]
974,0xa458d1ae957af03b7b2aa0c87960572abf8ef935,0,0,[],0,[]
975,0xa458dad3a506d4252ddda940c7ef5dc83892daa0,0,0,[],0,[]
976,0xa4595f52d8fc9f173f2fe10f2952911a16f6edca,0,0,[],0,[]
977,0xa4596a671afa5f544fb537d9ec465989f186e2d5,0,0,[],0,[]
978,0xa459ccee3fc27de46c16685b498b47e44710690b,0,0,[],0,[]
979,0xa459d6dfdc385e7c0aa82b92b0baca7d6deb5c08,0,0,[],0,[]
980,0xa459e901fe786629b543cd74f5e627a4e5fa4d50,0,0,[],0,[]
981,0xa45a13078dcf1f073abd60105b968d6c8010c49f,0,0,[],0,[]
982,0xa45ab8f90103f92d1249001c69dedbfc483289db,0,0,[],0,[]
983,0xa45ad16d1652713cf30d6a390980121ee3e7fee8,0,0,[],0,[]
984,0xa45b2de1da476cf5c2c319f51d0703a5538ae82b,0,0,[],0,[]
985,0xa45b6329a4d93f0339d7710b38ca8d772e615f4e,0,0,[],0,[]
986,0xa45b7b1f37a560cc835bd2323ceee2c20b775c4b,0,0,[],0,[]
987,0xa45b8549884895ef6b7b723338f1d14981336151,0,0,[],0,[]
988,0xa45c51422a116562706ca80cca3130713fbcc52f,0,0,[],0,[]
989,0xa45c8e39d941138828b9497b4a3e814815dd02a8,0,0,[],0,[]
990,0xa45ccb4201fa60a7e8af43ca0e3a370fd16ce514,0,0,[],0,[]
991,0xa45cf0b416067cbac4cd76e71029f53c67520d87,0,0,[],0,[]
992,0xa45cf19cb26f2f04df904fdf4d38818e1f61d70a,0,0,[],0,[]
993,0xa45d8e1d16235011c652e9d8e274f907aaef4aeb,0,0,[],0,[]
994,0xa45d95474bb433c40b035d4cb7a4fde28ff0eccf,0,0,[],0,[]
995,0xa45df0f41ddd024044fe7342e608b2cd09923a74,0,0,[],0,[]
996,0xa45dfd6f66be5ab4e254e4df2be6512de81fe9f2,0,0,[],0,[]
997,0xa45e2a81522e5a256b5b7e0698bb61f4257082e1,0,0,[],0,[]
998,0xa45e3866e6bf1d971e73ce5a3893c9fa9f57dc0c,0,0,[],0,[]
999,0xa45e4da10f86579ff2d37cbf29fc7b27c08a22fa,0,0,[],1,[]
