,id,delegatedVotesRaw,tokenHoldersRepresentedAmount,tokenHoldersRepresented,numberVotes,proposals
0,0xab4e17415072ed8cd86fb2ffd829e4986b7bf54c,0,0,[],0,[]
1,0xab4e234308a6d505c894517f650002dd2bf7aa66,0,0,[],0,[]
2,0xab4e4a9bbe6e25420a38697e624b8d81e910aa8f,0,0,[],0,[]
3,0xab4ee559c4993936dbcfc9cc3367ee5d1c780943,0,0,[],0,[]
4,0xab4f1fb0d42df59862fae4af0af1a4cefeb2704a,0,0,[],0,[]
5,0xab4f5bdf9e52f800d95fe058b1ecc1e5e8c320db,0,0,[],0,[]
6,0xab4f9a347d3564557ee8f29d0a62d4e742ebc31d,0,0,[],0,[]
7,0xab5090ca47525163564cfd37879b02304ee6bf6b,0,0,[],0,[]
8,0xab50bcfb0b96f08bb213405f305898ffa69644f1,0,0,[],0,[]
9,0xab50cfb2f01e20897514d72ac50b3e3e7f28c8a6,0,0,[],0,[]
10,0xab512453a016bd513a42dfcd05998b0b36f53a3f,0,0,[],0,[]
11,0xab51a39d79fd6796af1c9c942b01f8ff0da5ed8c,0,0,[],0,[]
12,0xab51c7efa67717d3f3d19649bf4612e515f4cf6e,0,0,[],0,[]
13,0xab51d0c4bd870ea47ed20aa4982e60dc84ece42f,0,0,[],0,[]
14,0xab52241001c544a991e6ca0e5184d36f4fdfc479,0,0,[],0,[]
15,0xab5262a337ceaa56b1d9dea7f1518940435896ce,0,0,[],0,[]
16,0xab52ad41392e37c79170ab20f852aaa9af9d1044,0,0,[],0,[]
17,0xab52b8c0df5af7f4cfb186cd993caaec3248f7ef,0,0,[],0,[]
18,0xab5308e8ed05048c6826e51cc6a2ba5a785d3927,0,0,[],0,[]
19,0xab535286df5c9af82c697321e4f79e50c30cdda0,0,0,[],0,[]
20,0xab53bfd4dbf7a5d218e3aee419fec9a368dfcd92,0,0,[],0,[]
21,0xab53c0570ba468d84c46149c0fa74ea7adc9bf4b,0,0,[],0,[]
22,0xab53e9791e96048d401abf68eb054afb4abce2a0,0,0,[],0,[]
23,0xab53fb0ab6b3bc8f27d9d3cfcc515e9cbc55e937,0,0,[],0,[]
24,0xab54380b32db37ad25fd5963747568f919295c22,0,0,[],0,[]
25,0xab54669adaf887e2b8321d524cdc4acbe0204c1f,0,0,[],0,[]
26,0xab54ebaa35970a2fc925d744b22b0c65bf90aa07,0,0,[],0,[]
27,0xab55c5b8150e088c60fe4dcc91136fee84a4b2bb,0,0,[],0,[]
28,0xab55c83523ea8e6487ad785da5b88f9ceedd9a6a,0,0,[],0,[]
29,0xab561d89e4c76549cc6ee339b4839d1d46555180,0,0,[],0,[]
30,0xab5625307bc0805301892c4e2d5addd283931214,0,0,[],0,[]
31,0xab566bf755174caa7bd46dee2780fe050c29fda2,0,0,[],0,[]
32,0xab566c6dbfca03f65c5ee5c3a7dd9cafc95477db,0,0,[],0,[]
33,0xab56e0c8ffc10b9e304720da305144fbf7463b2f,0,0,[],0,[]
34,0xab5764fa83a53e183f69ed5211573cfc97d0b5be,0,0,[],0,[]
35,0xab576aa94a6c69997803fa74b09ef1fcaa9b0f3b,0,0,[],0,[]
36,0xab57aa35d6f3f0bf651283d2e3254a9659476d0b,0,0,[],0,[]
37,0xab57babf2ce17f8a7661cbc24fc515cea77f930b,0,0,[],0,[]
38,0xab57fb4053e97e9dc9eb53e58890541269f59ed1,0,0,[],0,[]
39,0xab58779cec2b82a75ffd103fdc88d7e3adb13468,0,0,[],0,[]
40,0xab58795036afe5f3b4aa0b96d771a8f742d0ecda,0,0,[],0,[]
41,0xab58932d241a400a678fca5c7649b5392f054766,0,0,[],0,[]
42,0xab58b60cdc49f74f1c651d56540dc1ceb7e69522,0,0,[],0,[]
43,0xab5931784e812bfe444ae42cfa0b5366418867aa,0,0,[],0,[]
44,0xab59710c3d647d99e64ca2f051cf5f3f16fb882b,0,0,[],0,[]
45,0xab597455a9d4d9f4000681b0b1ddb5ca82a546bc,0,0,[],0,[]
46,0xab5992ea142090583f059b8f13195b201de07f7f,0,0,[],0,[]
47,0xab5996870b0d55db8bb800171d89a87369e98829,0,0,[],0,[]
48,0xab59ae674293dc1fcccbd11c9194baad766bf781,0,0,[],0,[]
49,0xab5a193a11f779fe105e8edf9815a0b514b013ca,0,0,[],0,[]
50,0xab5a4138a8b7190ca51061a1133705e9d2c98090,0,0,[],0,[]
51,0xab5a5aa78fee077d50aafece1e671d7b2f17771a,0,0,[],0,[]
52,0xab5a7c35cc0bb434136d96075b13231118673a1d,0,0,[],0,[]
53,0xab5afcbe5af5ce6ba24cc661e26ec77a541746b2,0,0,[],0,[]
54,0xab5b539f4c9911620405dec286906926313703a6,0,0,[],0,[]
55,0xab5b7a83516deabba3d40ad96e61278fa274a653,0,0,[],0,[]
56,0xab5bc73c154f1b0116d7f9ee891c1ea35f287340,0,0,[],0,[]
57,0xab5c3543af20d1dcd933dfc7877f28a034029e9b,0,0,[],0,[]
58,0xab5c46fb1a76378719b8c63f2d2517c7f34875d1,0,0,[],0,[]
59,0xab5c4c6eec76dbc36274a95327799d8332f90615,0,0,[],0,[]
60,0xab5caa449ba17e6f1815d0400efa122a1a89f242,0,0,[],0,[]
61,0xab5cabee1ecb2e6eb7ea7bd023c0e4bb59d671f2,0,0,[],0,[]
62,0xab5cec6a513ff7994d0ccf76b4241b7038bd0932,0,0,[],0,[]
63,0xab5cf1fceced5fccdc22129256483c7ce91bbae5,0,0,[],0,[]
64,0xab5d03ea31bf64691e0d1cb8fa058ab261151ffe,0,0,[],0,[]
65,0xab5d2f15d83bc148cbbc519e4e3632e72084c532,0,0,[],0,[]
66,0xab5d91da2ddd18fa145338b923803ccc61c99f28,0,0,[],0,[]
67,0xab5dbbaa86a6471d5e98018b3ed89390c1b02652,0,0,[],0,[]
68,0xab5dd21b66c5064b6853b5deaffd02351a2ea725,0,0,[],0,[]
69,0xab5deda8e8417ba9dc54892d3a0fc50854a20d22,0,0,[],0,[]
70,0xab5e06096f58dd17f4761aebb1120368e6b77a80,0,0,[],0,[]
71,0xab5e28ba94ad723a1da129bf7fac085c45a924bc,0,0,[],0,[]
72,0xab5e2a17de0b1491ef3f0c1cb13d843563b0371b,0,0,[],0,[]
73,0xab5e2cfc73094529565acf80d5cd35ee850ae3ab,0,0,[],0,[]
74,0xab5e8cc61af1976bd8162e54b59a1a165e5aafd5,0,0,[],0,[]
75,0xab5f073cd3633f3344468be67acb93991cc68f0b,0,0,[],0,[]
76,0xab5f394d54386174d757e55b03e56a6595db24ad,0,0,[],0,[]
77,0xab5f5a3bc86b536a7e415943d0e5d93e3886f106,0,0,[],0,[]
78,0xab5f6db1bb37a1cf2b45762e15e438ca79c69760,0,0,[],0,[]
79,0xab5fa7fffd8b03472172b48a45ac7ad9f72ffb8f,0,0,[],0,[]
80,0xab5fd84d7cb55de0757fda7532aa3bea9e6e0fab,0,0,[],0,[]
81,0xab60042320486b85c9eca69d382166763fc15bbe,0,0,[],0,[]
82,0xab6022491a93e8ae044f7adc6a8fddbe8de86a48,0,0,[],0,[]
83,0xab60bc3e8a3fecc0c42d1ddb5c0484e131b6ed23,0,0,[],0,[]
84,0xab60e90506c996275ce39e67160d7d34c9d27703,0,0,[],0,[]
85,0xab6176a2cbe326b0ebc3fd06bbf9b2d2c1b6f282,0,0,[],0,[]
86,0xab61903ee0a18780129c345a1264d78bb39a97cd,0,0,[],0,[]
87,0xab61ad1c94ea4bd70b659c26c4e224447607247a,0,0,[],0,[]
88,0xab61cc776cc19af7e99d3ba4539435311fa74e8a,0,0,[],0,[]
89,0xab61d017ff5c2855ec273e1c1993b2f6685dd0ab,0,0,[],0,[]
90,0xab61ebfb6fe2f516f2d846521c00c734a414a0ab,0,0,[],0,[]
91,0xab61f0aac729d892f974c7d4d45a29e2b4239f12,0,0,[],0,[]
92,0xab620ab34d00664f97f4c8f36d18d56272a43060,0,0,[],0,[]
93,0xab6229f0e73e309f9a28dc0326cae1eefdd2a0b8,0,0,[],0,[]
94,0xab6229f298e482847d7b43ad32c650b2d507a7aa,0,0,[],0,[]
95,0xab62504a0200dfe80811abec0a5e74437135364a,0,0,[],0,[]
96,0xab63004cedbbc5885f852cbd293bff7ddfa7e44e,0,0,[],0,[]
97,0xab631f0852e45ea32aefa3525d385f70b81b8835,0,0,[],0,[]
98,0xab636d9f9cdcfca17a13f77c3073ec0379e1bdee,0,0,[],0,[]
99,0xab641c34134b2a48e6c9b6e4d6578b8231b81cf6,0,0,[],0,[]
100,0xab6458becb64ed94bf80a4e75e8dc1cbc5375ab6,0,0,[],0,[]
101,0xab645f10bf841732fa25626af1ab6f846bdfe6b8,0,0,[],0,[]
102,0xab646b92e5aa0112f569074377a35c4e99e641f7,0,0,[],0,[]
103,0xab64a3c415bd4634635f366c73b94c2a98383549,0,0,[],0,[]
104,0xab64a422c6cad846272a1235e03473ee01f3b98a,0,0,[],0,[]
105,0xab64c9e7f5855d860a6f3219586730640dab7205,0,0,[],0,[]
106,0xab64f0d7989bc0c8ab36149025fbb8059704c672,0,0,[],0,[]
107,0xab651cf2a22d65ac8269f10ddec567ecd38715ba,0,0,[],0,[]
108,0xab652678da40c81ee85d86371b3066787fa0576b,0,0,[],0,[]
109,0xab6599bc375a96a37f71b6b5d347d1e437f92d40,0,0,[],0,[]
110,0xab65bcdb67fda2ecd4321e700ac1285eba6472d7,0,0,[],0,[]
111,0xab65d75c26aa0d14c0d1667bf8c2e646f5dffcff,0,0,[],0,[]
112,0xab6601af1ea5862bb0db1c9552db71f3ddbcfe1c,0,0,[],0,[]
113,0xab66480a8229d53af8019ae0ab9b1d4cab9cbcf9,0,0,[],0,[]
114,0xab6676104cc2b602e329f11ee466ded9da09a1cc,0,0,[],0,[]
115,0xab669fa91addaf30a5aebee71d663acba12b7001,0,0,[],0,[]
116,0xab66babb8ebcdf79c07c048a152f295d70d22713,0,0,[],0,[]
117,0xab66dca813a5e95c7a0743ad9ba2ef88325b9bd4,0,0,[],0,[]
118,0xab66e71baaa69dea445fbfc8b07fb1ad09d10f53,0,0,[],0,[]
119,0xab66ebf3b8202f6f27a5e285d03c0a10a3f79346,0,0,[],0,[]
120,0xab6715667a7f6cf19195f9be575ec1d9ff23a374,0,0,[],0,[]
121,0xab6718c650f289cc530ed9c09914f6d6528ab2ba,0,0,[],0,[]
122,0xab671ef25a9a38414cd431fc5839bdaa938f6354,0,0,[],0,[]
123,0xab672e56e4fa09342b670193453a4f5e6bf044cf,0,0,[],0,[]
124,0xab6742bf24447f16328b9aae58aa9f71d9df9d83,0,0,[],0,[]
125,0xab67caca78775d90a49099c76b098f052854dd83,0,0,[],0,[]
126,0xab67d25d6f83020218dd8d9ba3e29989e5c2a46c,0,0,[],0,[]
127,0xab680dd6cfed26b6e2d329fb5662892daed58ede,0,0,[],0,[]
128,0xab6824f580412de98c68c108dc6ed671ea80d86e,0,0,[],0,[]
129,0xab6850432854a9f17c3a963d531b0da1805017bb,0,0,[],0,[]
130,0xab685f1cfa5a7bae938c1e969060e7b023b6a933,0,0,[],0,[]
131,0xab687bbcf4af729fe96bff0e046abd921a7b6974,0,0,[],0,[]
132,0xab692a9276cd62aabab057684ed9fa3ac5540ac5,0,0,[],0,[]
133,0xab69aa255c368797decf41006a283b3eac85b31a,0,0,[],0,[]
134,0xab69f3c37ac023ef1d3ae111922cbc13ba742416,0,0,[],0,[]
135,0xab6a188a9762241b0afcf46933daa83f3e9f4d65,0,0,[],0,[]
136,0xab6a54ce286e3793b845a8b12b86463958aab000,0,0,[],0,[]
137,0xab6a63bde1293cced97f3c24917c63e68788d3ed,0,0,[],0,[]
138,0xab6a999e51dd0e43da20bf8808a6987afe79212d,0,0,[],0,[]
139,0xab6ae19894a090e5828ffec667724c92aef9b1b2,0,0,[],0,[]
140,0xab6af8b63f07534a89e20d36bf8e4648dda8582f,0,0,[],0,[]
141,0xab6ba4555cc44069a53d841a0ef8e8e896ac8468,0,0,[],0,[]
142,0xab6bcf79e27cb57f729b0d6298185f228d85346d,0,0,[],0,[]
143,0xab6bd4f903112a6a67d7d37a73522dee3cf52a4f,0,0,[],0,[]
144,0xab6bef7c2662ba0ae294745878737c89e813ccf6,0,0,[],0,[]
145,0xab6c050d3d77f854a7070941239c3652618f2862,0,0,[],0,[]
146,0xab6c4d7ca9f99c30a26aed45ef7415f8f31f4d0f,0,0,[],0,[]
147,0xab6c673089b48de53b11e9121c00e7452cbe97c8,0,0,[],0,[]
148,0xab6cd545e47c305d63a46fb324653d13d798d33f,0,0,[],0,[]
149,0xab6cfd1d7c9c2d7fc1f1f461084a3d4e8a8f421a,0,0,[],0,[]
150,0xab6cfff3bf3c3f845805d33dfa250f2ba6ff647d,0,0,[],0,[]
151,0xab6d71d7dbedf95ea01337703fa2c8e484c16d57,0,0,[],0,[]
152,0xab6deb7c52addf016ef3e2553d6a868764d428d4,0,0,[],0,[]
153,0xab6df0ddd4b8a1e2306381bcafa867663e837e99,0,0,[],0,[]
154,0xab6e1938d982dbde84a1f4af0e268ac1c3113f99,0,0,[],0,[]
155,0xab6e4a85c8e1fa9619001c2dc7cba332e5e4ff8a,0,0,[],0,[]
156,0xab6e4baa11e89dabbcf528af08f6ff7a35683479,0,0,[],0,[]
157,0xab6e57438d178927da2e73aef71a2f7b7b78a9e1,0,0,[],0,[]
158,0xab6e94a06ce820adfa511e3bbfa31898fbd7098f,0,0,[],0,[]
159,0xab6ee39abdf9e0976b81f23bc724bc4cddf62b0b,0,0,[],0,[]
160,0xab6f2008728599b2b9613b423d7de2edd64655b8,0,0,[],0,[]
161,0xab6f255dac71103ea6d57b320eaf0eec901b05aa,0,0,[],0,[]
162,0xab6f64b0c0ce431fb977f2eaaff3d6aa1a959483,0,0,[],0,[]
163,0xab6f6922dcc52772e92bcead69406091b88779bb,0,0,[],0,[]
164,0xab6fcdc024095af7fca17b04c492bd48ceba8cfd,0,0,[],0,[]
165,0xab6fd0b4bfce95989c073e1d80df451d427a008c,0,0,[],0,[]
166,0xab703792371fa80da2214c265db15b89d1f14266,0,0,[],0,[]
167,0xab70644249c8eaab8bbcb87a5ed202620e66a79a,0,0,[],0,[]
168,0xab707eeef1cb0f4c5bcce22961b1871706b30d29,0,0,[],0,[]
169,0xab70a1c6389b4bc424ea9f763e637d937b5921df,0,0,[],0,[]
170,0xab70b8a95e1bd6dcb797ae26f28a744851f16da1,0,0,[],0,[]
171,0xab70f6d0c67b06c4fa76c606efc835ea677878cd,0,0,[],0,[]
172,0xab711e984491f065f3124436945f9cb4eb15dbc5,0,0,[],0,[]
173,0xab7128b240d063c43609534d1124c8e7f4ba1330,0,0,[],0,[]
174,0xab712e9b1b0f7477260f33832fa48e74e48c841c,0,0,[],0,[]
175,0xab71854fc7e820a41534d4dbd0442781bb4b9cf1,0,0,[],0,[]
176,0xab718d1b7843cd8ad93a1747457a10decaa2800f,0,0,[],0,[]
177,0xab71ca3e69112513819a2fda1e7698715ded306b,0,0,[],0,[]
178,0xab720eb88c5ebc0db19b717f52b6679db2aee765,0,0,[],0,[]
179,0xab723e3e0d921c1c3e75563a8787282ea80d7e62,0,0,[],0,[]
180,0xab724b476f01018bbe30fb482b5beb36a2ab909f,0,0,[],0,[]
181,0xab72764f9bd42e9e3d2355f664202d5a2b6f448d,0,0,[],0,[]
182,0xab72897ff16bfdd6b22a05e0fa81528e7aca779a,0,0,[],0,[]
183,0xab72a80778dbffe2235197526a5d125c828aded3,0,0,[],0,[]
184,0xab72bc1546ac81caa3885f9b211ef1c195954027,0,0,[],0,[]
185,0xab73c86572d7aa7634492791385b973ab1e91839,0,0,[],0,[]
186,0xab73fc8228bce097e30bb100b8d62fec53bd0b15,0,0,[],0,[]
187,0xab7411e68c4bc097c63f55513bcc04931b3e597b,0,0,[],0,[]
188,0xab7468e90489f95814dee15a4fe16db5b6478b64,0,0,[],0,[]
189,0xab74eab15bb68c4a40473d586982ca086c09514c,0,0,[],0,[]
190,0xab74fb78204a482a3df7bf3002ad6b7cf47c31d8,0,0,[],0,[]
191,0xab756297b635470fc757dcc1f2268fe80748a62a,0,0,[],0,[]
192,0xab75c7b2f0a2a67c474b181efea776a3125bad4b,0,0,[],0,[]
193,0xab75d46e3415fffdcade2999e2428918eefa5036,0,0,[],0,[]
194,0xab7655fc78da7393d9b1deff2d035a051a68f654,0,0,[],1,[]
195,0xab767ab61a70b19c7cb0435db27afc261bc95745,0,0,[],0,[]
196,0xab76c780608b9d8a4455bae3ad729253f10fb5c1,0,0,[],0,[]
197,0xab76d62d6d93985b32c2db921286ce9a376e2b37,0,0,[],0,[]
198,0xab76ee726fa800b20f641876425c8520000a619e,0,0,[],0,[]
199,0xab7736941d73d12eb3ccc7d658c79e555c7520cc,0,0,[],0,[]
200,0xab773d8e54f559535c221e4ffdf4441628e9790a,0,0,[],0,[]
201,0xab7745e6aa5ec62cd327b58f04ef5ae5793f0e14,0,0,[],0,[]
202,0xab77640958a16bca937b9b9330b70a0453ac6c64,0,0,[],0,[]
203,0xab7764403e903916dd8bd6568ee54af77dd02b5a,0,0,[],0,[]
204,0xab77682e02f3c079f5268eb14992a12f62a22d5f,0,0,[],0,[]
205,0xab779f884fdd3c5c1444f7324f33d265c2c747a9,0,0,[],0,[]
206,0xab77a08abc2db1a708d9c8b61203486208bea5a3,0,0,[],0,[]
207,0xab77cb042a80f96ec5f01f604a046b4546d8ac0f,0,0,[],0,[]
208,0xab77f0b21f7f052cbb3f7cc07abf8def9168b53f,0,0,[],0,[]
209,0xab7804da953c3355af382fd33ff70a8a3a82271c,0,0,[],0,[]
210,0xab78124aa8e3b3f61eb42f1162263a9876a039d1,0,0,[],0,[]
211,0xab78424800fde8aa2c2d737cb1a3da322f678922,0,0,[],0,[]
212,0xab7854131a7bb06cc856e80aee475f11e6934efb,0,0,[],0,[]
213,0xab788924d5868efbc5055d79a329bf1cc8b61b4c,0,0,[],0,[]
214,0xab78b6b7d758ec23c9f3602aec70a0c16326be82,0,0,[],0,[]
215,0xab78c0393cad0aefd21a29c00c0aded88aad1e4e,0,0,[],0,[]
216,0xab78f1fb3434b9eef4f5ff42eea40d37842599ee,0,0,[],0,[]
217,0xab78f37581ac1d03fad8666843f05a04b2f10953,0,0,[],0,[]
218,0xab78fbb4abdb9db12e024d0ae5b45b4c60dd8e6f,0,0,[],0,[]
219,0xab791cb67fa9b265a24da7b544adcf7ac9ac5199,0,0,[],0,[]
220,0xab797eadfc8bed46949bfc057ce5f9d454cfab69,0,0,[],0,[]
221,0xab7980264296902fca9d404361f0d0af875be5c6,0,0,[],0,[]
222,0xab79aa03a1530ffc95fff79f8fb22f41b159bad1,0,0,[],0,[]
223,0xab79cabce77d503487f6a43c71993fd9e3e87022,0,0,[],0,[]
224,0xab79d98aafbc4669275ce88cc89202b041a2ed6a,0,0,[],0,[]
225,0xab7a7024ea219d09d0f977ba0571e91e6874a9bb,0,0,[],0,[]
226,0xab7aa52d5e807c2f6ec5d356de1a95ab6d01472c,0,0,[],0,[]
227,0xab7af4d2cd0f1ef5a1c0b5eb43c487e009608cdc,0,0,[],0,[]
228,0xab7af958fd13856b14634d842da4537dfa07f193,0,0,[],0,[]
229,0xab7b0588babe052ec3c27a2568a2a48a81045190,0,0,[],0,[]
230,0xab7b0f8ca2593c0d385976d0aa14e99c10848437,0,0,[],0,[]
231,0xab7b49bacd43bd4cfa41433d477f690bb9e1fb26,0,0,[],4,[]
232,0xab7b731862ca61d0d9241aa88f1e74dce95efb10,0,0,[],0,[]
233,0xab7b74222d579125a505408b41adfc60263cd5d0,0,0,[],0,[]
234,0xab7b8c30bbe0b8b26316f008ee160db0641cdfcd,0,0,[],0,[]
235,0xab7bd73502751992b7b3ee29011ea64873e762e7,0,0,[],0,[]
236,0xab7c29868dbebcfbeee4403a95d159f9fc019450,0,0,[],0,[]
237,0xab7c2df3ba176ec4c9cd75ebe1fcde64694022c7,0,0,[],0,[]
238,0xab7c41fb80efc986bfe5b8b8e4499ee607294c90,0,0,[],0,[]
239,0xab7c4748e68704e84a9fdf3f71abe659e237194c,0,0,[],0,[]
240,0xab7c55bd82743be3df234d9ced0d844057a41c8a,0,0,[],0,[]
241,0xab7cb0c208a4f832e3f23474f4fd99ec86dec185,0,0,[],0,[]
242,0xab7ce87e3aa8ed62692f6f40c8d53d2b9bb76095,0,0,[],0,[]
243,0xab7d588b4a229a4872e189dee139a99b5aab7e43,0,0,[],0,[]
244,0xab7d5cc7d1de05a30eaf628fc257ee2f3818b247,0,0,[],0,[]
245,0xab7d71fa487ebd6032630bb120b35e6200212b7d,0,0,[],0,[]
246,0xab7dae80e32f6d8dfb27dc7d448fbf934f89669c,0,0,[],0,[]
247,0xab7db54f32af14c4e12392a987b919ebca559c5b,0,0,[],0,[]
248,0xab7deb42caea381effe58e2f669fdefd555db698,0,0,[],0,[]
249,0xab7e1278c708cbb93138a911a26b77ce86027f82,0,0,[],0,[]
250,0xab7e15dca2cf21d49e27812f439ac398dc9b37a8,0,0,[],0,[]
251,0xab7e73662a6f233c1cac5a0709012c21c93cb951,0,0,[],0,[]
252,0xab7f526f09bf96a70fe2a5a8291dc15c6d276363,0,0,[],0,[]
253,0xab7f8be7a4218e9ad2d54171c3aacdf331b91063,0,0,[],0,[]
254,0xab7f9e46d6112f050add96f9cc0991d7eb00fe57,0,0,[],0,[]
255,0xab800aa72af08c338f77c30473751edc29be7501,0,0,[],0,[]
256,0xab8040a6d9d6cb7b482bf051b3f82f3e7acefe26,0,0,[],0,[]
257,0xab80d22a8cf8c4e29ae7c60d73e294acac56ae57,0,0,[],0,[]
258,0xab80d8eae81a5f6c64e614220c0603e3ae9e98aa,0,0,[],0,[]
259,0xab8140174c6e46d78bed397b96da352ea38c2821,0,0,[],0,[]
260,0xab8184dbd1f99d94a9c5cc7a509c6977bd720f4e,0,0,[],0,[]
261,0xab8202e3d20ec1089329dfefdfe0e6ae82f87b50,0,0,[],0,[]
262,0xab8277ec1c1ef703b59a4262312adabde2d98e75,0,0,[],0,[]
263,0xab82a5f6076625d97f50576cc18da0e2a861aec8,0,0,[],0,[]
264,0xab82c2373ae48b16cfb13208a01a56a7659872ef,0,0,[],0,[]
265,0xab82decca70b023b091725e42e23020fbd35277f,0,0,[],0,[]
266,0xab82ff7a66003a9011216c0dd7caed20e3cc9a7b,0,0,[],0,[]
267,0xab8490e388361fe6ad428b2dc26cc7f837f57afa,0,0,[],0,[]
268,0xab84cba939687a76a56a487ae77bf6de92ba839c,0,0,[],0,[]
269,0xab84e3107721ddc4e84769370cadc057ff02ab5d,0,0,[],0,[]
270,0xab85a4cdd5f16b5c02b7a2dab3f464e17dddb833,0,0,[],0,[]
271,0xab85af6cc9abbef2195256c6a105e7d8391d6456,0,0,[],0,[]
272,0xab85dd39fe461b2fbfcaa05933cf2c41e228924d,0,0,[],0,[]
273,0xab8606d5d460caacdd6ac00684ba64cc67b37e53,0,0,[],0,[]
274,0xab860b7193e6ee74c1b89de799ac71a6ffd73a9f,0,0,[],0,[]
275,0xab866dc316e858d1331792f91c1363466c404405,0,0,[],0,[]
276,0xab8671a314bd986c6940a647727dc2813e3641ed,0,0,[],0,[]
277,0xab86958b9e1c44b9a2b663a84c9fc9a5409ab13f,0,0,[],0,[]
278,0xab869e4c74feea28e48540fe0e615dfb82619438,0,0,[],0,[]
279,0xab870c4d562420812385c13dac00f6334ea6c31e,0,0,[],0,[]
280,0xab8719449f7064cb49aab2c4f10536c1db34d6ac,0,0,[],0,[]
281,0xab87dd0aede88639d8bfa45cdd7027d7aedd3d49,0,0,[],0,[]
282,0xab87f3613cce6ab5fba91a3b97ef5218e05561af,0,0,[],0,[]
283,0xab87f5eaa38d5c3df9668bafc42bc742d2f0f4eb,0,0,[],0,[]
284,0xab88170aa3d24b1f6c1b37ffba5d3d2c4382afa2,0,0,[],0,[]
285,0xab884368ab49d771cccdc3f5c9ff682767e450d1,0,0,[],0,[]
286,0xab8850abdb4822c79012543d4e914766fb46e046,0,0,[],0,[]
287,0xab88ac3af5c9aeb1a1a2043495374568eb439244,0,0,[],0,[]
288,0xab8914bb8fd8d46d85fc6d48d0bff4dc8fa63014,0,0,[],0,[]
289,0xab89272d29e547999a5e1685632ff158cec73a17,0,0,[],0,[]
290,0xab897af765419b44005f51525602a16fd95ead2e,0,0,[],0,[]
291,0xab899431d27d4f859c64b8ddb6b7ca8dcdc4ae71,0,0,[],0,[]
292,0xab89e4a92afcb9954fda95fdfd11dabc792bf919,0,0,[],0,[]
293,0xab8a30f98d36e4e183ebc7ebd3f65f0f8475a9fd,0,0,[],0,[]
294,0xab8a42ecc5de73b921de54c6adf3e4e1eb0c0c58,0,0,[],0,[]
295,0xab8a4e2d20c1be874a41e9fd6142ee57703dbca0,0,0,[],0,[]
296,0xab8a63196acad2a365cd2abcd1a9911fa66c7ce6,0,0,[],0,[]
297,0xab8a92b7bdfcb41d6713ee76308debaacc0a597c,0,0,[],0,[]
298,0xab8abdd6b3eecd317c2ba93fd02e9cef29ec6925,0,0,[],0,[]
299,0xab8addc95a0eb0404b9616eee2d8abab22fccd98,0,0,[],0,[]
300,0xab8b36bf67d70eff8fbaef972e021c8618f813a1,0,0,[],0,[]
301,0xab8b36bf67d70eff8fbaef972e021c8b18f813a1,0,0,[],0,[]
302,0xab8be0806266668b56568c1fec1836984485133f,0,0,[],0,[]
303,0xab8c018faed83c0bb8f468532801204c1073529b,0,0,[],0,[]
304,0xab8c10fdd15bf0b695ccddbaf392fac649afea67,0,0,[],0,[]
305,0xab8c37a9d254b5dc2c465a09377d83802a7026f9,0,0,[],0,[]
306,0xab8c4baf0a0b33c20b0bf0ef7b07e315f14a40bb,0,0,[],0,[]
307,0xab8cd0431321b60148baf03427c39e94081c0dac,0,0,[],0,[]
308,0xab8ceee835b3611df12a567129da1ec8352df46a,0,0,[],0,[]
309,0xab8d2327c6f507915ff06d9606ee17601b8f7bc4,0,0,[],0,[]
310,0xab8d3248bf3422886e250f849441cffa40d02319,0,0,[],0,[]
311,0xab8d4b9a9ccc9b6c4ca4ceb1e38c10469480e24d,0,0,[],0,[]
312,0xab8d5f1838789b134563f8610ab2191a442b363a,0,0,[],0,[]
313,0xab8db4cbcdb01edff5d1a0f008a094d00d784761,0,0,[],0,[]
314,0xab8dc8f86c7db3cf139c0fa45953ac62387ef757,0,0,[],0,[]
315,0xab8e2fca4a4d7ac811e3640d57c5d17de6f3fe2a,0,0,[],0,[]
316,0xab8e3abdd9262658bc14e05a6f7af25f48f206c0,0,0,[],0,[]
317,0xab8e3fa52e653dcac3659fbce030913709ac1c63,0,0,[],0,[]
318,0xab8e5cadb60fe35afdf8cc7a6fa80fdb50840426,0,0,[],0,[]
319,0xab8e5f6f1a7b6bd1f4b69db8d582cc8c29426497,0,0,[],0,[]
320,0xab8ead07d1831f6f5f6e994e49d907113b123d00,0,0,[],0,[]
321,0xab8ee0687e88d5fecf0c1362c237c428f7a3bab1,0,0,[],0,[]
322,0xab8f02dadb124c1f7a17aa5e8f9b8df9b41b40ba,0,0,[],0,[]
323,0xab8f268b14edea32f2235b254ae47ba42ef5d408,0,0,[],0,[]
324,0xab8f2ab3b76e5436fcb3441346f113bbfe454c00,0,0,[],0,[]
325,0xab8f2dde5436d6454a5d71a2c076b18037986ff3,0,0,[],0,[]
326,0xab8f2f23ef61c434572e4634e8a931a8181b61aa,0,0,[],0,[]
327,0xab8f669baa85dc81bb0a23c6b97ea68eb2425daa,0,0,[],0,[]
328,0xab8fc57f30e477ddcf6d835ee250bc7ac7e94ec1,0,0,[],0,[]
329,0xab8ff5b95f16ecf5a582d7f40a2b8a11ab285b03,0,0,[],0,[]
330,0xab901b84167bf0f5e0563ca022112eb4d995bd9d,0,0,[],0,[]
331,0xab9037d8c354fafc59099337b72cb8f5d3f92735,0,0,[],0,[]
332,0xab9050f1cc17cdc8f42fdc3cf5d83c98c6bd9c33,0,0,[],0,[]
333,0xab9053f6fa83b9d4a8eadcdfbab0c0306e38eb57,0,0,[],0,[]
334,0xab90624fe7512a4a5fd10ec4c4e5e540dd580e76,0,0,[],0,[]
335,0xab906a31821f3d2fe3ab38377b3588f351a37ba4,0,0,[],0,[]
336,0xab90ebf4e7dff64baa9ffb0626ab7bbb503e92c2,0,0,[],0,[]
337,0xab90f48bd08504a97bcd64fc38feaa24f358d651,0,0,[],0,[]
338,0xab90f814b49c01b95de88f891767d11c3d10f1dc,0,0,[],0,[]
339,0xab911bdad79fc48fd58f00cfd124545543dfd685,0,0,[],0,[]
340,0xab914073aee486f443e99258d297926779587f65,0,0,[],0,[]
341,0xab917dabdf1f598e88f80e39942ae4fe00658e43,0,0,[],0,[]
342,0xab919f90a67712c733b47cf9416c86cacfb2710b,0,0,[],0,[]
343,0xab91d8a12af22810fca8540205238a81d9f87be2,0,0,[],0,[]
344,0xab91e9f75a2ebf42638feb937a818b2e1f818b67,0,0,[],0,[]
345,0xab91fbb77fe7fce4557303eb5c4adee7d6e48a66,0,0,[],0,[]
346,0xab920aa86e1c818295a822ded65cce1416c03a50,0,0,[],0,[]
347,0xab922019b51ab2e7893f994dd62fa94145241dc3,0,0,[],0,[]
348,0xab928b75258c3afa6e46cd84bbdb0660498d2264,0,0,[],0,[]
349,0xab92eaf78447c3b41df15785cb5513dc12ad18c9,0,0,[],0,[]
350,0xab92f2a6e2d5fd1854e027c05513b703588272e3,0,0,[],0,[]
351,0xab930c204b44149e88b5eee4a2b866eaa6a44efe,0,0,[],0,[]
352,0xab930e565cad29ece7d143fc81ab876c68088fdd,0,0,[],0,[]
353,0xab9317a3d1c141be550112e1187294742ef3cd77,0,0,[],0,[]
354,0xab9335e847e6942017d1cb93886b1637c3c0fcfc,0,0,[],0,[]
355,0xab9382bcd30a9a5570648b24e08b70d36282f010,0,0,[],0,[]
356,0xab9424c3507be50d8d9b185e58e1bff47f1db642,0,0,[],0,[]
357,0xab946a41167727a4ec038b8ecfbcee0d2979d892,0,0,[],0,[]
358,0xab9476b37c7a3db69de92b68395106fbf088ed86,0,0,[],0,[]
359,0xab9479589f356c4247676c331e92d71538851c5f,0,0,[],0,[]
360,0xab94ac171701ac61bd77ef47e9f05181e49c6682,0,0,[],0,[]
361,0xab94af46935b4f73b80fb660b433f3a30039e1ea,0,0,[],0,[]
362,0xab94cea0e91e6c16ff975bdb720bc4dc6d37d457,0,0,[],0,[]
363,0xab94d976e14dda32f2996b2a801b47def326e7d7,0,0,[],0,[]
364,0xab94eba622f16ada995eb7782036dc57a5966f4f,0,0,[],0,[]
365,0xab95058233b5466fb88121b6d317d2aeea9f9879,0,0,[],0,[]
366,0xab95186408ec25315c81e05dbc0a75b1037450d1,0,0,[],0,[]
367,0xab951da15994522277e912b6944c61f9268d9feb,0,0,[],0,[]
368,0xab95574f072c0c331fbcd5e2da166d61fd81c759,0,0,[],0,[]
369,0xab95655a7dc53c5ec030427cd583e2cf54ffa681,0,0,[],0,[]
370,0xab957088e91bb833c4222dde30a9ff0b48a6fe62,0,0,[],0,[]
371,0xab958200eee03416e0a0b2c10693f1a50aa4d590,0,0,[],0,[]
372,0xab95f43a8502904806d026049f8fbea9e63fb49e,0,0,[],0,[]
373,0xab95ffa2b5fcaa79bdbb4d03b4661ea1570ae91f,0,0,[],0,[]
374,0xab9688ce938e1e81bcf2ae76829e371f27a13355,0,0,[],0,[]
375,0xab969400836db1da513eb6b694203873db8ccd13,0,0,[],0,[]
376,0xab96ad6c0f4157ed89a14718648f220cae3e72cc,0,0,[],0,[]
377,0xab96c821027641784fd4a980ae6ffa0dd1bb8d09,0,0,[],0,[]
378,0xab96d6e557eb5795abfebcdea6e45371a4c2b30f,0,0,[],0,[]
379,0xab9702efe1a9e6e0ab56a9b358fc4e0759e97eb4,0,0,[],0,[]
380,0xab972eda7fbcb06588c8ecfd7d2fec642c23a2e0,0,0,[],0,[]
381,0xab975c0e17135011ed443e0e1d8bbc4ffb727716,0,0,[],0,[]
382,0xab977a81904e08a8003792b9891d698d627df1f7,0,0,[],0,[]
383,0xab9786a5e330b50e44579132b8a3cf7c1c3a9517,0,0,[],0,[]
384,0xab97b90115ffecdab5518a22ea1913ac2d75b505,0,0,[],0,[]
385,0xab98264847bc74673a00bd1d839989b3709b0d79,0,0,[],0,[]
386,0xab9859e44c069e4ced83a14663f34abd848ec131,0,0,[],0,[]
387,0xab987c659fdbe0470b4c445be9b25050364dc8eb,0,0,[],0,[]
388,0xab989a24fcf3ac1990125f5ab6b82881f159dd7a,0,0,[],0,[]
389,0xab992a16fc035379a2a68e9b6f8c251eea92e457,0,0,[],0,[]
390,0xab993cd7a43a8b4148ceaea2630e4f936327e9a7,0,0,[],0,[]
391,0xab9952041329fda60288d17116b8cb959c920713,0,0,[],0,[]
392,0xab99647fdf0e907ee3ae90b161ea922d432e3b63,0,1,[{'id': '0xab99647fdf0e907ee3ae90b161ea922d432e3b63'}],1,[]
393,0xab997c1a0f82f59b2bf337bece8f0f43c4640272,0,0,[],0,[]
394,0xab99b17f7af9f3dfd5f13ff5c9d2413d34b97a98,0,0,[],0,[]
395,0xab9a156035e66280b6371eeb0c17b5cb1dce5783,0,0,[],0,[]
396,0xab9a446ece14387dff403f608fce6f835d43cd78,0,0,[],0,[]
397,0xab9a4f33757d03ce3060fc0648caaa8bf479a424,0,0,[],0,[]
398,0xab9a78cc4e9ac0f2eda22b0f1f7b1b015e218372,0,0,[],0,[]
399,0xab9b4fe55319d3823ab336e73ac5d9c93b35ea26,0,0,[],0,[]
400,0xab9b533dfad86fe5508c2a74a1a806fce8b723cd,0,0,[],0,[]
401,0xab9b5db2d1bcf6c763d3b34b62217e619fa50cc3,0,0,[],0,[]
402,0xab9bce4b2ac1d9c93375da24230e0f164f9e35b3,0,0,[],0,[]
403,0xab9bd606eb4aecd4c7f1351599054c64affba905,0,0,[],0,[]
404,0xab9c048ddb8b70919f701aa903997b7f8f235921,0,0,[],0,[]
405,0xab9c3497fd519e5152ce3d63407f674f52ba6bb6,0,0,[],0,[]
406,0xab9c3c59c2d3dc27e47b0b06f529683490bbe67f,0,0,[],0,[]
407,0xab9cdb98c906c6d90b9d353f80ac3193a15bf4f5,0,0,[],0,[]
408,0xab9cf7a9a05d5f6475a54743f6afebc280751ef4,0,0,[],0,[]
409,0xab9d3cbd539c1fa67941a2ae541f790c7eadc6e6,0,0,[],0,[]
410,0xab9d5818c9a6d4e3094083f973023f27e528fe36,0,0,[],0,[]
411,0xab9da9a77d2467c8428354d0b43b3bf5b17d7c11,0,0,[],0,[]
412,0xab9e01b46b1aad8daa89d150ae4fcfba7f436300,0,0,[],0,[]
413,0xab9e14758b36862547204775d517599bae608f58,0,0,[],0,[]
414,0xab9e362e1943974c15ef4834b2c5f04256d16cd8,0,0,[],0,[]
415,0xab9e412cdc52d30fb128804c3a56ebca6e387502,0,0,[],0,[]
416,0xab9eadc851c9fd84dd4632f8ba438804b5286641,0,0,[],0,[]
417,0xab9f12e68728e6532e01421a638a6c0f56590366,0,0,[],0,[]
418,0xab9f3fa2c88f6afb6b837e705c31044f271ccc50,0,0,[],0,[]
419,0xab9f74a894c01ccc8856c6ab4f1ed5f2bddf3385,0,0,[],0,[]
420,0xab9fa3bc1064983c9021903ce75587aca41c6209,0,0,[],0,[]
421,0xab9ff3b61c1fbc40d1ac6610b3b1093805165fb9,0,0,[],0,[]
422,0xaba01105aa0713676d460c485389215c20a902a0,0,0,[],0,[]
423,0xaba06e7239e17a3c3accc57707343c4eae1725e5,0,0,[],0,[]
424,0xaba07ee8deb2b05c5b05ad171ff02f89a1b54bef,0,0,[],0,[]
425,0xaba08804423ccd840522e11c9d5d816f7b53cb58,0,0,[],0,[]
426,0xaba0da8ff45be312e08a63ec8b7b13cdd559e482,0,0,[],0,[]
427,0xaba10cd635d891eed0ae8c2f7f83d788ff42e5d5,0,0,[],0,[]
428,0xaba11328c5009b3ccc4dbd7a01a6ea65306dfcd4,0,0,[],0,[]
429,0xaba1aa6d91e0fb85d7d9584e1d9c313d547b5056,0,0,[],0,[]
430,0xaba1e3cce77744013f736f33cab719b5f301b5bb,0,0,[],0,[]
431,0xaba1ff05107f9e575428019d249e6da185003110,0,0,[],0,[]
432,0xaba233f27abab0a6cd15036a90f378dfb5eb50f2,0,0,[],0,[]
433,0xaba249d59f59e98bb954845e7dbb9644dbf1963b,0,0,[],0,[]
434,0xaba250bc68c356ae7da65d0edc87e8407e24359d,0,0,[],0,[]
435,0xaba29063a52da3becb3e4ca0070304cb91dad680,0,0,[],0,[]
436,0xaba29c439aa74c183c4a9f29a0f4cd5ba1dee4f6,0,0,[],0,[]
437,0xaba2a56bd672712c21f66858be3368bb5c3c55b0,0,0,[],0,[]
438,0xaba2b9af06548efd0f0745bc8a7460f481516e82,0,0,[],0,[]
439,0xaba2c374edd4f1babc5349cebbc68dc295527730,0,0,[],0,[]
440,0xaba2cbde05d4baaaae9d975701b00d48bdf3dc18,0,0,[],0,[]
441,0xaba2e312b99a5dc9b16b7e209c04be783c7a451e,0,0,[],0,[]
442,0xaba33579d8cf0e1b8be47e5e2ab59b40b4370e8a,0,0,[],0,[]
443,0xaba35bf09e2b622b0503160e9c91a0066240a18d,0,0,[],0,[]
444,0xaba3804e61844cfe7c4066f1bcd5090774c7e1e8,0,0,[],0,[]
445,0xaba3a407f8eb51e332c2d7a92ab7a7be6c3d0fa6,0,0,[],0,[]
446,0xaba404a179c4acfc201e6c6f6c9efe9eb39d6cb9,0,0,[],0,[]
447,0xaba4164ce12ffe7fc5c6992ab26d24f293d70ab3,0,0,[],0,[]
448,0xaba42ff3675ca08f27df0207130f083b75343f7d,0,0,[],0,[]
449,0xaba4418d4e0c052866fbd79af460ca5c5dd583df,0,0,[],0,[]
450,0xaba4c50714ea39aa0c2c527ce1e8ed7dcd6496d8,0,0,[],0,[]
451,0xaba4e0ebc130a4d1e2112a9d514c2e61c7b0f9ec,0,0,[],0,[]
452,0xaba55dc5e59b364caf5f7d2585fecf1713c8b91c,0,0,[],0,[]
453,0xaba584cbda827f555584fecba4b59ebcd4109523,0,0,[],0,[]
454,0xaba5a80f4cb73a9492a3d4f5cb6b25a0e51cd617,0,0,[],0,[]
455,0xaba5c1ffd968905ae72e7be9197478baf337259e,0,0,[],0,[]
456,0xaba5e7e93bcdfb0290ed05224347e277601e0286,0,0,[],0,[]
457,0xaba614ba850410e8936672d72c6d05a7365b67a5,0,0,[],0,[]
458,0xaba64227d130fdbaf6320e635c243c5b3049c970,0,0,[],0,[]
459,0xaba680bbee03d37d43db0dafa8e4157ce690250c,0,0,[],0,[]
460,0xaba68bb944c7a6d7fbf246dbedecb37dc826e8b2,0,0,[],0,[]
461,0xaba6c100fa94aaac6c5fe51ae67746f775b96b99,0,0,[],0,[]
462,0xaba6d8581845eaf4f02632bfadb6e6e0ec0db920,0,0,[],0,[]
463,0xaba70b92098a0198d5beb04cd5f0be45d2125342,0,0,[],0,[]
464,0xaba7373c80c65a5cfa01335182b4c458bac4f6ce,0,0,[],0,[]
465,0xaba75ae9f2a7e837ed4b6251f6f1453fae601738,0,0,[],0,[]
466,0xaba7616b43f7ec88a603b0e2e46c4639206cf297,0,0,[],0,[]
467,0xaba7b3c5066a9a079ec7a232a545bc035049034d,0,0,[],0,[]
468,0xaba7d0db4ac2c909fe1fa3038c7b62ccec6e0e00,0,0,[],0,[]
469,0xaba7d1b41c26e04e79df16dc90bf01b564fb89d4,0,0,[],0,[]
470,0xaba7f8f67843c9c444248dbb3e0f4ab41e64992e,0,0,[],0,[]
471,0xaba7faf248003e222026f94cac4b73e6f90d1066,0,0,[],0,[]
472,0xaba81ca993bb9a1d84a920fca8fb3e94d105db6c,0,0,[],0,[]
473,0xaba84c95fe738ea21190799cbd81b725be57b7a4,0,0,[],0,[]
474,0xaba85673458b876c911ccff5e3711bcedb3b4f56,0,0,[],0,[]
475,0xaba865fae16b78b59069b015b9effb71e2734307,0,0,[],0,[]
476,0xaba887a2d86fe36c01b13a13123c25f226a89617,0,0,[],0,[]
477,0xaba919dd6c79bd828827ae6c9e77b62b0f807fd5,0,0,[],0,[]
478,0xaba92f62ef9d45d0b61808d330461c3b2d8fece8,0,0,[],0,[]
479,0xaba95e38107d80d93d16cba9562d0da647b13486,0,0,[],0,[]
480,0xaba97e2fd0ca76a9153f45ea2e1c51b292bb31b4,0,0,[],0,[]
481,0xaba993092834b940c0601407c73eaea424bd1ad1,0,0,[],0,[]
482,0xaba99c327518514a2cb732ab719f4ccce8be6a10,0,0,[],0,[]
483,0xaba9cb6244317e972296730b0c36b2e66f12ec2b,0,0,[],0,[]
484,0xabaa1cce4aa885a8a31c024bed4a23794fba6e9b,0,0,[],0,[]
485,0xabaa297bd3a37dac45783f41ca920e765f1cd066,0,0,[],0,[]
486,0xabaa51d8aee3097617749879b5beeb3b5ff242b0,0,0,[],0,[]
487,0xabaa5396c6d764cd31138e7cd9db4bc11051b0ea,0,0,[],0,[]
488,0xabaa7c82cc40b8d97c753e9f0bf605b89add06e9,0,0,[],0,[]
489,0xabaac0f4debe6c977699ebebe3697d902b43130c,0,0,[],0,[]
490,0xabaad78c73c2318e8f1c4120917202041d455d7c,0,0,[],0,[]
491,0xabab0e311f369badc8a55dd68ec4c19258d1f48d,0,0,[],0,[]
492,0xabab4af3d4859b7bb50ebca3077c23a54f2cb0bd,0,0,[],0,[]
493,0xabab59657afbe903980fb1624180e49960bf7574,0,0,[],0,[]
494,0xabab77df658447c07e5c8c6a3eabc6ec585a2661,0,0,[],0,[]
495,0xababab0f7a8cb3c318ae941c5a65f63ac423a19b,0,0,[],0,[]
496,0xababac955635f758c758cbd18a0c60e7072e13e7,0,0,[],0,[]
497,0xababd4775879bf3c3a4060927c31178b5f9a9423,0,0,[],0,[]
498,0xababe2460fa801e9091858758d8e031ed13ce527,0,0,[],0,[]
499,0xabac82e6846cf2debf627225b91204f769c7b292,0,0,[],0,[]
500,0xabac83a78a2ed9920448ba2964889e654176145a,0,0,[],0,[]
501,0xabac8fdb33e90f6e9cdeeeae3c14a64c68bff734,0,0,[],0,[]
502,0xabac94d81533f6940f89366fd0bce36c3e9568cf,0,0,[],0,[]
503,0xabacb09382402387200ba903cd86d02ed5a5e647,0,0,[],0,[]
504,0xabaccc5e42614335d26f8c3d6b9adfbd17eec1e5,0,0,[],0,[]
505,0xabad33eadbf1ae2dee22d3f036993fe5a128b9dd,0,0,[],0,[]
506,0xabad8b6cf7ea0a8789851af5e97fa4f1b83432fd,0,0,[],0,[]
507,0xabadaa4ba5178b3709c3e0c4c5366122803398db,0,0,[],0,[]
508,0xabadd3b99f0c5f56d2c8ed7984fc2e6da39e089f,0,0,[],0,[]
509,0xabadd8198cdc05f82d897a0742255ffd4a670a01,0,0,[],0,[]
510,0xabadd9b36e4e166c44545b5322285fd50e23dc74,0,0,[],0,[]
511,0xabaddcdac419ff09358edcbff615cc464682365e,0,0,[],0,[]
512,0xabae9cd66bbbf08ed7df570f57a32cd61d4161fb,0,0,[],0,[]
513,0xabaea5240ed812970bfad108188cba66dbb34138,0,0,[],0,[]
514,0xabaedbd397f30b687b7be6d3f3d7b4e15e2aa81a,0,0,[],0,[]
515,0xabaee4e93f31a43b5cdced045d18e031b6147644,0,0,[],0,[]
516,0xabaf1e71df5b1d1ac2a6784e32ba0adc525d1cbc,0,0,[],0,[]
517,0xabaf50c33387ffebf67df18d6e8cb890524c4587,0,0,[],0,[]
518,0xabaf6d4f8933ea4f5f4bc1c48decd062e92a2511,0,0,[],0,[]
519,0xabaf7bb002d14068fc693f5246783b0c24910f2d,0,0,[],0,[]
520,0xabaf8a57a4be65bb44e3c7b75648771af7ff114f,0,0,[],0,[]
521,0xabb009f5de6edf2a856223c336bd1f6ea97162bf,0,2,[{'id': '0xabb009f5de6edf2a856223c336bd1f6ea97162bf'}],1,[]
522,0xabb03d342ffc4e9062bfa24de9e07336111ed962,0,0,[],0,[]
523,0xabb051d0d84da171376da70ac5cf673d0386d6aa,0,0,[],0,[]
524,0xabb0eaddac7e5c2dab993add88e876641c89b1bd,0,0,[],0,[]
525,0xabb0f544134686cb6778787fccd327b8c25506a8,0,0,[],0,[]
526,0xabb10d539376af9c033e3dcfa44a4a7e9190ce56,0,0,[],0,[]
527,0xabb13e0ad7ec2e8a1424f2ef633b845188a00c97,0,0,[],0,[]
528,0xabb14a420982f8bfddda04770a224f647bbca519,0,0,[],0,[]
529,0xabb1841c5e75ce536d274c658a50f0c9974363ec,0,0,[],0,[]
530,0xabb18f1dcd008ff32f0274728276a5ebadc66448,0,0,[],0,[]
531,0xabb1c7906390bda6585178b8bbed4d51c9589450,0,0,[],0,[]
532,0xabb2093c6f0a70378f21394ab759aed9fa056072,0,0,[],0,[]
533,0xabb246122b3c76ef485587b1215b71421bbd30f7,0,0,[],0,[]
534,0xabb24ff5b5cf1212bd52bb30b567f76fa879f3e2,0,0,[],0,[]
535,0xabb281112460fbba6caca80fb31a75c5ca72825e,0,0,[],0,[]
536,0xabb2b0eddbb4aa68637f215f53a55b8a781b6330,0,0,[],0,[]
537,0xabb2c925a7d3c8adf8b42ee12d69dee84ba0a962,0,0,[],0,[]
538,0xabb345783ae05804b25cf3842f742588df86941f,0,0,[],0,[]
539,0xabb393a19938936fce5136d7fcb2538e86142cad,0,0,[],0,[]
540,0xabb5c89a7a941a9df1f1b9a312c768e4e3794c24,0,0,[],0,[]
541,0xabb611fd2e1d6b3026aeba8f231a291f994f0bba,0,0,[],0,[]
542,0xabb6a6f462f9c9fda05254ed7b510ea505daa6b3,0,0,[],0,[]
543,0xabb6bf0a76fa4d2d9b81bbae571bd621605bb607,0,0,[],0,[]
544,0xabb6d9a16d69c967290d45f10e12d63070bdaf38,0,0,[],0,[]
545,0xabb6e7c1e59595629ade8d1ec2ca82e68ebb6d40,0,0,[],0,[]
546,0xabb71d61219211cdbe2ae330a035fda4770e0cee,0,0,[],0,[]
547,0xabb7447c4a78dfd2e05bff814732dcad0df324cc,0,0,[],0,[]
548,0xabb748e07da8a9b1fd4c20deaf50baf90485878a,0,0,[],0,[]
549,0xabb7962e55368f566aac7f356c09086b39027d31,0,0,[],0,[]
550,0xabb8243f974dd0635638d0d8df7c4f784d97e350,0,0,[],0,[]
551,0xabb84af1a4bd5e372342db7eb619e11d69771233,0,0,[],0,[]
552,0xabb86362e94104543b164549b1a3874ad6796c36,0,0,[],0,[]
553,0xabb88b58f3a575048fec8e68492f9cd3dc5b4a42,0,0,[],0,[]
554,0xabb88f61b11031fec066810dcfb473afeb85be1f,0,0,[],1,[]
555,0xabb8babacb10839d6ee4a8647acb1b8e3d080985,0,0,[],0,[]
556,0xabb92d8f97a561f83c15cae4621465118cf40da0,0,0,[],0,[]
557,0xabb996ac142278d85308473cf5deb755cbc6aa96,0,0,[],0,[]
558,0xabb9ac1f97fb9b40a538b41f7f5e3681d4495be5,0,0,[],0,[]
559,0xabb9c9617b4dc77b1e887f718f1b34a48083158a,0,0,[],0,[]
560,0xabbac13035eb953aff1f44ee9af62ef7bb256ef6,0,0,[],0,[]
561,0xabbaf4f513d8bf2181ab83b4a23ec6ec604f68b3,0,0,[],0,[]
562,0xabbb075b6301f102d642bfbfaf39aa9296a5226d,0,0,[],0,[]
563,0xabbb7f06aab4ef6f1ed73bde3b15fccafbf887f2,0,0,[],0,[]
564,0xabbba608c5ff347c70f9ba12d4895f85e0d7afe7,0,0,[],0,[]
565,0xabbbb02372046208afc4b0cfe0dbcdc5a5c6b4ee,0,0,[],0,[]
566,0xabbbd2b66e075a1a7dc49c6794f0f5da09e85eae,0,0,[],0,[]
567,0xabbbff872960c12b2bd45d29676c3166f0d5300c,0,0,[],0,[]
568,0xabbc01b6d3e3f2dfb34def2f7696a6f76414ba17,0,0,[],0,[]
569,0xabbc50b95512d30097ed982404faac2ee98bed78,0,0,[],0,[]
570,0xabbcb6b9240cd5d28c6a7bdf0b55eeef9147659f,0,0,[],0,[]
571,0xabbd1ac0241b781a9984df94bf85d14beef78e53,0,0,[],0,[]
572,0xabbd3304ef3ebffaf627f892e7a5e0c77b035a00,0,0,[],0,[]
573,0xabbd5b2b0b034781e58434736728b9d0673de7f1,0,0,[],0,[]
574,0xabbd5fda6c785fa609651327a93962a298f6a07c,0,0,[],0,[]
575,0xabbddc179c0a238d83a789db772247ea2761e665,0,0,[],0,[]
576,0xabbe0e01acd0379bf718ac33d87c6fd5a98a6710,0,0,[],0,[]
577,0xabbe6a5ac7fd5110685f6a163eb603d1228ac98e,0,0,[],0,[]
578,0xabbe6cebadb73a7b0164272a6f4cbd7945a599f6,0,0,[],0,[]
579,0xabbea611da3878a005e46d840f7020320da60b1e,0,0,[],0,[]
580,0xabbeced596d8f3744ba303c6f9039a932f1df9d8,0,0,[],0,[]
581,0xabbeeb7307aa3a00e05de0d2202c22c4d4815d52,0,0,[],0,[]
582,0xabbf553612167ac77ee070ee4af996ffd18e00f9,0,0,[],0,[]
583,0xabbf6ae413b75900308eeb96df0f06e8b3ab98fe,0,0,[],0,[]
584,0xabbfabd3f676106e35c4ce07c8cfe8e555555555,0,0,[],0,[]
585,0xabbfaf1f0367fd25166be68c00cf8c8a3ddd1f3c,0,0,[],0,[]
586,0xabc052e63d621bf1cd329a0353532dc7c50a516a,0,0,[],0,[]
587,0xabc06d10a5bff7761c01ae5591597088008484d5,0,0,[],0,[]
588,0xabc07e8c7dfab01a8f416af7563b71d34c17fd11,0,0,[],0,[]
589,0xabc0dbf6818bbcb063527e898661b4a08d3367f9,0,0,[],0,[]
590,0xabc0e3faee254dc26c44724e40be2208f2aa8c20,0,0,[],0,[]
591,0xabc13ae1e0d2e77e0f0d02d7e8345e698e2887d8,0,0,[],0,[]
592,0xabc1875d2884e340a005e7420b3bf332319f8187,0,0,[],0,[]
593,0xabc226ba54d83d939c95eeaf0ded4fce809d763f,0,0,[],0,[]
594,0xabc2366e66f142409eb345a79e21b3df55a45f75,0,0,[],0,[]
595,0xabc2878afbd7b66abfe2ce1d64458a87478b4d7b,0,0,[],0,[]
596,0xabc287c28d76e31310caed412d1dadd7bd563d03,0,0,[],0,[]
597,0xabc2aed29eb3f15f08f427bb851ffa5e69148e74,0,0,[],0,[]
598,0xabc2bf17212b5fb7f3f5e328dc9519c697f636ef,0,0,[],0,[]
599,0xabc2cc08077286b6c5dc0f6601e72f36754892a1,0,0,[],0,[]
600,0xabc34762a49bbffec0adebf9f2d62543d7c47fd3,0,0,[],0,[]
601,0xabc384be31c2ee5c5e3dda983e348b1ca47336d1,0,0,[],0,[]
602,0xabc392a2fac390efe28c65469fb0a65fa401eb02,0,0,[],0,[]
603,0xabc3f4baf7968eaa95a219163761fd628c17d9cb,0,0,[],0,[]
604,0xabc4048dc568d76c02fc0ad68fb95b24466bcd39,0,0,[],0,[]
605,0xabc42b6a90c2a5962c1be78be7344a7d05848ee4,0,0,[],0,[]
606,0xabc4556fab927b0768aceda31ef47268b8ff2499,0,0,[],0,[]
607,0xabc48f5260527b843f4e1eeb9ebcb33f5d5ee2b3,0,0,[],0,[]
608,0xabc4912f0cd055dfd0976b81968537eb3a95fdcf,0,0,[],0,[]
609,0xabc4a9b6a12ba839a7ff0823df7eec161a9f4153,0,0,[],0,[]
610,0xabc4cbde02ad4eb5fb2f767daa4af183f57af261,0,0,[],0,[]
611,0xabc4e62886fd861d05e97f06331da1c3c68dc75e,0,0,[],0,[]
612,0xabc508dda7517f195e416d77c822a4861961947a,0,0,[],0,[]
613,0xabc54a2ed85fdd8c5e428b8ca1e9d4d6f5e18241,0,0,[],0,[]
614,0xabc55cbd343f247073c7d9271056efa2b2d19954,0,0,[],0,[]
615,0xabc5afa37906e42c2d45496a45b3696bee4bef72,0,0,[],0,[]
616,0xabc5df36d15c67390d314034c5f2e6eb84aa0773,0,0,[],0,[]
617,0xabc60000e8e7be4b0edf3c9454c4de1eb07c02ac,0,0,[],0,[]
618,0xabc60dbd9458e9fe4840acd7fddc30ce238484fb,0,0,[],0,[]
619,0xabc6be50c62d583232602c92bd06fd2b5f502212,0,0,[],0,[]
620,0xabc6e77893f72c5ef1e6b2a63df609b4ac7dbfce,0,0,[],0,[]
621,0xabc6fccb3fbece3bf2f1b3ff29e1c75bfc3fa718,0,0,[],0,[]
622,0xabc72db416d924b4d645738a6394cacdc58dea94,0,0,[],0,[]
623,0xabc770e453e6d925c8eb64488c7e5b5d7637a2a3,0,0,[],0,[]
624,0xabc7b70041a49e0b80b3c330a23ed36325b2cbb7,0,0,[],0,[]
625,0xabc7ca3727b0eb09d731945d2943cf579d296e3f,0,0,[],0,[]
626,0xabc7e392241772a59cbb48249987506b4b6875ed,0,0,[],0,[]
627,0xabc837feeeb448d36173d92d9563f324bc3a273f,0,0,[],0,[]
628,0xabc83adc977f441e03338e2384bb10265bc06b71,0,0,[],0,[]
629,0xabc8ebbac2d9746eb709f3a45068694f705efc65,0,0,[],1,[]
630,0xabc927f7bf86a7d8b2889e37589f781ed8d92f53,0,0,[],0,[]
631,0xabc937692d4f9cdd9a43c182a65ea92187e5bb03,0,0,[],0,[]
632,0xabc9436de90fed24beef007e8e6f55c1d46c0745,0,0,[],0,[]
633,0xabc9464eac8c0b07ef731d93e2bab34620940fac,0,0,[],0,[]
634,0xabc97ff2b06d0e857a9798d06371187ff5121dab,0,0,[],0,[]
635,0xabc9b679f2fe5af0f438e57ab801b96dd1414d48,0,0,[],0,[]
636,0xabc9c5d33daf1d924415d301742e653898f3bfb4,0,0,[],0,[]
637,0xabc9d57777c150a459f853912bf4646413125f57,0,0,[],0,[]
638,0xabca2289f0d03773e8b102248997e854aa36cd21,0,0,[],0,[]
639,0xabca6442099194efd7bd0523f153edd8f47af525,0,0,[],0,[]
640,0xabca822e2dc539f2e106a933f362b807c0669567,0,0,[],3,[]
641,0xabca909582edfe00042492fd671da4eb3694c0a0,0,0,[],0,[]
642,0xabcae95a3fe1720723dafcb111c9a906f173d1fe,0,0,[],0,[]
643,0xabcb0dcdc9f9436e33cc7c03b0f7236e69879cb2,0,0,[],0,[]
644,0xabcb10c500b71b19adbd339e13c9b5536e261bd9,0,0,[],0,[]
645,0xabcb1924b260cb2105f9a9c7077a80eeaec161cc,0,0,[],0,[]
646,0xabcb47b05c9ee72779de779e5589d6e033ee30b6,0,0,[],0,[]
647,0xabcb708eb05204b91451323addce591c3d4d9c6e,0,0,[],0,[]
648,0xabcb7ed1d47fb5452ba59387dd26b642127dbba4,0,0,[],0,[]
649,0xabcb7f56429668277dd64a552ea35e63bde08e52,0,0,[],0,[]
650,0xabcba8ce84d3779d65d8de72d47aa43d69c116b9,0,0,[],0,[]
651,0xabcc1fbd4eaaf7f7adebfcdf09898d0f6178a1e1,0,0,[],0,[]
652,0xabcc308517fc53b39cdec37f615e650ac69cd415,0,0,[],0,[]
653,0xabcc6323431a99581ed54cb031a5aebef6bf03ae,0,0,[],0,[]
654,0xabcc7bff61e8a73e2602b7f4e49d8711f941366f,0,0,[],0,[]
655,0xabcc8371ea409d8d265e916298ab589f04cfb616,0,0,[],0,[]
656,0xabcc9796f55aa873ed954ca436e3366d744c5baf,0,0,[],0,[]
657,0xabccd962c52ab854e926365ced0900f600866bed,0,0,[],0,[]
658,0xabccf0fe8de5eb08c92212a0623c17111c9f6a68,0,0,[],0,[]
659,0xabcd09c3096a8945dd5e6836bd6e80cec8793906,0,0,[],0,[]
660,0xabcd159fe4859ba6bb71cd17e50cc02e2ce3b69d,0,0,[],0,[]
661,0xabcd752dc96defd242908a73844f781730425af9,0,0,[],0,[]
662,0xabcdc439d68d5e12575c060de8791da0a6b37a87,0,0,[],0,[]
663,0xabcde313c26a99d526cea1508b0267535c7abcde,0,0,[],0,[]
664,0xabcde927a2cecd28e274721f9b67e0b1a2303178,0,0,[],0,[]
665,0xabcdfa1b85f7c5e2899aac6e0363ce7d8b26c485,0,0,[],0,[]
666,0xabce1f361514b4ffd7489256124fc126b0276e90,0,0,[],0,[]
667,0xabce3a45173cdcbeb5bc94af1f0d649c6e16dd55,0,0,[],0,[]
668,0xabce7e00b40f83e9ea710d008decf5db4c11e36c,0,0,[],0,[]
669,0xabce8d83980231893073e8bf9158dbbfbecff873,0,0,[],0,[]
670,0xabceabc2a8662588b4a2604b42335a2579a771de,0,0,[],0,[]
671,0xabceb0f84c830d6d7b94c6273f2ab27ca597aa25,0,0,[],0,[]
672,0xabcec3ff6923a2004aba1db93b571f0a3db2911b,0,0,[],0,[]
673,0xabcee8f512e4215917395e3ab630944f32a4a2e4,0,0,[],0,[]
674,0xabcefb63bd47102a7d7b3b71e938ec9b2be5adc1,0,0,[],0,[]
675,0xabcf3da1d56389054cb104dce268044a0f2e0422,0,0,[],0,[]
676,0xabcf5d4be599f1c7f71fcbcae4643a2aa849f4c8,0,0,[],0,[]
677,0xabcfd171224e99a6ffee2ba1bfcfbfb659e9a36e,0,0,[],0,[]
678,0xabcfe22c40fe66f955d36a41f52f7fa3ac509081,0,0,[],0,[]
679,0xabcff99a145e16ec311dff56998f3d21079248ba,0,0,[],0,[]
680,0xabd01cb5518ee577d39db87d6bf5c5a748c67fb2,0,0,[],0,[]
681,0xabd04133d2c5be5535d20d8a2d57acb14ee47faa,0,0,[],0,[]
682,0xabd043866c0ae71ac091d68623e4537fa6a6b6d5,0,0,[],0,[]
683,0xabd0684ff0141540fcdc21727acbc81dfc1fe58d,0,0,[],0,[]
684,0xabd073a70e5abafa73e4e05b6fc76e5a75755ea6,0,0,[],0,[]
685,0xabd08391536572b2982537f0386daceefc7899dd,0,0,[],0,[]
686,0xabd0906e191537648bce9b9b418d3e4b4346ac49,0,0,[],0,[]
687,0xabd0b210f5754a27d40db9fe404d12047b16730a,0,0,[],0,[]
688,0xabd0e71aada275b6c06a4e74ea49a228bbaf2815,0,0,[],0,[]
689,0xabd15b97e42b79d191b986b0b16d655981439af8,0,0,[],0,[]
690,0xabd1786fe5e274a913c6fb0325bea3f9af81f9ca,0,0,[],0,[]
691,0xabd188a35a19fdfb61f06164bc6d5cfbdeb41e6d,0,0,[],0,[]
692,0xabd18a6e2807e47ed215203bfefb4008b793c5b0,0,0,[],0,[]
693,0xabd18df4e5d2e4de9bfa5f9899b79bbfa3bf91bf,0,0,[],0,[]
694,0xabd1f58497da1715bdd71f19b6e7f452ce4172a2,0,0,[],0,[]
695,0xabd1fcfe1f68ca191066e714eaa4a065eec3646e,0,0,[],0,[]
696,0xabd21bf66229ef5a18688fd6dcf0f6f1fe2e8316,0,0,[],0,[]
697,0xabd247dcac834f0a6d7ed2297e97d71018715412,0,0,[],0,[]
698,0xabd252cfbae138043e4fb5e667b489710964d572,0,0,[],0,[]
699,0xabd2b5bc397e8f8548b63e7ba4e092fa9264ce68,0,0,[],0,[]
700,0xabd2d7287beb2f524730b05dd7a5b08139c1d5ee,0,0,[],0,[]
701,0xabd2d89e7be8da49a765b91ae47f405e4a195e98,0,0,[],0,[]
702,0xabd30d98235d9314c39a8d03dbe35394e729f6c9,0,0,[],0,[]
703,0xabd327c2b08694a4b44c36be9ebd4e596aef37d5,0,0,[],0,[]
704,0xabd366d4ecff0e5a823021040ba4d9240a53f0d4,0,0,[],0,[]
705,0xabd38c3b6c6e4b60603ff895f3f87898b4f294f3,0,0,[],0,[]
706,0xabd38c8a3fe50d7e3bcff54ad24d6c3776be9294,0,0,[],0,[]
707,0xabd3b9c9125a6f138dd6b9191d90813e1d967984,0,0,[],0,[]
708,0xabd3e95b32dbacdae31af2a72d0e9ab5a36a4315,0,0,[],0,[]
709,0xabd41d63076b3f23b4106a39448009042e48411a,0,0,[],0,[]
710,0xabd441995d04f8f38cf7f5713a0c8a8b183c361d,0,0,[],0,[]
711,0xabd447bad06995a20b6fa8a993aa5206b604844d,0,0,[],0,[]
712,0xabd46d9c79185cff0deb8a3d896c53a2cac99ea4,0,0,[],0,[]
713,0xabd480ba4975cb065d7f4a793215a16e40cd4bd5,0,0,[],0,[]
714,0xabd4e3a6710f0ff31d53a37b308322a35616de97,0,0,[],0,[]
715,0xabd50fec13a35678565f531c5e2a0e0e3a4a82cc,0,0,[],0,[]
716,0xabd5189eff3c5dc5ccafaf7fb575434db87bbddf,0,0,[],0,[]
717,0xabd5a24c6261b2f93398156e3cffb2cf6374766c,0,0,[],0,[]
718,0xabd5d41f874dcbdda46d330772130cbc77d65707,0,0,[],0,[]
719,0xabd5fdba359cebca7e616affb825460de0be58a8,0,0,[],0,[]
720,0xabd5fe9bb0762e6f31933560a0f05a763c1ddbf9,0,0,[],0,[]
721,0xabd68d88d3200dea752146cf1dd3c5915b5e8f22,0,0,[],0,[]
722,0xabd6e80816dca4497c47188ec0375dcc8b43908e,0,0,[],0,[]
723,0xabd745ae40ad301db114db821c4797471bfb7031,0,0,[],0,[]
724,0xabd787d8f41f14468061f78afd5e60708fd22a0d,0,0,[],0,[]
725,0xabd7ae74065c8d6eba9ba6312b221785a5033bec,0,0,[],0,[]
726,0xabd7cefe50a893fca65b6b66aeccb7f60dbba6d2,0,0,[],0,[]
727,0xabd809c4d78d2e2b117d882145639b2f429d639f,0,0,[],0,[]
728,0xabd815d5914b53876f798f37d7311a429de472b2,0,0,[],0,[]
729,0xabd81cb7447e7e34f82df39791e8427655f327da,0,0,[],0,[]
730,0xabd827e75f6f6150fe89520ff83252ec92495e1a,0,0,[],0,[]
731,0xabd866b6f116edb5188f5a651a273ad8403df0be,0,0,[],0,[]
732,0xabd8eb07e0f4ee8af98c8a67a53d085b197caa01,0,0,[],0,[]
733,0xabd91c4b29faa927d4fd0e5c86fae92340d82e81,0,0,[],0,[]
734,0xabd9beaa773f05b658cce8870c5680dc2f94af64,0,0,[],0,[]
735,0xabd9cb7fe41aa2fc58681264ea5fddb2ef0a87f6,0,0,[],0,[]
736,0xabd9ccebd132d2d99ac97cfb95156bff9acffbdf,0,0,[],0,[]
737,0xabd9f026a0430895b9320a59a1773ac704ab6206,0,0,[],0,[]
738,0xabda2385341c6650ec4a981af9f32e6b32bba00b,0,0,[],0,[]
739,0xabda2466c80dbcdb077b461fd0a4541d0a7b82e5,0,0,[],0,[]
740,0xabda3331015efdc3e08dc6d0c24f9ca1f69b8398,0,0,[],0,[]
741,0xabda3897c13d74b21a333048c6e838ebcf9c3224,0,0,[],0,[]
742,0xabda5e81d96a78958c6ae8e195cdca6975eebabd,0,0,[],0,[]
743,0xabda65dfe960dcc767819163188d4717589252b4,0,0,[],0,[]
744,0xabda79d3cca64379c79da51a65d708638996a709,0,0,[],0,[]
745,0xabda7ba3250a77fb07b24116d9908f004376464f,0,0,[],0,[]
746,0xabdaa0cd8f0a7ad52502ea64597ad34b24322a1d,0,0,[],0,[]
747,0xabdb1f94bff885bd8933ac4f8aaacda4326491de,0,0,[],0,[]
748,0xabdb6b92323ab774e2f5367cb778521eeac78d2f,0,0,[],0,[]
749,0xabdb7af0061273596b06068bc006b3d340695f3a,0,0,[],0,[]
750,0xabdb8d54c563d72f21eedfca336085cfff3725e6,0,0,[],0,[]
751,0xabdb947bb1b911c0fd853341b7ca366355f05a85,0,0,[],0,[]
752,0xabdb9de1825885bdcdebf23b575067dde2a8da20,0,0,[],0,[]
753,0xabdbb55eb7b4dc34e588af4c12c89175ad6b8eb3,0,0,[],0,[]
754,0xabdbc8b780c0940dfcba74271d3b64a13b95d676,0,0,[],0,[]
755,0xabdbcbc05aa4c9aa3353db9db722298488de68e7,0,0,[],0,[]
756,0xabdc1a926ca68a6db9aea99f36178797d0db4775,0,0,[],0,[]
757,0xabdc1ee7293cab23b47f3f53048a71a69d29550c,0,0,[],0,[]
758,0xabdc47ed04c62b6c0d58f2668cd09200688e1495,0,0,[],0,[]
759,0xabdc48805a79b7ab55ad87db9024f769e53f2736,0,0,[],0,[]
760,0xabdc48e6333002ceedad78d737169915e1f3e1f6,0,0,[],0,[]
761,0xabdc5cf482a8b95a36e03344708bb42b54e7a8d5,0,0,[],0,[]
762,0xabdcb94cf47500df82808eed9710500637c26a69,0,0,[],0,[]
763,0xabdcd5942f8e9c5321c5f6a889075b25cfff0801,0,0,[],0,[]
764,0xabdce7efb0881d2052e4238d966d6d8c519302b0,0,0,[],0,[]
765,0xabdd5b272217213c9693f4ddf4dc9bfca56fbdf8,0,0,[],1,[]
766,0xabddd07a59d1524d7612775c68dec07744969b49,0,0,[],0,[]
767,0xabddd5ee746439e2d2528e27659bb4dc4dc12483,0,0,[],0,[]
768,0xabde299521dd820d211ab2440428cb30005d99ed,0,0,[],0,[]
769,0xabde4ca51739db0169324c2dc57d2b8e0b7b7609,0,0,[],0,[]
770,0xabde921bafabe143892b55e25e7b7113bfb2429f,0,0,[],0,[]
771,0xabde93931f491b653187f79e9a5136cffa5d9951,0,0,[],0,[]
772,0xabdf484074227a4802698d30609fcedb1b30729a,0,0,[],0,[]
773,0xabdf8b372d36615bdea153cc6756e617961f750d,0,0,[],0,[]
774,0xabdfa88ee5840d7c144679a0a8f2c7315d3c1e3b,0,0,[],0,[]
775,0xabdfbd8400c16ee292d01eb4cb4a08ae77b1baa3,0,0,[],0,[]
776,0xabdfedab43e3d7a6353070b99503f6e17b6088f2,0,0,[],0,[]
777,0xabe023324ed68901b554a8f9f3ce142701509e8b,0,0,[],0,[]
778,0xabe0f80916dbfb9da68410527803d1584656ff2e,0,0,[],0,[]
779,0xabe122cb91b79e7b1017ca6e52044c3b1e53d615,0,0,[],0,[]
780,0xabe19ea35d976eb39863ef38a98009698bac33f5,0,0,[],0,[]
781,0xabe1b0b516cf2773c64a481637bffd5db062bca2,0,0,[],0,[]
782,0xabe273a22c93fe5f168c46f18ee400afaed3097c,0,0,[],0,[]
783,0xabe2dceeed7ed80251cac9b8f8f3202c70e1528e,0,0,[],0,[]
784,0xabe30ee9476037ddb1bc6c326f68261545dd7ba7,0,0,[],0,[]
785,0xabe31b10f06cebb50b2541716dc46318ae4d4fb9,0,0,[],0,[]
786,0xabe324cd14a314607bb902a1d0ba6f20974c3902,0,0,[],0,[]
787,0xabe3503ed23a344d585a7da3721bc5243022bb40,0,0,[],0,[]
788,0xabe37649f88d4fc7c8d246f84129d7dfd7f93c20,0,0,[],0,[]
789,0xabe41f2d623c5861c0c1992a945b2ea47458778a,0,0,[],0,[]
790,0xabe45299f623281b31450f50a28b9b2f7fd1ca01,0,0,[],0,[]
791,0xabe48149fb293ff377cc31f46bdf506a1a00bf1c,0,0,[],0,[]
792,0xabe4b93cecbe96f29ea846a135a4e21c05ac746f,0,0,[],0,[]
793,0xabe4f6e8e49d50de6758273c3f9a28a0eb8482cf,0,0,[],0,[]
794,0xabe4fa672b41375fd74675749ff27be882f6e698,0,0,[],0,[]
795,0xabe52bbbca03a2b7abce0e48c48f044c3aa9140b,0,0,[],0,[]
796,0xabe5347176b2ae4b8a02d85e500bde342c28bc80,0,0,[],0,[]
797,0xabe647f4c0b91e726caf6c655b8c14aca8a69418,0,0,[],0,[]
798,0xabe64a4d86171d042178dc121745958fadd980fd,0,0,[],0,[]
799,0xabe66ea6e002c82f9365a1aed430eaa0a486aee2,0,0,[],0,[]
800,0xabe69e6206092c5c7640746acd08109e192d460b,0,0,[],0,[]
801,0xabe6b996dfd71ba435b9072b228a16d1734bdb5f,0,0,[],0,[]
802,0xabe706a63cecda370203b98687230bd3eb54f240,0,0,[],0,[]
803,0xabe73c0b2b972484ec91cdc513f32a3bd50ecacc,0,0,[],0,[]
804,0xabe74d1684506e428a987c5b3908a80b6e6a965f,0,0,[],0,[]
805,0xabe75dbb47f6ebeff799fdae5c87e4725cd886b9,0,0,[],0,[]
806,0xabe780bdc3872b4dec16bd44b2bb999f9151ae28,0,0,[],3,[]
807,0xabe843aa38f8f0a9a5bdb89caa6264a021620d13,0,0,[],0,[]
808,0xabe8485f27923f971858a775d5eb52f7f28c1610,0,0,[],0,[]
809,0xabe85bbe82c95b35d0403963a04eaa0432271601,0,0,[],0,[]
810,0xabe8833783696378129b68a0496277897d2425d4,0,0,[],0,[]
811,0xabe8a322ab3afbe9c27a882de13c02f5525ecd4a,0,0,[],0,[]
812,0xabe8f0bb39b92adc6e8bb626755e2061c318a448,0,0,[],0,[]
813,0xabe91342e320643ef7f175b91095be367a114900,0,0,[],0,[]
814,0xabe9389470e473bbc9df760b3439231807aaecd2,0,0,[],0,[]
815,0xabe9725429253bfbbb213b25f812ba364a48889e,0,0,[],0,[]
816,0xabe98166589f94ad2a69a19ced560b3acd2dc0a7,0,0,[],0,[]
817,0xabe9be078526f496f87a445a7e1e2aef84674fb7,0,0,[],0,[]
818,0xabea2fa84a6945322d222a5bb55e9b63c7833ec2,0,0,[],0,[]
819,0xabea411baee896e8be073af5f665cfea94b545c2,0,0,[],0,[]
820,0xabea9132b05a70803a4e85094fd0e1800777fbef,0,0,[],0,[]
821,0xabeac1ceee49b33aa0f58ad7330b5a4613b2c360,0,0,[],0,[]
822,0xabeb0e7537cf7bb9ce6ced72f3827b7f7fadce41,0,0,[],0,[]
823,0xabeb2c975d60bbd51434dd026fca56822b628bc1,0,0,[],0,[]
824,0xabeb42a1fd886c592cb0bf19e8d93a3a5c6f909c,0,0,[],0,[]
825,0xabebb5137ca865b7e8f746022db2a6681450c165,0,0,[],0,[]
826,0xabebe1b2721d93c3c470b0c78e82a8d73d1c1ef9,0,0,[],0,[]
827,0xabebf7faff018ce16e7afc8d316111a9e7f9d9e6,0,0,[],0,[]
828,0xabec1231157b1468775ca0aab3829ac9c95b1e1b,0,0,[],0,[]
829,0xabec54e4d6c3370a29eb6faf50245460355f3f65,0,0,[],0,[]
830,0xabec673d63168db21593b3f2ec5afef293de9548,0,0,[],0,[]
831,0xabed134974ab4ba0dc508cbf6da3c12aa8890d3e,0,0,[],0,[]
832,0xabed138004bca47324747e305224c704bb6915ae,0,0,[],0,[]
833,0xabed312a6943b034b94d106fdd574be689f8aaae,0,0,[],0,[]
834,0xabed3215f6fa4445c73b3ee6c0048d057b389c24,0,0,[],0,[]
835,0xabed334b80b30710f0308073347e610835841feb,0,0,[],0,[]
836,0xabed3d53c488be93a84bfdf4586632f445a5abd3,0,0,[],0,[]
837,0xabed4c6308e470c4faca5f8003fe8f9150e53691,0,0,[],0,[]
838,0xabed91d37e0160cf4020eb63135d98276679ba19,0,0,[],0,[]
839,0xabedccae743ec24cd1501600ca8025fb7ebf66c3,0,0,[],0,[]
840,0xabedd08d9fb13462ede3782bf10d2ff4fddbebd7,0,0,[],0,[]
841,0xabede32ecebd97a9cfec46e96b7770558273b241,0,0,[],0,[]
842,0xabedeb3ee7ae2f050e2883597637afc0f1e0deb7,0,0,[],0,[]
843,0xabedf654c255b845655733e27841982fd765fae3,0,0,[],0,[]
844,0xabee16c4f6e7610ed50b6242ec688d94a6498c9c,0,0,[],0,[]
845,0xabee904b2a142641a032007af54222189d5fae2c,0,0,[],0,[]
846,0xabef179ecfc4d1d71ca93db140c0434fd4a4ad60,0,0,[],0,[]
847,0xabef1d7386ff2b83dd0c877023e28fa6f4557322,0,0,[],0,[]
848,0xabef310fc1017a81cca5534a070c12882e072ff2,0,0,[],0,[]
849,0xabefafd68aa5a098e05622bd4a44d6aab405f652,0,0,[],0,[]
850,0xabefd46fe2491d21e109c18587bd6f0e25db9a3a,0,0,[],0,[]
851,0xabeff1d56784a50a50bc3ecb03f5339916841dfd,0,0,[],0,[]
852,0xabf009d2643a7fbc6e0241a097e1c392e03da669,0,0,[],0,[]
853,0xabf0376e020291285b6df752e4ed90277caafea6,0,0,[],0,[]
854,0xabf06d7cae9aecc6f85b78514f2d10d71c77c765,0,0,[],0,[]
855,0xabf1041fe017b861372efe886f832981ba73a67a,0,0,[],0,[]
856,0xabf107de3e01c7c257e64e0a18d60a733aad395d,0,0,[],0,[]
857,0xabf11c87685ce5c36d68d4e984b0afbb2bcaa8f9,0,0,[],0,[]
858,0xabf14af130ca3d240115efb25bf7322dda48e523,0,0,[],0,[]
859,0xabf158159821a67d03861d4b445f718f8030d817,0,0,[],0,[]
860,0xabf18b0d4b11ac52d87bc094da9cbd1e0810ba00,0,0,[],0,[]
861,0xabf19338ebcb4f05802256c16023568ba3e399ac,0,0,[],0,[]
862,0xabf1ac731e3d7b435fbc2f4106c4e9b890617f34,0,0,[],0,[]
863,0xabf1c7cbf69b2b351b715e44d603e302843830f6,0,0,[],0,[]
864,0xabf1ed287c1576501376b9e82656cd393bbd1bba,0,0,[],0,[]
865,0xabf228a632fe4340e18d76b89e6fd79352290b5b,0,0,[],2,[]
866,0xabf22a3a8c8ead6c1107e19245bb726520e924ee,0,0,[],0,[]
867,0xabf27417f347e2ec87c3dbf7e1aa68775b4b1f5b,0,0,[],0,[]
868,0xabf292d484e613d275e495f0ec62bbe139073ea9,0,0,[],0,[]
869,0xabf3415deb88e9855d7a54119eea26c24b95f07b,0,0,[],0,[]
870,0xabf375d57daacbdab6eaddf081c3d8f16ba1687c,0,0,[],0,[]
871,0xabf3c3e8670eb196d530eb6340172e7237bbb107,0,0,[],0,[]
872,0xabf3cec0bf039563fb48668a4495710e9916dbfa,0,0,[],0,[]
873,0xabf3cf761c4524277918f4b4be608b35fd3b99ac,0,0,[],0,[]
874,0xabf3fcd4817e18e4fe28b194989d560085ee8f04,0,0,[],0,[]
875,0xabf409d5ed2d3d3e42afb57f5f914a6ed22c9ae2,0,0,[],0,[]
876,0xabf44a20d472ccc041e9460faea1f469560d56fd,0,0,[],0,[]
877,0xabf46e301dab17260b2f73563cda7f0234ecfe16,0,0,[],0,[]
878,0xabf4a2ab8861494f0176abfe6770639a0f90202a,0,0,[],0,[]
879,0xabf510f139c9f3dd9934c992064052888d846680,0,0,[],0,[]
880,0xabf532f4557182a504243b6d7b7d3f2d6ae24d93,0,0,[],0,[]
881,0xabf53b0f26f822415e05242e9defbc57f0620346,0,0,[],0,[]
882,0xabf5555d4e9157100be359b1301def5853fa17fe,0,0,[],0,[]
883,0xabf5702f9946f30cfc7ab286b6aed2458d0fa5b5,0,0,[],0,[]
884,0xabf579438a13d4f5655967ede3a28d8c80426959,0,0,[],0,[]
885,0xabf5fe7fd289d712b4b8fec3137564f6d0360e1e,0,0,[],0,[]
886,0xabf63bce7543b9773a97466c9c9aa6a639ab508b,0,0,[],0,[]
887,0xabf65c1b679f8760d72c3da266e2f22dc004919a,0,0,[],0,[]
888,0xabf73ce7f14e8663c81641b3ece56326b00a099c,0,0,[],0,[]
889,0xabf777f8cf12c05d7d73a0655bb13264f85f8e40,0,0,[],0,[]
890,0xabf79f91f76d2ba24918dc0332292e3a4c22959a,0,0,[],0,[]
891,0xabf8013acd4a71c2243a2037059350b1b17e73a7,0,0,[],0,[]
892,0xabf8299f3e935055ebf33853e8fbaad66df78232,0,0,[],0,[]
893,0xabf82b41dc68d5c76ff88499af94761a1fe4bf2f,0,0,[],0,[]
894,0xabf82f675683ceeaae7811d0e1f599196f9f9a23,0,0,[],0,[]
895,0xabf8da2bf8c33f29e1e5295a17e6b71e25743010,0,0,[],0,[]
896,0xabf95166e6c2906c4daf6d8973967d64541dc3b3,0,0,[],0,[]
897,0xabf9613fa118ad74261d71686e10f271d2b98312,0,0,[],0,[]
898,0xabf98011b2e523c57e6100cdfc67302dfd7cd1cd,0,0,[],0,[]
899,0xabf9b442f58b36ebf6a519df2f1f850a5eeea7e3,0,0,[],0,[]
900,0xabf9c33ddd626f806f51d18049aaf0d4c808dcf5,0,0,[],0,[]
901,0xabf9c5546f651c8058953e7e09ac083495adedf4,0,0,[],0,[]
902,0xabf9e3ee3274a011b952172fb9b65d4430358fe2,0,0,[],0,[]
903,0xabfa3cecca2c2985adf51f06cf581b1c25f4558f,0,0,[],0,[]
904,0xabfa56d84f8112ff01fc93f89082ddc7feb8514f,0,0,[],0,[]
905,0xabfa5e9fba6eac3ed13424f4a30000abcef987c3,0,0,[],0,[]
906,0xabfa65d5a69c83c71a1c98c6bc1ee312b334154d,0,0,[],0,[]
907,0xabfaaa060f7248c110c352866dc0afe8d7219721,0,0,[],0,[]
908,0xabfaf69968e1a2259d29e651092db04b29ce55e8,0,0,[],0,[]
909,0xabfbf50f009603aed85b4f0dabea3fd76720bd00,0,0,[],0,[]
910,0xabfbfc4b99d3a17e6358d4651080addd58c11db8,0,0,[],0,[]
911,0xabfc6f700114d99c3abb7bc2c1a3ecc9b1e47f08,0,0,[],0,[]
912,0xabfcbc83bc9b04d57b3d1f8b6deb5d723b9d2a40,0,0,[],0,[]
913,0xabfd030e4a6156f0d965eec8175b799f45305214,0,0,[],0,[]
914,0xabfd5317ea026fc2d3f6107be609d6e70df9189a,0,0,[],0,[]
915,0xabfd5a6d1a3536263aa59111edd7f25e7314d923,0,0,[],0,[]
916,0xabfd673d5c623ceec74d029d4fa9e2f021f806c6,0,0,[],0,[]
917,0xabfd81f3938d515e98420ffd75f245e95789318a,0,0,[],0,[]
918,0xabfd8a173094de0ecf7d265a7e47d48e466d9a9c,0,0,[],0,[]
919,0xabfda4bac2094cdb4181cec57589ab48df094145,0,0,[],0,[]
920,0xabfe012ec268fd9badb2410821999211813bb070,0,0,[],0,[]
921,0xabfe064a1363ea06a643d7a8e88c10005150cdeb,0,0,[],0,[]
922,0xabfe386bbabcca01482ca8807788ce69ef939d83,0,0,[],0,[]
923,0xabfe67fa205b84aefcf2da8916e6247675d729b3,0,0,[],0,[]
924,0xabfe6cacc6e33cddf85ed4c9cc6ca69bfb323f2f,0,0,[],0,[]
925,0xabfe781b8f8ad751aa590c2b90edb889bee50356,0,0,[],0,[]
926,0xabfe796419b5f69a442f705a2012dd3f392d9d0e,0,0,[],0,[]
927,0xabfe8ebcb82962d0470cb883fed614b15be6b27e,0,0,[],0,[]
928,0xabfea88573ce2aea516c217f6ee53fdca6f361b5,0,0,[],0,[]
929,0xabfeac25e065c8d1204352912312b8f98db4bdec,0,0,[],0,[]
930,0xabfeb5eac1faa97b40b79069c249ee7348dc0f5a,0,0,[],0,[]
931,0xabfec7b4056ff4fa1cf9dff590f725de28868b9a,0,0,[],0,[]
932,0xabfecfdab2a83b7daca55a725a5c3e1138a98b80,0,0,[],0,[]
933,0xabfed989edb02d6d31ab5568f6966b8a3637ed0c,0,0,[],0,[]
934,0xabffc18b419acae7008ba739fa3ff4153bc67f9b,0,0,[],0,[]
935,0xabffda71a5fb2aa0ed75866e724abd2127fe00a0,0,0,[],0,[]
936,0xabfff784e51016f48fd5119fd6ae522218c22885,0,0,[],0,[]
937,0xac0061af15033397daca2ae13a928ab7232bd25b,0,0,[],0,[]
938,0xac00f5ab8f71614f7b1620740e77687c8d40ec76,0,0,[],0,[]
939,0xac016d50e811e70eb631fbcd3179b3754fe5f3c6,0,0,[],0,[]
940,0xac01722babf39a8ecd978752fae996e35b02b903,0,0,[],0,[]
941,0xac0179af2da0ca3275e0f582c4eb33750981c360,0,0,[],0,[]
942,0xac019966b6f1b0e3a25a7960e6cc344d3730961f,0,0,[],0,[]
943,0xac019b989e152068e3f8390b12a58ebc6659adbe,0,0,[],0,[]
944,0xac01b8d196c9c56b41a0a6bfeda68b36b278970d,0,0,[],0,[]
945,0xac01c9b63a1529e6fa6848df0b5a8676fee4c2c9,0,0,[],0,[]
946,0xac022fc9bd866e32b343a37d4e5a841d91d721bf,0,0,[],0,[]
947,0xac02434a73cd9c49d8b6e0920eaffcd6a0b0f59e,0,0,[],0,[]
948,0xac0268e22e666c4d01b6e75614c5809c8199899c,0,0,[],0,[]
949,0xac02725f46e92a82482e265dd8b0378744e28759,0,0,[],0,[]
950,0xac02819d2e6b7c4d79d852db3fb72c1f058d79a4,0,0,[],0,[]
951,0xac029682d086ee029d651b2a1020739310687401,0,0,[],0,[]
952,0xac02daa18b0e5b4148c571d23fad342a6d47b12f,0,0,[],0,[]
953,0xac02e51fb3c457919dcb82c9d048496b851f7fe5,0,0,[],0,[]
954,0xac031c8b32fcbef3fc869debcf9a4624e2cee261,0,0,[],0,[]
955,0xac03247ff98e2b9a148009655c590eade5e0765e,0,0,[],0,[]
956,0xac0342decb21cfa50765ff6d3a7c70f72b956228,0,0,[],0,[]
957,0xac0346747a5b4f69e02eaf2bcecfa255169e4102,0,0,[],0,[]
958,0xac034e3a947ebe908b13593fbbfbdf52fec80662,0,0,[],0,[]
959,0xac0367375ec176d30f38dbc50904209f4dc67cf4,0,0,[],0,[]
960,0xac0399c6ce17fc9dffd9e157221afea557ffd67e,0,0,[],0,[]
961,0xac03acfc685cef9064e64513e9bf8dfe5c0454c0,0,0,[],0,[]
962,0xac03bd659e06b7106ba35e8692274e6622d338b8,0,0,[],0,[]
963,0xac03cde08efe9b6e18427586b99246b35271f039,0,0,[],0,[]
964,0xac03d3e7fd385eaf575015b0b1844fb073d3e1bd,0,0,[],0,[]
965,0xac0409d5b2c45bb90f5bad2985bb3a144680d323,0,0,[],0,[]
966,0xac04544911076ad7d3df5ad9e95ee8212f377eea,0,0,[],0,[]
967,0xac046fe754430f7bd450ed65993650dd64fba36c,0,0,[],0,[]
968,0xac04d20056409c83f95c76d32d6341ac5339662b,0,0,[],0,[]
969,0xac04e1434e98c10362d783d9c453b9844795da12,0,0,[],0,[]
970,0xac04e74326c5cf7681f0d99ed5d45677757a2a90,0,0,[],0,[]
971,0xac0577aac4a673c2690403fb39b22130ffa764ad,0,0,[],0,[]
972,0xac05b90eebe45ac918b5864e16aabe473d80bb9c,0,0,[],0,[]
973,0xac05bdf64928864f571c71887e74f991a2fc57a5,0,0,[],0,[]
974,0xac06044b526d37dd8de1dc6dcc0d8b383f31805d,0,0,[],0,[]
975,0xac062850b127c6c13af0d6a2d0d1abce0ed8b9af,0,0,[],0,[]
976,0xac063412ebeba6663d291c0ef3f7884edac31715,0,0,[],0,[]
977,0xac063f9dd48bea718fce1ca9d4044e175bfdbb36,0,0,[],0,[]
978,0xac065667b5f4497992ed7197aca55c10cf9f4af6,0,0,[],0,[]
979,0xac06cf6eae3a63ded189f2259d7f6e64b1e39e00,0,0,[],0,[]
980,0xac06d71b47840a17080dcc844af8fb2a57c27057,0,0,[],0,[]
981,0xac06eea143c4f9971d2f1cd2444be8b4149d8570,0,0,[],0,[]
982,0xac0710af7ca8720ec058ce5c637e10cc11827ef4,0,0,[],0,[]
983,0xac07834591ae3bdeed0a086f331971c97486e50d,0,0,[],0,[]
984,0xac07997c655130df55745a76742bc342905128c9,0,0,[],0,[]
985,0xac07a924f674e4c0c37064415601bc7122c5e208,0,0,[],0,[]
986,0xac082b64c23ead5228fb8de00a2558f1b1af6c50,0,0,[],0,[]
987,0xac0862bea4d130209eb82af1139e8175984fbb63,0,0,[],0,[]
988,0xac08679e676984b1f975e7d8e0f4e4678a37216b,0,0,[],0,[]
989,0xac088301eb0ca035c01aea20d5052c39175b8e02,0,0,[],0,[]
990,0xac089137f4810b1229076175256b20837746a418,0,0,[],0,[]
991,0xac08c4d62436647171eb465bf1ec7412a6a407ca,0,0,[],0,[]
992,0xac08c660f4146a5a417b28492a882d5c6a32a293,0,0,[],0,[]
993,0xac08c8befbdb32efdf7ed8c42e780cd99be41f7f,0,0,[],0,[]
994,0xac0909c6c564b4ca2169617cc54a26d7fcbbd3a9,0,0,[],0,[]
995,0xac091689ea1308ea62751a740e637e34f85b17a4,0,0,[],0,[]
996,0xac09283b8af49cfebca402974d0601c869df0344,0,0,[],0,[]
997,0xac096795af18842a50ddba0638768faa17c16ffd,0,0,[],0,[]
998,0xac099bc7d3820cd17325eb84511e8741c20d1c81,0,0,[],0,[]
999,0xac099dc9852db77e5660b7f9bae0f94be4de5f57,0,0,[],0,[]
