,id,delegatedVotesRaw,tokenHoldersRepresentedAmount,tokenHoldersRepresented,numberVotes,proposals
0,0xcedadb5d43198b9204f4441000bf1c7a16bbabc1,0,0,[],0,[]
1,0xcedb03262cf2024e11d6a58b8add9259742045c7,0,0,[],0,[]
2,0xcedb29d0bb4de78081de30e609a43e8b18e41cb4,0,0,[],0,[]
3,0xcedb7c7fbd3b53731273138a98d32e4136478fd4,0,0,[],0,[]
4,0xcedb8ee7a7c14449120961fef5e96dc05003e6b6,0,0,[],0,[]
5,0xcedb9ede617c0e9f21a1ee3f585ab40b05d291ea,0,0,[],0,[]
6,0xcedbcd866c3c0015ad0a3079c0f8ba0584862863,0,0,[],0,[]
7,0xcedc2868d09d33c51e77e8c632dc5b98fac5c543,0,0,[],0,[]
8,0xcedc2ef355a23ed8f0d0c9f0273826cab523c527,0,0,[],0,[]
9,0xcedc848169bbeeb91ea7f2a08c7b8805014e9955,0,0,[],0,[]
10,0xcedc9301633dbab9ad8ebe097194cbfcc1a0a54a,0,0,[],0,[]
11,0xcedd29b29270de2aac9d2668d1dab251c19dc4f9,0,0,[],0,[]
12,0xcedd36e127bf82fbed4bb92b88f803a8b805f854,0,0,[],0,[]
13,0xceddaf6492e2a79e958f99d9ca7168b9c6d76e0c,0,0,[],0,[]
14,0xceddcdf215fcc03b82961c85fb2ab3e05cca064e,0,0,[],0,[]
15,0xceddd812bdc46f927dcec9d4619214fa963d06aa,0,0,[],0,[]
16,0xcede24ec34bd51f4afdff436faedf8bce406b963,0,0,[],0,[]
17,0xcede27c47cfc4fb59e460a2748f66fa65dcf9cc4,0,0,[],0,[]
18,0xcede35ff357e6af242981306914d7a26f833efc3,0,0,[],0,[]
19,0xcede55f13aaba592234766bc4367b76c044cdfa6,0,0,[],0,[]
20,0xcede733fd11aa16ee8fea0d09bebe7fbc98e29d7,0,0,[],0,[]
21,0xcede8e3ea92c8c896e50d0b66ca39c35eef4e407,0,0,[],0,[]
22,0xcedef1f54253f882757df2509ea02847cb0407fc,0,0,[],0,[]
23,0xcedf15ec45e6deee872d9435822de2b89969139e,0,0,[],0,[]
24,0xcedf17dfafa947cd0e205fe2a3a183cf2fb3a0bc,0,0,[],1,[]
25,0xcedf60eafc38bc905b566f1cceb3c5fa1de0ede9,0,0,[],0,[]
26,0xcedf831d2843b9ff8a23e1d4c71d83e8f771e147,0,0,[],0,[]
27,0xcedf955afa028a65be63e03d2a91968534f5df91,0,0,[],0,[]
28,0xcee054982f5617e94cd7d5e0825342011b586d2b,0,0,[],0,[]
29,0xcee05f2f9b798d5b9a8d1a60ef6f0bca5f01f6c8,0,0,[],0,[]
30,0xcee0a903e184cdbfe2da27f16d463cf22be3eddf,0,0,[],0,[]
31,0xcee0ebe316ecbb0fa0209086dca9d58f98b07b12,0,0,[],0,[]
32,0xcee0ffe6f3603478cf741d6bcca642fcc40bb668,0,0,[],0,[]
33,0xcee127a4916171c3367d0aea8fa70995a7d742c2,0,0,[],0,[]
34,0xcee18d63b06723ca620281c700ed7ec61957978c,0,0,[],0,[]
35,0xcee1d58612528761591cd80c0b4fd4cfa6a2af53,0,0,[],0,[]
36,0xcee1dcfc230f325dc6ef657828029ad977d87e9a,0,0,[],0,[]
37,0xcee1e8d01003f32452564d85c818c5c103537bfd,0,0,[],0,[]
38,0xcee241e1fd81b088016910762dff6812468cbcd4,0,0,[],0,[]
39,0xcee24b313cf325e225de9622f2bba5935f9e5f00,0,0,[],0,[]
40,0xcee25dcacc32b5d6738244270b8ecaa9fd577196,0,0,[],0,[]
41,0xcee26a3f583e2d27454ca9a9620b3572b5074b2e,0,0,[],0,[]
42,0xcee2aeec7b1cce085a086063a4b2a7e8bfe63bdb,0,0,[],0,[]
43,0xcee305cd2dedfcc973ea83800a6442bbd728694c,0,0,[],0,[]
44,0xcee33e4eab5c619768d0f97530113d7d3bec2f65,0,0,[],0,[]
45,0xcee35b9b212ea26608a39d1a4ad32cca7514726f,0,0,[],0,[]
46,0xcee392741db9e54d21d453bbe0a5ef0768cc11d5,0,0,[],0,[]
47,0xcee39d756c2f216c23404e271e167ba3649c8416,0,0,[],0,[]
48,0xcee3afc75b9cfea36c8084b58bb7d0448c8861e2,0,0,[],0,[]
49,0xcee3b1b50f65ba9f25a9549b2ed38b06fec8509c,0,0,[],0,[]
50,0xcee3da969175014e6bbe73893fae2275e6e9f249,0,0,[],0,[]
51,0xcee3e4702e344b9e63242ae0c525dc0deb68906f,0,0,[],0,[]
52,0xcee48121274ba01d47a354f9aae3963729b6e8ca,0,0,[],0,[]
53,0xcee4d4d95954feab4b4ab66581fe7eeded706967,0,0,[],0,[]
54,0xcee4dfde1ce0260afb87f8c917726ab0502fd457,0,0,[],0,[]
55,0xcee4ee714b2a5c161179d583459b132ad82a37de,0,0,[],0,[]
56,0xcee55a1b7ebca3f8c3d4e38534d47921360f0948,0,0,[],0,[]
57,0xcee575c54175694d167113722d34ab7180218a4d,0,0,[],0,[]
58,0xcee5da92868b25c0ad1e19130a21c761ab9e0ecf,0,0,[],0,[]
59,0xcee6022ef53e10b0a6f20ad9d38ea185a8532c17,0,0,[],0,[]
60,0xcee60d7ac645015724d547588fced02f7e423d9a,0,0,[],0,[]
61,0xcee6166d7b26e9108b1ca380e0e4e5ffc7a6b650,0,0,[],0,[]
62,0xcee6b6e1f53656928e49a52a4302d14bea196be8,0,0,[],0,[]
63,0xcee6deaaeffac291ae1f57db2ab2d4e1cc34ca67,0,0,[],0,[]
64,0xcee718f5f4f5810077bce039c2156180f288292b,0,0,[],0,[]
65,0xcee71ab30eeb299619ffb32dff20d8d53593b88d,0,0,[],0,[]
66,0xcee71bf93f9017578aac4fdef21da6d809d877bf,0,0,[],0,[]
67,0xcee7483ccf66731ceb988088e2e17c0a6e42e012,0,0,[],0,[]
68,0xcee753120f1e6c363e0a9e1f3313f94f38d515df,0,0,[],0,[]
69,0xcee77d912b3c5bc19a854a5565211d75c35b0945,0,0,[],0,[]
70,0xcee7efc3bcd0664430ddc5e4cc8cafa1b4953b48,0,0,[],0,[]
71,0xcee81d04003af986a1788e19f5d7efbbc466af6a,0,0,[],0,[]
72,0xcee81fa3bc63413951d18ca53e8b0967b4aabae3,0,0,[],0,[]
73,0xcee821a9a780c28efb98ca4a654b1b52b9e1dd92,0,0,[],0,[]
74,0xcee829b5efd250636760d0511f35ba52e2348f1e,0,0,[],0,[]
75,0xcee8886fb28d3bf37e608a4e08ac97ffcd479056,0,0,[],0,[]
76,0xcee8abb19b8e349c914b67a1e6fcc64a24b251a1,0,0,[],0,[]
77,0xcee93560a6541ba44e5d6a75f9c78bb81c67919a,0,0,[],0,[]
78,0xcee97d59c6e11cd1cce45f5e24349c57565a5735,0,0,[],0,[]
79,0xcee991dc02ae7c3b2a4d3a497f94b43438c8398c,0,0,[],0,[]
80,0xcee9ad6d00237e25a945d7ac2f7532c602d265df,0,0,[],0,[]
81,0xcee9de8eeae5acf5b6628c3ff663d95033e9883d,0,0,[],0,[]
82,0xceea37ed947c168eb7e66a5f434bc607a2508a9b,0,0,[],0,[]
83,0xceea553c65e647af6dd23ead689d395b478abc4f,0,0,[],0,[]
84,0xceea70a0be7848cde4c942aea637fad8b9a74083,0,0,[],0,[]
85,0xceea78f08d36131a8f01b395b04f91d50ff9cdf1,0,0,[],0,[]
86,0xceea79d9dcaac7a8c1dade79c09e6122cda0719e,0,0,[],0,[]
87,0xceeaa772cabc20f62495dc3780b8f25eae27b066,0,0,[],0,[]
88,0xceeaf697d9cb0fb2a5427f584f5eab855e7ff8d8,0,0,[],0,[]
89,0xceeafab53873af79fd615d2f7dc2a07179be2fba,0,0,[],0,[]
90,0xceeb1485d3671cc6635274e87ab458f6bc73e64f,0,0,[],0,[]
91,0xceeb15285f334ef4b4a867c52c01317803a06b40,0,0,[],0,[]
92,0xceeb23d1b07a7927a83743900b3e12b16408e8be,0,0,[],0,[]
93,0xceeb29e9dc4083902d974ca981aa8c8df4e701c3,0,0,[],0,[]
94,0xceeb44d85bcde99393a4e1107a51b6616e7312d8,0,0,[],0,[]
95,0xceeb50afdf4a3ecf3502db63751e3dceb5a9bac6,0,0,[],0,[]
96,0xceeb75d14c5785b731f07390c58125e734d2518c,0,0,[],0,[]
97,0xceebc0fbf3c4109e1bb1fe743a55ae6562db2802,0,0,[],0,[]
98,0xceec1229966c632b8bd2a0fd75d5e62d81e6015d,0,0,[],0,[]
99,0xceec1f6209610f6868efbb54ffb6fa5d4e90113b,0,0,[],0,[]
100,0xceec2074e4e65c2573877fb97ddf0a753e564f5d,0,0,[],0,[]
101,0xceec3d94890ca82f50ba70aebc7b2a3be99ff55f,0,0,[],0,[]
102,0xceec49470fd513adc87c315e6920d9b7d6a561f9,0,0,[],0,[]
103,0xceec6f89d229fa9fda915bbfaef22422f424e227,0,0,[],0,[]
104,0xceecbbd8ba9433c58f0360e647ca0c8e8febd8cb,0,0,[],0,[]
105,0xceecbe05b98708f598cce2174db73d1fc1277609,0,0,[],0,[]
106,0xceeceddc938d734ade7cb8379a1d5aa88c83778e,0,0,[],0,[]
107,0xceecfb42ef31bf71d271a8bb0a416afbe8c584de,0,0,[],0,[]
108,0xceed7c76e8db66df7d0851fe9f39df43b5cefa18,0,0,[],0,[]
109,0xceeda55141079aca0a07e927cab0b324c9459b79,0,0,[],0,[]
110,0xceede8efcc2212553df6e99cdb6a13c8556a2bc3,0,0,[],0,[]
111,0xceedf7c73be29d7d133c8911082080ddd9098a39,0,0,[],0,[]
112,0xceee2d1d0fe9d8bfef14083963b19f3f0fc56dd1,0,0,[],0,[]
113,0xceee866d0893ea3c0cc7d1be290d53f8b8fe2596,0,0,[],0,[]
114,0xceeea0983fcbdbb063f356a0e6e15535e17a8290,0,0,[],0,[]
115,0xceeecb0337c8ca4eda4921b4e275fc713a4371ff,0,0,[],0,[]
116,0xceeed01c74f6745e4b05280d8fbec072c2bb02c3,0,0,[],0,[]
117,0xceeeecce95555f1f3c47fc9a5eb9cff5733588b1,0,0,[],0,[]
118,0xceeeedd006b7d5aa564ccbbe765ea9167098d6e5,0,0,[],0,[]
119,0xceeeeee3eb4d7999b45afcdc676ded0e95cc29e2,0,0,[],0,[]
120,0xceef29328be67c596a1d7a6844d48c7473640066,0,0,[],0,[]
121,0xceefaffe5b7dd529723fbb49c8d70b9eb070d8f6,0,0,[],0,[]
122,0xcef01eb5bc4b9c975caa0144552053ef90640dd1,0,0,[],0,[]
123,0xcef033c341648b25df4577d0047de596d71a7104,0,0,[],0,[]
124,0xcef086cfbece0cc4d6a001a6d7f0794386a49812,0,0,[],0,[]
125,0xcef0abfe828bde1b87de656840283b95782c1ce5,0,0,[],0,[]
126,0xcef0c0d30a100a13b1c193584d31567a9077cc0a,0,0,[],0,[]
127,0xcef0cee5cff9417ed2b27082ba2b2b304768f392,0,0,[],0,[]
128,0xcef0e56b84ad7d5be9edcb7faf66f85ae83942a4,0,0,[],0,[]
129,0xcef0f7dc1b50d8794657624ec7c944fdcf55d47a,0,0,[],0,[]
130,0xcef11511bb2947a0bd5200ca4949cae4bed2e74c,0,0,[],0,[]
131,0xcef14738464a43ab3a6c3ec38be36bf3c75ef69e,0,0,[],0,[]
132,0xcef1b1b63e92b1e50180c37daecc5bacf0ee8811,0,0,[],0,[]
133,0xcef20a4fe15d266057f35abb4b80fa16cd66f709,0,0,[],0,[]
134,0xcef236e376212c6b28f8f6fa006fb78ae8a65cd2,0,0,[],0,[]
135,0xcef243b44dcc578cd1fc3cd4a7fae4a3910099b3,0,0,[],0,[]
136,0xcef2599e9558901bdab4ee3299ab567e27b1848f,0,0,[],0,[]
137,0xcef264c7dd877ad8b89b38490fd4ceee88cf55fb,0,0,[],0,[]
138,0xcef271913ff8217a71317783dabdcf17016cab69,0,0,[],0,[]
139,0xcef27c77738b4629b7bbc001c75f4944327091c4,0,0,[],0,[]
140,0xcef28ce7884ae973990fb826c1986afaa9319b9a,0,0,[],0,[]
141,0xcef29f8faeb37d4fa4b1ac55d65f64e334611c90,0,0,[],0,[]
142,0xcef2ad95c9698950741d5aef13002a8a824de6e9,0,0,[],0,[]
143,0xcef31a16cc8c224892c23dc505a644abc355142c,0,0,[],0,[]
144,0xcef325a2b922494c04a5780c19e3e601c4aeaf16,0,0,[],0,[]
145,0xcef380786be45dd0b4e72a6d75ea6e9300331771,0,0,[],0,[]
146,0xcef3914ab2f45fdbf374eb7d9347713ca1600f7a,0,0,[],0,[]
147,0xcef39c69d45ff43dabe09bf31e43b47082d7e0f0,0,0,[],0,[]
148,0xcef3a41029b768da9526de24aa2de7d3fda85bcf,0,0,[],0,[]
149,0xcef3ebfaa0b5ca3b69c36ca559f2bcb8d9d411fe,0,0,[],0,[]
150,0xcef409d77ef504d336f28e3f4614ce06e634e4f5,0,0,[],0,[]
151,0xcef41783975e14694d6966b0e1ca8595372f567f,0,0,[],0,[]
152,0xcef44febdbbef90b6f19ebd44c58f1af2ddbd108,0,0,[],0,[]
153,0xcef452dc42c7d6695e24ddcd9bdd18950bc1e770,0,0,[],0,[]
154,0xcef4880a7d3172a77c4adf12771376a2ce4753a3,0,0,[],0,[]
155,0xcef4c3c16710d10cb9d6dd083a42b5db321d802f,0,0,[],0,[]
156,0xcef4d05050a9b342991fa7b06b27df1ae03c7d1b,0,0,[],0,[]
157,0xcef4e7c46c6677943b3eb5e7c7c56c336344ac9e,0,0,[],0,[]
158,0xcef523fff9dc59d2d582dea9b403d333be97203b,0,0,[],0,[]
159,0xcef567c96b26817c10ef6825e9bb0350bd09bfbb,0,0,[],0,[]
160,0xcef5ab03b62733bfe8dd4d1b92c976a35c6df4a6,0,0,[],0,[]
161,0xcef5edd5afa20aae84128d75aafe09eac6ec5823,0,0,[],0,[]
162,0xcef5ff5b72e32ee6399b21dec72984531a3c2ae4,0,0,[],0,[]
163,0xcef617dba675703bfde09c458e28cd45f73af549,0,0,[],0,[]
164,0xcef61a54ed45023b2064b624687d8e36f39bae36,0,0,[],0,[]
165,0xcef6a6191b781bd0bd4ecd06350f7558bcd3c152,0,0,[],0,[]
166,0xcef70f44550963c5400646dab8c6c90813c9408f,0,0,[],0,[]
167,0xcef72f6919e0c71775ddf0dd6fdd9cebbbf423c6,0,0,[],0,[]
168,0xcef7859af7aa93e9f872eac8dcb8ef7ed4400e75,0,0,[],0,[]
169,0xcef7a85ed46e30271f26cdb63352da8d6e39b92d,0,0,[],0,[]
170,0xcef7c48ee532c6cd018198889eec3323ea33c82d,0,0,[],0,[]
171,0xcef7cf7463c713c4e00db9a833134bb0044d6478,0,0,[],0,[]
172,0xcef81802ff88245b69827ba7df962b0e362a51e3,0,0,[],0,[]
173,0xcef83a4312dd9e1a746c390c8c9ba42ac5594150,0,0,[],0,[]
174,0xcef84c74745f1a056108e3410705b6b31c4f07b2,0,0,[],0,[]
175,0xcef84ca699aeb33a9ff1195cac10178a14b9fb77,0,0,[],0,[]
176,0xcef858ed27e5947d7cde15c259173e1919de3aff,0,0,[],0,[]
177,0xcef86311e440ac49636f5b8890b34b263487aef7,0,0,[],0,[]
178,0xcef867d028420453188c8b56a707684514b99222,0,0,[],0,[]
179,0xcef878ab4001a88ccaf6234bcb3778b8455d797b,0,0,[],0,[]
180,0xcef90c565c248bf2783a0eb66fa7d6372719996c,0,0,[],0,[]
181,0xcef9c926398468073205899e6d6454ebd0676f6b,0,0,[],0,[]
182,0xcef9c957b216b84e348d3bf54d0e76bcec8409aa,0,0,[],0,[]
183,0xcef9d704338821f2981e84b559a4c6cc18a528f5,0,0,[],0,[]
184,0xcefa19f0032bffc62cdfae5a15dbb8890abfc319,0,0,[],0,[]
185,0xcefa30dd64ba8e71f03ac6704e05f29b872ca946,0,0,[],0,[]
186,0xcefa41504401be7ce806641454e5515517707afa,0,0,[],0,[]
187,0xcefa6cf41cc550f6fdb03b4745e26910af499ee2,0,0,[],0,[]
188,0xcefab6176da8450f0b0e234ef1b3df21a4bc7aad,0,0,[],0,[]
189,0xcefaea62bcd7526fd674fa0ae91dc1da928a9e6c,0,0,[],0,[]
190,0xcefb08d5c4b2d1ad21cd53b88017ff052765e359,0,0,[],0,[]
191,0xcefb1a1ad342ded0316fe42a01ae0a7d70c5e112,0,0,[],0,[]
192,0xcefb53f72c35c789103e25a733f1042827d31040,0,0,[],0,[]
193,0xcefb5be5e48744fce916cc733e5be0cecdf85f76,0,0,[],1,[]
194,0xcefb72229debaa734b05eed0a384fde22c4a2e5e,0,0,[],0,[]
195,0xcefb744485f87554df2903645e0e17cd88680aa5,0,0,[],0,[]
196,0xcefbf484039b2d4ea0bc018c1857170c7b1b481c,0,0,[],0,[]
197,0xcefc041b12d61bfb0f80cc12527d20ced8024cec,0,0,[],0,[]
198,0xcefc06d7092d5d6c891f2fb037fda4e6b3526592,0,0,[],0,[]
199,0xcefc37cf463012f51a06c1f79e68d7c3b13e71a5,0,0,[],0,[]
200,0xcefc4b3eb569050a531f8049666acb76b07f31b1,0,0,[],0,[]
201,0xcefcca169357a18eb8c3f230f92b58562e48cae5,0,0,[],0,[]
202,0xcefd0309c72f0ae0f3ae39f6be0d2aeec16c6305,0,0,[],0,[]
203,0xcefd7297195690d4449692ddaad0f77c4556eca1,0,0,[],0,[]
204,0xcefdb5f635bfc913d12e6eac3738e92b1681bd65,0,0,[],0,[]
205,0xcefdb925191e50c44aa53d1b92352c2600fbdfc8,0,0,[],0,[]
206,0xcefdc355f3b0b3da6247afba42e16268f2b54e76,0,0,[],0,[]
207,0xcefde7a3cc95eb2070fd477f5a2f77bb6bce9176,0,0,[],0,[]
208,0xcefdfc32dcf98c95b0e279ea7bd76bffae362761,0,0,[],0,[]
209,0xcefe0e7cd6288049933c6127ec29b068fca7722d,0,0,[],0,[]
210,0xcefe27956598318b79b3af31b2ed0aa650a50824,0,0,[],0,[]
211,0xcefe96c1c8e2ae6a88eed044eed2bc368630b018,0,0,[],0,[]
212,0xcefe9c3f14c3f6c575a691e42cb467c7c5ddc22c,0,0,[],0,[]
213,0xcefeab203437799efb06e0e2bd72830135c3b319,0,0,[],0,[]
214,0xcefecf6475848ef9c7ea5b39b76828413b296cd5,0,0,[],0,[]
215,0xcefeec45f4b313a0681f275fff7e8cb012846e49,0,0,[],0,[]
216,0xceff1c2123952c6df967f9c21481f66c885f2b36,0,0,[],0,[]
217,0xceff66192a49a6433cb4fc53dee3925d0a7ee0be,0,0,[],0,[]
218,0xceff77bfca0de3f8367ca321796e49d0503989d1,0,0,[],0,[]
219,0xceffd295197342ec64b10b3a2758b4e1ae000492,0,0,[],0,[]
220,0xceffe7a14869c89d346f94f7e8f81bcac2d60e35,0,0,[],0,[]
221,0xcf0030792465a25b1aaa7c7f99354696e3e00629,0,0,[],0,[]
222,0xcf00b8f1e5ef2667167858e2bd77d2fc16750303,0,0,[],0,[]
223,0xcf00f8d4bdcbfe196a5b591009c73a71aad5446d,0,0,[],0,[]
224,0xcf00f8f8d71189955baf405cdbccef8f492b49b1,0,0,[],0,[]
225,0xcf0100042b4024c73b7acbadbb44983d71b0ac69,0,0,[],0,[]
226,0xcf011551576a6412963b1c8552451d8e10256f01,0,0,[],0,[]
227,0xcf01158c05a113dfa04048b2f04eb3780ff220d7,0,0,[],0,[]
228,0xcf01672a64a58acf94fc91dc045d774cdb61c03b,0,0,[],0,[]
229,0xcf01db2ebb4995026da24e80582ca2275ff54f7f,0,0,[],0,[]
230,0xcf01ff77c187a8247f43a89513ae9d1bcdd88458,0,0,[],0,[]
231,0xcf02298146937f64c53a148dadb3d30365d12e6e,0,0,[],0,[]
232,0xcf02406b6470fa901ddf8a98396baf281b8cf60a,0,0,[],0,[]
233,0xcf029a3fab020f366257e3a66eafc5889706fa5f,0,0,[],0,[]
234,0xcf02b166221943998f53054214ccd342b7bd6096,0,0,[],0,[]
235,0xcf02b1eca61868eaf4899eeacd797dd9dd15a27e,0,0,[],0,[]
236,0xcf0314bfe9c08d208113c61adceffef5fd633ec2,0,0,[],0,[]
237,0xcf0376747868cb022982c88c431d42b3abd04a88,0,0,[],0,[]
238,0xcf038c57a432f9e77ddc05627c9122b1a072c3b4,0,0,[],0,[]
239,0xcf038f71deb4af60f172392838be912600b32d85,0,0,[],0,[]
240,0xcf0398fad70f35ff434cae043c5696bbf92b6baf,0,0,[],0,[]
241,0xcf039d9d3b3cef1d81bd539fa2172205c5a9278c,0,0,[],0,[]
242,0xcf03ed12b5c7a3598c0c9b7fea2cd18d8a3e32fd,0,0,[],0,[]
243,0xcf043fe82a5c16f488807f177fed8afbc0d04326,0,0,[],0,[]
244,0xcf046576954c2909025d701541d51ccf3e56f4e4,0,0,[],0,[]
245,0xcf04802816d851476cb281d77c21a8da65761a18,0,0,[],0,[]
246,0xcf04edd0a2afdfbd2d265d0e44bfa75b85cc3a9f,0,0,[],0,[]
247,0xcf050ea6628097bd5ad5df54a7b1e433f4b6b604,0,0,[],0,[]
248,0xcf0533e589b3f9f79c1f96786a4b69f1a9ffbf06,0,0,[],0,[]
249,0xcf053e186010803ab9180994d1117733a99b7a2e,0,0,[],0,[]
250,0xcf053f971af05db8a954f387f7c8f8e54dacaa33,0,0,[],0,[]
251,0xcf0552a716d32e075f8458d358653b001ef7171c,0,0,[],0,[]
252,0xcf0569e55d70340a1aea14da1597ea7e1e6903aa,0,0,[],0,[]
253,0xcf0599e858cb36ad44d1f4b10ed65d27c287eb70,0,0,[],0,[]
254,0xcf05a7df1bc57b21a1455ce3252eb006ba4f9479,0,0,[],0,[]
255,0xcf061cd707eaf29ef0c73fdeb63b6cbb8c387791,0,0,[],0,[]
256,0xcf068c75f64799efda2167a94e0d337ed989f769,0,0,[],0,[]
257,0xcf06ada0c23d03186a1f1a62475b4783b9f6287f,0,0,[],0,[]
258,0xcf06c48951c0d8280b785b070d30d9767a53b3e0,0,0,[],0,[]
259,0xcf071c95283d7e41d32ed7628145b959c28091fd,0,0,[],0,[]
260,0xcf071ed931aab619a762070ad896ee8cdfa8a199,0,0,[],0,[]
261,0xcf077383cfae241d531e0c2a9dc699024ce92169,0,0,[],0,[]
262,0xcf0780833cb1155f9a09c0b6a7fe32ac6c9afa6b,0,0,[],0,[]
263,0xcf079143befad7a19bf4d7deda0693b22412f0a6,0,0,[],0,[]
264,0xcf07aeda16eba7c76f91a589e2c5265b1bf379a8,0,0,[],0,[]
265,0xcf07b333a4bd509e9f9a23c3d9e2d0bc43dd5c6c,0,0,[],0,[]
266,0xcf07d299478b48e484cfdf8e6a28df1f79c12ca2,0,0,[],0,[]
267,0xcf07d7ee1f67c38a937f626abdb9b099f1541f0b,0,0,[],0,[]
268,0xcf081ccf598bb2bcf7ddab4bfcd601ba0f93ded5,0,0,[],0,[]
269,0xcf083e439ce51ae6345f9e123b04b3990c9848f2,0,0,[],0,[]
270,0xcf086685b91e0ecad59218323da3d80ac5445e7f,0,0,[],0,[]
271,0xcf088162109e5d10cc1f58e169aaa099e4e0f57a,0,0,[],0,[]
272,0xcf08c96a0e8e3bb018a92965529d0c829c80f42f,0,0,[],2,[]
273,0xcf08ff2dda89edad5bf9e94c9d05d6e3ab139404,0,0,[],0,[]
274,0xcf0930d3f852e2562a68bb65b608679fd136839a,0,0,[],0,[]
275,0xcf0949bf6d2adf8032260fd08039c879cf71c128,0,0,[],0,[]
276,0xcf095f327a36505bd6864af173cbd9cb450bc06d,0,0,[],0,[]
277,0xcf09632dc6a605b6a8ac09c760a920e4408aaa45,0,0,[],0,[]
278,0xcf096aaf443741c24ed28bc6da09292909d6a04e,0,0,[],0,[]
279,0xcf098c7266c6b5f866232f22f24b78f03cdc3897,0,0,[],0,[]
280,0xcf09a5668507504f94f635277c5d77bacf83dada,0,0,[],0,[]
281,0xcf09c360c8e4134d096279ebb16699070ddbad80,0,0,[],0,[]
282,0xcf09cf4ddcbf6d61519fb62350c8002047495292,0,0,[],0,[]
283,0xcf09fa1508ad1e6b43f5b72aa1e945245f2e514a,0,0,[],0,[]
284,0xcf0a727a7a400ab21be6e6adb1aa1213914aec21,0,0,[],0,[]
285,0xcf0a81d1e8bc8258d18398a286ad2bbf3ebeb030,0,0,[],0,[]
286,0xcf0aedeee08d26f15656bce4d0d8075c1ac9086e,0,0,[],0,[]
287,0xcf0b1e208eb2e8c568a63f5d4fcb48e48520e46e,0,0,[],0,[]
288,0xcf0b6edd33c34886fadc6c7199905afed0e9eea5,0,0,[],0,[]
289,0xcf0b8e5bdcbc7767c8a0ec603e4a1ce5920a5cf9,0,0,[],0,[]
290,0xcf0b9d6f12610ccd8ac2aa6171110ae40947ca5c,0,0,[],0,[]
291,0xcf0bab80bcbffb9025d3715587f8018316778188,0,0,[],0,[]
292,0xcf0bc1593d315b09514df6685bda10284b23a32d,0,0,[],0,[]
293,0xcf0bddbc67c4db8c78240fdb1b55aab8fb2fb573,0,0,[],0,[]
294,0xcf0becc6da0fae262de2c0f9a4563f92e33826ba,0,0,[],0,[]
295,0xcf0c4a7d5d8317b6321bb8ef33f2f8eaa8084962,0,0,[],0,[]
296,0xcf0c618c60dee46ebb00e173114bad76fa08a376,0,0,[],0,[]
297,0xcf0c8601a9f448715958add0df3532a0d776f8d5,0,0,[],0,[]
298,0xcf0c88b7167e957df538c88df8861c7368058f60,0,0,[],0,[]
299,0xcf0ca9252e9c404521c0c4530ab2efdb333c890d,0,0,[],0,[]
300,0xcf0ccf5e6c632c98b927509e3ad907bd3f89b7a2,0,0,[],0,[]
301,0xcf0cd3eb1285264eb0e9ecbff9317d6b6ea14def,0,0,[],0,[]
302,0xcf0ce879de84a096d3c055d2f7799e04adf42682,0,0,[],0,[]
303,0xcf0d34a0613a2f4f06ccbcec2384c94f8458a2c2,0,0,[],0,[]
304,0xcf0d37b7e9d64bcab24e457e21c674cc87a6138a,0,0,[],0,[]
305,0xcf0d3afe05b17125012ad26bfc492da0b6de1d0e,0,0,[],0,[]
306,0xcf0d6470a4f6023561dc644cf37baceeb630d1da,0,0,[],0,[]
307,0xcf0db39cb83ee2bbefd859d603ea407263c0e0a8,0,0,[],0,[]
308,0xcf0de9100187325d2da34abb5556c361cfccf4bf,0,0,[],0,[]
309,0xcf0df56e67f469f390e5c458c9debd875b6a5eb3,0,0,[],0,[]
310,0xcf0e1cc9da3e7c3cfdf0ef671854458b3ef61234,0,0,[],0,[]
311,0xcf0e3f3be1d67a9d677776961187e4086047f84d,0,0,[],0,[]
312,0xcf0e46fb2c3e5b081bb1032668268fa592ed263a,0,0,[],0,[]
313,0xcf0e59e6a18bda8810da5d07553c28afa4540bad,0,0,[],0,[]
314,0xcf0e7f1b464984bd3bc3424e91657ee73dae83ac,0,0,[],0,[]
315,0xcf0edcfe425e5615c0bf0aaefa64dfe9d5d147d3,0,0,[],0,[]
316,0xcf0ef0adaec4b088f057cdf07f18a51ebda96bc3,0,0,[],0,[]
317,0xcf0f7ba62dd32955e0d9a3841a5a1811e9d530cb,0,0,[],0,[]
318,0xcf0f8246f32e74b47f3443d2544f7bc0d7d889e0,0,0,[],0,[]
319,0xcf0fa181686e98bd544e7f7f09363697c9d54b1a,0,0,[],0,[]
320,0xcf0fcb65157350f898b36244db683376171d9e3a,0,0,[],0,[]
321,0xcf0fd2e7c9da2d78a9dd88cf5706e0502bfe25b4,0,0,[],0,[]
322,0xcf0ff13f320a2ff1e6fa1cc366c1d4c27085e820,0,0,[],0,[]
323,0xcf101127c627370f400569068dbe640b664c055e,0,0,[],0,[]
324,0xcf101a1fdbf1f3529bd74c8a148520970e0388db,0,0,[],0,[]
325,0xcf103a7370932d499057121b43a10c6d366cee0d,0,0,[],0,[]
326,0xcf106acf0c8498f96ac1a6db1ef7d6deb21b59aa,0,0,[],0,[]
327,0xcf107eed81ec465cdf6f139033b058382f9d0484,0,0,[],0,[]
328,0xcf10c62b1a767aa3887811b6f9bb3cff53944c55,0,0,[],0,[]
329,0xcf10cd6dc2d745ac98658e329456be269a779045,0,0,[],0,[]
330,0xcf11259cfd0c3ecee4e50cc5ce16b53cfb4f247e,0,0,[],0,[]
331,0xcf113b9d9c77928b9d0d9f6dec5c9f32658ffbc9,0,0,[],0,[]
332,0xcf1192ecefb3ab5622c0cfac7e1e5ac76dcc5885,0,1,[{'id': '0xcf1192ecefb3ab5622c0cfac7e1e5ac76dcc5885'}],1,[]
333,0xcf11f10ffec6e66f9b673caf15fb2224331cab52,0,0,[],0,[]
334,0xcf12070dd7a51304f8abdc3916998262c26890ca,0,0,[],0,[]
335,0xcf1218841155166e3d8793d8ec11f36367e55862,0,0,[],0,[]
336,0xcf12373ea8d9d54c9da5f8c538ee56cdad3d6c86,0,0,[],0,[]
337,0xcf12750f78412326e206b4f54e1c21b65be4e621,0,0,[],0,[]
338,0xcf12d7abd1513a8759073bf312df1d01a0979a05,0,0,[],0,[]
339,0xcf13636afb32bd078b892af6b94b7d56ae5873ac,0,0,[],0,[]
340,0xcf13e1437df55d51ff31aec4355816ab3351031e,0,0,[],0,[]
341,0xcf13f1af398058502bb47db13393a8c146065788,0,0,[],0,[]
342,0xcf13fa4920a4d5f25ca286b722b8ac4f0d557d0c,0,0,[],0,[]
343,0xcf140dbf547021e3a05ed813caf5d3ba08aabe2d,0,0,[],0,[]
344,0xcf14164413553443a8e47e49bc082cc7bf31bbcf,0,0,[],0,[]
345,0xcf1432e9c17e091a464f958325556bd1924bd301,0,0,[],0,[]
346,0xcf14f10fe154f8a9692922f3229e8c0d61cb82da,0,0,[],0,[]
347,0xcf15757ac2ba79a8286fb8f4476ba1d729ad3531,0,0,[],0,[]
348,0xcf1608c25d4f78340c1354e9dd9f836cb2f796f6,0,0,[],0,[]
349,0xcf161214fb8ca014d6e4d7eaabbd9d24918c92b3,0,0,[],0,[]
350,0xcf163074f7f31acd0bb14f39529d0dd1ce937191,0,0,[],0,[]
351,0xcf164303f38829d3da5ae58a5f64dd9d57579e4e,0,0,[],0,[]
352,0xcf164dc75c3e192892cc64c23566e024bb8d4565,0,0,[],0,[]
353,0xcf164de9f7c011d5906a0da525ad27b5038dd43d,0,0,[],0,[]
354,0xcf16709736325e2715881dfce96836745297a7f7,0,0,[],0,[]
355,0xcf16d1925638f986e7c588a4d5da02af1a9fcd8d,0,0,[],0,[]
356,0xcf1714b7331f9a996c68aa097be773239f6dd204,0,0,[],0,[]
357,0xcf172a8553c821b64c65b462fe56e0a2cfbc3a0e,0,0,[],0,[]
358,0xcf17543b1b5d6208a4a1d5d47f63146bed60e657,0,0,[],0,[]
359,0xcf176eb705390038f518513ad20ae50b715a1776,0,0,[],0,[]
360,0xcf17738ae56ddd44fdee806603ff7cc360259c58,0,0,[],0,[]
361,0xcf1787e5718462438eaf880cb63f03be3040dcd4,0,0,[],0,[]
362,0xcf17e1c05ce8b1e3be75025c48fb60e65e56967f,0,0,[],0,[]
363,0xcf17fad178c792854008ecb678fa896f28a0d3dd,0,0,[],0,[]
364,0xcf1808fac1d6e936c52412006830130ac45ee8ee,0,0,[],0,[]
365,0xcf18597ed44db249dbbcefd9725c8f079b778def,0,0,[],0,[]
366,0xcf188878ce10d8d155a8549a13004f075ab57935,0,0,[],0,[]
367,0xcf188b7927722aa2b6b4d9c90775d3e0d9c08c6b,0,0,[],0,[]
368,0xcf18f0e89125398edd2db03f185ffec0808986bd,0,0,[],0,[]
369,0xcf19c3f5f070d6cef57d582e062d4880c442dae1,0,0,[],0,[]
370,0xcf19ca7d852919a8a5ad7893e1d41d14e433eb98,0,0,[],0,[]
371,0xcf1a352fb48fd17ca9bc8a7818bfd1fb2953f753,0,0,[],0,[]
372,0xcf1add368f40db29a9d59ef6cbfa011c1b133780,0,0,[],0,[]
373,0xcf1b5c7a9cc20599e76ba27011e71503114c656b,0,0,[],0,[]
374,0xcf1b7a8f10e22ac14110e99345d510f05d09732d,0,0,[],0,[]
375,0xcf1ba603710eda21fc168363e32b371abff1c95e,0,0,[],0,[]
376,0xcf1ba840ed29a2a8b742298e99e314921aefdedf,0,0,[],0,[]
377,0xcf1bc800c84adc125f4d565da41e1740c2461abb,0,0,[],0,[]
378,0xcf1bee668522a26f4e4447a9463b563befc93d28,0,0,[],0,[]
379,0xcf1c238b89043234b9173ae4cdfebec0e3dd8fe0,0,0,[],0,[]
380,0xcf1c70eb7a9f79333a344af3b4638fc0f73a4751,0,0,[],0,[]
381,0xcf1cc0d3cd72315d1910c6d8874db583ba1d8b2c,0,0,[],0,[]
382,0xcf1ce35c195125995ed29561d9f4297931a40721,0,0,[],0,[]
383,0xcf1cfe6c72a558ac25a2b39e3f9da42439824dea,0,0,[],0,[]
384,0xcf1d94c4ea094d529809922b1883e82e92d1ef44,0,0,[],0,[]
385,0xcf1dc8b25c6988357bd9fd879a65cefb2adca757,0,0,[],0,[]
386,0xcf1dd39b3ebaa34821146bc94a0c2cfc599479cf,0,0,[],0,[]
387,0xcf1df8293dd606d175349ba8caafbe1fec4792e9,0,0,[],0,[]
388,0xcf1e264b0b8fa3cd014cd7d32a81f5b46bc06250,0,0,[],0,[]
389,0xcf1e415c10a176b41cf258fd646c0125e29126c7,0,0,[],0,[]
390,0xcf1e6ab6017fc846c4a47aaf2c8ed643425a221c,0,0,[],0,[]
391,0xcf1f73ad0a2cbf85bfbf79a3a413251b78204c94,0,0,[],0,[]
392,0xcf1f9c927863baa15eed15ab86a3161c1b209933,0,0,[],0,[]
393,0xcf1fbaf11550a0ed7f0af3d2a5edd259efc6227d,0,0,[],0,[]
394,0xcf1fc2806c464f63b1394a45e0e6a12fd492bd9e,0,0,[],0,[]
395,0xcf2012cfb69b4119b36e5c32b93196e86467570e,0,0,[],0,[]
396,0xcf2065b93238ea0717cbd6ff5a3a58f4684c6d3f,0,0,[],0,[]
397,0xcf207a13ebd2ae54835044872102736abc0ccac7,0,0,[],0,[]
398,0xcf20ae1564e346d2e21afcdbdee51efe3eb77ac7,0,0,[],0,[]
399,0xcf20b3d4a5065495086a2d6385a96b78260feb33,0,0,[],0,[]
400,0xcf20bfa68f1be374a2dcfd1e3305acf17eef35a3,0,0,[],0,[]
401,0xcf20ccaa1e16189a4387d0f4dc78beeb02950d1d,0,0,[],0,[]
402,0xcf20d98033a4d633252c7de21f8cbfacc62c394e,0,0,[],0,[]
403,0xcf21798b9721e132a1012c80884ec8bcf51022a0,0,0,[],0,[]
404,0xcf21c86aa5eda9f071f5e3bbd49548620094d828,0,0,[],0,[]
405,0xcf21e3cd539a90e0a7cf87355c0eca5233359eb7,0,0,[],0,[]
406,0xcf21f21937f520b22955a1a4c523e2bb94954c80,0,0,[],0,[]
407,0xcf22013bd5ccdb36cb08c228666b79e6e9d402d4,0,0,[],0,[]
408,0xcf221dd92fa622a86603422941eedc1a0363c9b6,0,0,[],1,[]
409,0xcf221f22eab4e5b6e890037a731fd49ab5433389,0,0,[],0,[]
410,0xcf224cb621666d6ee5822426edf52689f09f4685,0,0,[],0,[]
411,0xcf22efc031f4cbfa334c0cb9e69c25debcc2a75a,0,0,[],0,[]
412,0xcf22f7a8d722efc9b23410e9c246ffb6a9920bcd,0,0,[],0,[]
413,0xcf2300db026a57c2f562b492dff3c9543e17fa45,0,0,[],0,[]
414,0xcf231d9609bb06dfffc153bbc016b1b93172592d,0,0,[],0,[]
415,0xcf2321e69dfdfeff03be040f5ab70519b04295fd,0,0,[],0,[]
416,0xcf239d6fdcc9814401c635e67c3e185b8d26bacf,0,0,[],0,[]
417,0xcf23b686bce16d84fc50713c1323f200ed50c5f5,0,0,[],0,[]
418,0xcf23f61c682f61af55af53010f9fbb5ac273bea0,0,0,[],0,[]
419,0xcf2410bafdd5961879b6ac673fa4eafa7cbcc572,0,0,[],0,[]
420,0xcf2440c80315908944af16e60a23c7cb71530d7f,0,0,[],0,[]
421,0xcf248c00ec253fea7f27b899c703f33e2917b419,0,0,[],0,[]
422,0xcf2494fe6e23b0ee4ec17d187c554f15deecc20b,0,0,[],0,[]
423,0xcf24e68e10018048a51e7a9cf6c1d396752a48bc,0,0,[],0,[]
424,0xcf24f3e92c9b02e8d1ee0c9f7e62bb7c4035bf52,0,0,[],0,[]
425,0xcf24fc93f86538e0bd73692c29f1648b2bc34518,0,0,[],0,[]
426,0xcf251dc19ee3f36f7ad6c6984f48c692ac584a3e,0,0,[],0,[]
427,0xcf251f8549764d996414a4918d3f691949f31978,0,0,[],0,[]
428,0xcf258d1f442936f0b8e1563fbe111f46cae64957,0,0,[],0,[]
429,0xcf25a97b438cdac16f89a4174bada1f79ace7e10,0,0,[],0,[]
430,0xcf25ad03d348e22eedf3017c4f3375cc073b5d9f,0,0,[],0,[]
431,0xcf25e1e7cff29acea07106869f4585db01f9a1d8,0,0,[],0,[]
432,0xcf25e259543b576b3cadfe8b02d365fef23f8939,0,0,[],0,[]
433,0xcf25f663954157984d9915e9e7f7d2f1ef860f5c,0,0,[],0,[]
434,0xcf2683b7b16e629b0e72636f45849d9442b45e41,0,0,[],0,[]
435,0xcf26faadffbdea951e5f4913b14dc105ed6d4375,0,0,[],0,[]
436,0xcf276a0a972c504b88224e92d047b3dad6a4a426,0,0,[],0,[]
437,0xcf276b96290d63db8c2021d5028ce02949108e24,0,0,[],0,[]
438,0xcf2780f09404e92385034625981a2c05f549a36a,0,0,[],0,[]
439,0xcf2788c29bfb6ea77da3630f52bd089a44f939ae,0,0,[],0,[]
440,0xcf27cc8f56697dc6a32c965ac04655e04e346dee,0,0,[],0,[]
441,0xcf27ec0ae6f3c4aff868b2a19f8dad58cdc8730c,0,0,[],0,[]
442,0xcf2830188b0afc86deec8ff7108cde9939641cf5,0,0,[],0,[]
443,0xcf284152f4f481b3f96c1234cc3ede3f5aa92afc,0,0,[],0,[]
444,0xcf28a0ee6ac65f849a70833b2b80c00e21b93e07,0,0,[],0,[]
445,0xcf28a73bd74e51f603bd22185cd8553f5ba39b29,0,0,[],0,[]
446,0xcf28b10289ebe236a703963d034ef43e3485442a,0,0,[],0,[]
447,0xcf2907224854d7412c84d7b7818a149bc7245ebe,0,1,[{'id': '0xcf2907224854d7412c84d7b7818a149bc7245ebe'}],1,[]
448,0xcf292e205482a00f058c0ec57d1e002214e68646,0,0,[],0,[]
449,0xcf29344e5e58faeaa942dd0d6eda6727efa4fa09,0,0,[],0,[]
450,0xcf29e5920ff8036c764b256a8ba4340a336c940b,0,0,[],0,[]
451,0xcf2a1afe14bc0c9ecbda9142415c078d76c3325a,0,0,[],0,[]
452,0xcf2a80c51b1eeed726d465dd05071ea3f24f6c6e,0,0,[],0,[]
453,0xcf2aaf3d242d2ce214f1ad92cb27410ee4df91a9,0,0,[],0,[]
454,0xcf2ab1d6df5b116f95e68f177f15a3ad38acf61f,0,0,[],0,[]
455,0xcf2ab583582b2dd80b9b434f7546598f6e8f5a74,0,0,[],0,[]
456,0xcf2aba23f986e422d9b1bf50fa3e6b60db30f560,0,0,[],0,[]
457,0xcf2acd3028eec1984e52bf4df9ee4ec957aa1de5,0,0,[],0,[]
458,0xcf2adcf43e7be032dda135710e88fe696c328983,0,0,[],0,[]
459,0xcf2b5b9527fe642a764c138a3e10514efc54321b,0,0,[],0,[]
460,0xcf2b7c6bc98bfe0d6138a25a3b6162b51f75e05d,0,0,[],0,[]
461,0xcf2bb52c90180ddbf6c0b0995418a5fd32018892,0,0,[],0,[]
462,0xcf2bd7517ee9b7f56f803cd4e29e9bef0b1f41e4,0,0,[],0,[]
463,0xcf2bdcace12c2501e8791eed31a7dc77c49d53dd,0,0,[],0,[]
464,0xcf2be13b0fffe41757008de74e0ba78c890f1d53,0,0,[],0,[]
465,0xcf2bf1bd6e5859188e242f5527b1f52fd9ad73e1,0,0,[],0,[]
466,0xcf2bf285e6c8aadff99c3aa70be422191237ec9f,0,0,[],0,[]
467,0xcf2c34926652ea6a76144031743056023bcd350e,0,0,[],0,[]
468,0xcf2c713974f0745f7250d0acf2fc40ed7897d08e,0,0,[],0,[]
469,0xcf2c8d40bfd112ff05f853f7130e7e96000a2b48,0,0,[],0,[]
470,0xcf2ca4bfcedf6852a8334d3f8425733fe750fb8a,0,0,[],0,[]
471,0xcf2d368408581ac96283ffd809d151d86ea7d199,0,0,[],0,[]
472,0xcf2d6df31825bc424ae44e7c0ed63416544a00d4,0,0,[],0,[]
473,0xcf2d74be6ea612f64ac87af07c1c47d522ba361a,0,0,[],0,[]
474,0xcf2d95a35fa3757ba8b8a405ad3f8feb8d6eb029,0,0,[],0,[]
475,0xcf2dc714c8da8ddaaa664ab3fda61c99a6f2549c,0,0,[],0,[]
476,0xcf2dfbde078ca09376fdc3545865aeb2f9bc7885,0,0,[],0,[]
477,0xcf2e06b2b37ea0dd4c1669c269fa89776b35eeba,0,0,[],0,[]
478,0xcf2e1c8bc5d95b5e69379570db132bf895c6605d,0,0,[],0,[]
479,0xcf2e48cc58737bd6743c9adf2378fb7c02c1d573,0,0,[],0,[]
480,0xcf2e626199b5b735ebb0b9d3365c5e0dba74b507,0,0,[],0,[]
481,0xcf2e672d4af446293c65181e268e40ddcc270c30,0,0,[],0,[]
482,0xcf2e9c101138d189523e1c45d6cb7639ea5170b0,0,0,[],0,[]
483,0xcf2ed0c3f54cda0fd409f0d0b05b5b7411580f3e,0,0,[],0,[]
484,0xcf2efb84bed46633462fce35193e9abaf5a2cc00,0,0,[],0,[]
485,0xcf2fdea458bc230e5e78f8fd6296262291eba2b9,0,0,[],0,[]
486,0xcf2fe75254e463f3b1bfc12c288576dbf8ab2449,0,0,[],0,[]
487,0xcf2fedb095971192d44d2ee86f86a66e5274d584,0,0,[],0,[]
488,0xcf30312ad2be3f7a33fe4541cdaf44dbd31629b4,0,0,[],0,[]
489,0xcf303f0917b932eca04133ee6102be385bc0b3ef,0,0,[],0,[]
490,0xcf30900eff5d4e976f8459c3a45943754b6efce4,0,0,[],0,[]
491,0xcf30dbf8f23e3c61293a37918301b31c75e314b9,0,0,[],0,[]
492,0xcf3106c6bd9ec094cc673fd5e35e1f316f1cff5f,0,0,[],0,[]
493,0xcf31307bd19dda86d38c41828a891ab7e00ba600,0,0,[],0,[]
494,0xcf319c44d09d4775ec5b4176d4664fb9a8fd9ce6,0,0,[],0,[]
495,0xcf31babe4f0c95d84d05dcdd60cc789406b5cfc7,0,0,[],0,[]
496,0xcf323e1bd772104c29f709ecec1c676604a71e81,0,1,[{'id': '0xcf323e1bd772104c29f709ecec1c676604a71e81'}],1,[]
497,0xcf32631fc7c2cb7a315310833fd080f48615218a,0,0,[],0,[]
498,0xcf3290b7079b77e23ad4e02af9ca1298568e85f8,0,0,[],0,[]
499,0xcf32c794e2bd6eabca6e2d9308008eff27196aac,0,0,[],0,[]
500,0xcf3307c06cd7da2024527133d2b23653e3ee6aae,0,0,[],0,[]
501,0xcf33137f92eec5033410fb2f5835b3a733d21b2f,0,0,[],0,[]
502,0xcf3349be25bc84e02a05f0a9d3e252d69c03e1e5,0,0,[],0,[]
503,0xcf3349e34814f13df085776893f1337890078b16,0,0,[],0,[]
504,0xcf334ed02372fbef027d31a7db5dd20a54d5f00f,0,0,[],0,[]
505,0xcf339f83ef2c7fb646c21e7cd8088dc91ca83994,0,0,[],0,[]
506,0xcf33bf8f2947b0fbc09d28c71d965ed10d5a0cd8,0,0,[],0,[]
507,0xcf33e0ea04628f3f8512fca650be3183a9d1e295,0,0,[],0,[]
508,0xcf33e32e6440221892dcf5d632659b9410c9c903,0,0,[],0,[]
509,0xcf33f442e20243237a86e3ada7127982ca323e63,0,0,[],0,[]
510,0xcf33f690ccef92f95078001a97632c9e90ae5a2e,0,0,[],0,[]
511,0xcf3413b11ca696b674b5529b9991b68d41b2781b,0,0,[],0,[]
512,0xcf343548e41bb0f082f67a143cc547ccfdf02706,0,0,[],0,[]
513,0xcf3476ccdeafc9b4b705e4a348701be5a6f38266,0,0,[],0,[]
514,0xcf34f060c00777e38a8b5b0c475d084f1cf71d8b,0,0,[],0,[]
515,0xcf353251b47bffe7a007416b8a83b9301a99d40f,0,0,[],0,[]
516,0xcf35b56a416584d1ad4dae1f60793466303da2f6,0,0,[],0,[]
517,0xcf35c2f001d82c2dd9d6aa4aa0cf80504138a2cb,0,0,[],0,[]
518,0xcf35d508d1e7e673989c988204313e761d20802d,0,0,[],0,[]
519,0xcf35e9cb3fe1966d51c619186f88ce95771fbe61,0,0,[],0,[]
520,0xcf361b853f160a2f1eec0c2b1c7cbcb0c0e0c15e,0,0,[],0,[]
521,0xcf361cbba631c0b83250781ea3ac1a8a9a49a34f,0,0,[],0,[]
522,0xcf369395241dd9d28f9b4655773df2f71d9cc84a,0,0,[],0,[]
523,0xcf369d9055dac621bba88d1398bb1dc80adf9a9b,0,0,[],0,[]
524,0xcf373d0507aada03c5f75157c2aff770df4b8d5d,0,0,[],0,[]
525,0xcf375715aa446192876fe678f1d6e12562a12a4a,0,0,[],0,[]
526,0xcf3758d2bfd2b077009a025cf590e0cbd5bfe3ea,0,0,[],0,[]
527,0xcf37822dc4510adad2957174d2b9cc99782da7f3,0,0,[],0,[]
528,0xcf3787ac4a17d748356f2673952b3c15f6fc417f,0,0,[],0,[]
529,0xcf3791caa23b2c476eade90d9b30c57323ad48ce,0,0,[],0,[]
530,0xcf379daa6a6d1cf576b8da3d4b43096f1364902a,0,0,[],0,[]
531,0xcf37b2d3c2ac33e698154070ad7e5d70cb1676ce,0,0,[],0,[]
532,0xcf37e443fe954f77e7831bb08ddd62d54d658407,0,0,[],0,[]
533,0xcf37e97dd1053cb866ca35b5ddb30bdba49c981c,0,0,[],0,[]
534,0xcf3828e5f709f23e8eb8c671dc1ab0de5d0a7743,0,0,[],0,[]
535,0xcf38762016fc9510162164d873c7bc1769c4fa1b,0,0,[],0,[]
536,0xcf3877f10663895430939c6b41968c25c3758cdb,0,0,[],0,[]
537,0xcf388e3e5742c8b78ff13bf07445da255a124248,0,0,[],0,[]
538,0xcf38928a6855bf830f28a5dfeedb3e853e6222a6,0,0,[],0,[]
539,0xcf39188f0667eb78b694384f331ccccf5ee1f21a,0,0,[],0,[]
540,0xcf3946b59e47ebed13d719667e3944589d771183,0,0,[],0,[]
541,0xcf397b2ccacd42c6167bb7ee48544dd2262a2c61,0,0,[],0,[]
542,0xcf398a64386fb0bae8512616e876a9122e96cbad,0,0,[],0,[]
543,0xcf39b02e566d445cc7a3e4c013824a88279160dd,0,0,[],0,[]
544,0xcf3a381dc69e5e255e95f69ed4b7f1cdc3d24709,0,0,[],0,[]
545,0xcf3a4a0dda2e5d94ef6d30d218cff62252c32cd1,0,0,[],0,[]
546,0xcf3ad6c9d1839705bac02fb3701a933ecd9ab9e8,0,0,[],6,[]
547,0xcf3ae1cc820b3e4e6e2e8023538b96efdb86661b,0,0,[],0,[]
548,0xcf3afba266948d51f20b085a83abecb803d5fd9e,0,0,[],0,[]
549,0xcf3b2fb330c46c8168ce663dec970b5473ef9520,0,0,[],0,[]
550,0xcf3b39355375f865784f86a69ddf36c6ea7c7577,0,0,[],0,[]
551,0xcf3b3be5bac8ef26b44563528d4494e554205c0f,0,0,[],0,[]
552,0xcf3b6dd24bb15ca08dc04e6dd69a07c31eb60ed2,0,0,[],0,[]
553,0xcf3bae9f617670bbe689aaeca4543e540091db9a,0,0,[],0,[]
554,0xcf3bec3d24b578a9c259dc2d1e30790f9299f6d4,0,0,[],0,[]
555,0xcf3c72fb2b320ec127289bb539e1daca489f1878,0,0,[],0,[]
556,0xcf3c96b0f299208b085fd3746ffb9a6fe5482523,0,0,[],0,[]
557,0xcf3ca8244e63032eb1b8b67a6d54ce2381cca1b5,0,0,[],0,[]
558,0xcf3ccb5f9a276a2801bf48bde8dab9951f6f0ccd,0,0,[],0,[]
559,0xcf3cce912434f25fb9bda3a5ecbc375a049fbc99,0,0,[],0,[]
560,0xcf3e3be161079ba4b63369b74c10e92c5be29897,0,0,[],0,[]
561,0xcf3e3f48d70a416b6130b3176a95f89f7b15c441,0,0,[],0,[]
562,0xcf3e45b271ba78923af1e287159b6667a1867a3a,0,0,[],0,[]
563,0xcf3ea17855dc7f0765830cfb535ec268d786d611,0,0,[],0,[]
564,0xcf3eab8c6b1e872bfd0e97c43f00698d09c07e6d,0,0,[],0,[]
565,0xcf3eba12922c6dd4f46dccf10a3c262153c0fe0c,0,0,[],0,[]
566,0xcf3f0bd19ce9ab889fa08045f2967998394eeb37,0,0,[],0,[]
567,0xcf3f16175b264c23436e327cf00d4f24a27bc345,0,0,[],2,[]
568,0xcf3f506e644d5a28a618c853f7ab6c8ac9cefb7b,0,0,[],0,[]
569,0xcf3fedb5798e3ee8fa8223f824739def0d2d92bf,0,0,[],0,[]
570,0xcf40242c5f0ea306deb414fd38d78f6f8d7f5ad0,0,0,[],0,[]
571,0xcf40d766ef8392ec7b05c866b5c3e42bcb4db902,0,0,[],0,[]
572,0xcf40f910427aaba80bd2c751c83d790b57d9135c,0,0,[],0,[]
573,0xcf419f51f9c40d50e7abb067ca3ee70984c1984d,0,0,[],0,[]
574,0xcf41af0e91fdc09a2adf391e2f9d44b0eee1ee7e,0,0,[],0,[]
575,0xcf41afd74725b86fcfe0a14c7f7162f2eff72fec,0,0,[],0,[]
576,0xcf41bf8a499dfff5fd25edee80bb5e51c27a4b90,0,0,[],0,[]
577,0xcf42122320ada8bcf8d790c2ab5670d7060486b0,0,0,[],0,[]
578,0xcf4222d4b19c03cf42e8f867477e88e534711975,0,0,[],0,[]
579,0xcf423b5a37d765d5ae9298bc9654dfcaccb065db,0,0,[],0,[]
580,0xcf42b76190a91f3c7aa87d99c66ddde8ba37c19e,0,0,[],0,[]
581,0xcf42fee03d446739b7395c3ee18920a5d5b3e491,0,0,[],0,[]
582,0xcf4311ebc3279db332b4437df35e74736983d13f,0,0,[],0,[]
583,0xcf4355451050aee0e6400b6c6fc5ab9d59a25dff,0,0,[],0,[]
584,0xcf43846112c4a0202ca1620bf16fd6276a8d5d5f,0,0,[],0,[]
585,0xcf439417012a14de35005a89d6cf3ad2898e7f1c,0,0,[],0,[]
586,0xcf43e9a2f9ed4810de89ae08d88445d8ccf63ab1,0,0,[],0,[]
587,0xcf4418922872adaef67e193759145d8910c19ac7,0,0,[],0,[]
588,0xcf441d255da2beec3a826d2354f3a8d59646fbc4,0,0,[],0,[]
589,0xcf44816df850a0409cea51b10bf054cda75bd724,0,0,[],0,[]
590,0xcf44b34c73e6fa811fe776a916bebcbf1cb745fe,0,0,[],0,[]
591,0xcf44bdb5ed042c0e87e390cfc115b7e2dbc8a59b,0,0,[],0,[]
592,0xcf4504e35c106c0ffb066bccb0da62f98414484a,0,0,[],0,[]
593,0xcf45462a9e32c0b80cc0582240eaecee53a21616,0,0,[],0,[]
594,0xcf458058bd6fb9abdc07959cfe323135a7d7c46e,0,0,[],0,[]
595,0xcf45c77d02c16bada6d51e9446fcb9e40497997a,0,0,[],0,[]
596,0xcf45d866cd9d869d753c4f0f2649dc40f58b0a19,0,0,[],0,[]
597,0xcf46046208909b9c4339025b81db0670ea3b1e58,0,0,[],2,[]
598,0xcf4619136f67ec49e630b4c110c7dd85a992f25a,0,0,[],0,[]
599,0xcf463fea15508d554944846cde284abcf2f045c6,0,0,[],0,[]
600,0xcf4655959da3da594a0d988bc0f2f7f15d8e194a,0,0,[],0,[]
601,0xcf46e61c891dd651e1527efffa538ede96d420ad,0,0,[],0,[]
602,0xcf47229fadd2bdc32fbafd8c34f54fa18c8834c8,0,0,[],0,[]
603,0xcf472bac1f1031adf796a39f4a7a37ad4c5b3c4b,0,0,[],0,[]
604,0xcf47314878259febf1464f4428f1bdcb1c0421ea,0,0,[],0,[]
605,0xcf47427fdad3fdbac56cacaf9fdf049e72a4cfb4,0,0,[],0,[]
606,0xcf47524dd004a822481f64b7439685f17666f9f3,0,0,[],0,[]
607,0xcf47b864d045aa910c628ef1793ab83bfa6c9092,0,0,[],0,[]
608,0xcf47e850176e2230fa1902ce6b854674a1e23c97,0,0,[],0,[]
609,0xcf4816b68cec03cf63bce8443cca45f1a752acee,0,0,[],0,[]
610,0xcf48c6a8497239babdcd18647c14c628e26cbdb4,0,0,[],0,[]
611,0xcf48fa3ecda0b6098524e04b89ce90681e6eee17,0,0,[],0,[]
612,0xcf490dedc621e558317995dd448b1f08d86c54d9,0,0,[],0,[]
613,0xcf49165078cbcd52481c4fb25fe4e6017be61bd8,0,0,[],0,[]
614,0xcf49b2151b49bc15a4741e6df04aba803757e023,0,0,[],0,[]
615,0xcf49e65a5cbb814ba102ceb430ad9d6e74644ce9,0,0,[],0,[]
616,0xcf49f53d2974e403909d79f74c9fd5478055be31,0,0,[],0,[]
617,0xcf4a3fa892be7f8e611dbae7a801acd072723585,0,0,[],0,[]
618,0xcf4af08aba89fcf0fb6d280270e0d8a7220fb2eb,0,0,[],0,[]
619,0xcf4b92828c30f9691545e2d719ee35d4947a2de3,0,0,[],0,[]
620,0xcf4ba619426a846a8d29f196db5d9ff5d07a2392,0,0,[],0,[]
621,0xcf4ba7e158dfb76ba274b74db4cccbe7365b487c,0,0,[],0,[]
622,0xcf4bb35647056e54c492c5f7d8164c752eddde49,0,0,[],0,[]
623,0xcf4bc97a9ba1efd421e09c686500cf685bb1ebd6,0,0,[],0,[]
624,0xcf4bede07a26471142e536ccfce28f43d199082d,0,0,[],0,[]
625,0xcf4c00b4baca3dd93304a16da90bbef1d4a30954,0,0,[],0,[]
626,0xcf4c4bf9362fa55c1f72dee953c6ed2a7ea69d66,0,0,[],0,[]
627,0xcf4c7a048842071d3d0619316467786fb1b39893,0,0,[],0,[]
628,0xcf4ce849b207353255262437d6d5135deebe06e0,0,0,[],0,[]
629,0xcf4cf5045554791fb0276225aa01ad1d17e7078a,0,0,[],0,[]
630,0xcf4d517d60c632d8fb470008092715d55f57fb7a,0,0,[],0,[]
631,0xcf4defce09a738f653f44c9f19c25e61d9153271,0,0,[],0,[]
632,0xcf4df855e5ae2ce95eb9fae4e92a875a9e3c573c,0,0,[],0,[]
633,0xcf4e6d980f358d00ab48f3d5364bbbd2163915d9,0,0,[],0,[]
634,0xcf4e74ce7e5b330f31298c81966547a518540aca,0,0,[],0,[]
635,0xcf4ea613c6b7f3e3962b4d228b0a91ca69406d76,0,0,[],0,[]
636,0xcf4f058bdb0afcd2139bfe8a8ae71d0e2e1eb9da,0,0,[],0,[]
637,0xcf4f27a00e789b7919c4ad61c03c796794908962,0,0,[],0,[]
638,0xcf4f4c3066ce3fc714e78c8fbd927a3715f59b01,0,0,[],0,[]
639,0xcf503b23313667966cbb58b8a40f00097d394d54,0,0,[],0,[]
640,0xcf505a178e26884735d914c377abcf0a450b1a8b,0,0,[],0,[]
641,0xcf509cd53da1b995c3645c8dc6eeb66bea6b650b,0,0,[],0,[]
642,0xcf50ade4a0d8764f1afa19ffe1122d2278ca0274,0,0,[],0,[]
643,0xcf50c5017bf84cb11415d78ccf02306e9bb038fc,0,0,[],0,[]
644,0xcf50cc4ea52bcacd9c5c9bfec694f996384ac2ff,0,0,[],0,[]
645,0xcf50d0d699dc01091822133601337c66d8f655ca,0,0,[],0,[]
646,0xcf50fb42926b255747fb8b0ea8e26d4e66952ca4,0,0,[],0,[]
647,0xcf51c94ef90e29cb8cfb772625608cc503dbd949,0,0,[],0,[]
648,0xcf51ccb781210081f405a60355e97f846c44ab32,0,0,[],0,[]
649,0xcf51d046834828954208f275ac2b221a9da6af76,0,0,[],0,[]
650,0xcf520f9e744091a98f3874d042338ceeff1c69ca,0,0,[],0,[]
651,0xcf527b930ca4889906a99865cffa705b96fef688,0,0,[],0,[]
652,0xcf528048e8c64c8feca67678bf7ab9560b88d75e,0,0,[],0,[]
653,0xcf52d9b34723c130e964a8b3354c0397c58d28bd,0,0,[],0,[]
654,0xcf52ea60079c2409eb7dfc3fef5bf406caa32606,0,0,[],0,[]
655,0xcf52ed903a18032f3871cba7e86dd9f34fac7b9a,0,0,[],0,[]
656,0xcf53109c836b9fb148a83336ea4c1f1239ffd195,0,0,[],0,[]
657,0xcf531b346f1f21de82c341519a2b8ad88dfa297f,0,0,[],0,[]
658,0xcf5322f5f7e44cd1798786d3728aedf77bab4e7a,0,0,[],0,[]
659,0xcf538f95e5558c448722d6b9fb300fef3ecac92b,0,0,[],0,[]
660,0xcf53b8c6cdacc7aa1c7292af7fc9a38fd0931111,0,0,[],0,[]
661,0xcf540bb4a16c3ff4c13ccf8aaf7ef61133312756,0,0,[],0,[]
662,0xcf5428419a4574b9eddbae75b78327f79539752e,0,0,[],0,[]
663,0xcf544b38c584c69d77c5d9eaa250718e47041e60,0,0,[],0,[]
664,0xcf5527a76e88564f73eac78fe235dac7065a142d,0,0,[],0,[]
665,0xcf55af377a32916ee1c83c0261fee737fd37f6f1,0,0,[],0,[]
666,0xcf55be98e07a44c0fa76430842217c8cf671178c,0,0,[],0,[]
667,0xcf5670bdeb372bdfeae431f58da94c6281321f04,0,0,[],0,[]
668,0xcf569980b0aa724e52e825585d1259951ee8fe51,0,0,[],0,[]
669,0xcf56ca3c70efcb7e5a123518143ffd9fd2f19606,0,0,[],0,[]
670,0xcf56ccad3dc312594b1798a03623138a297e3b0e,0,0,[],0,[]
671,0xcf572c581e265587e8bcc6a87cf610ead5bf07d4,0,0,[],0,[]
672,0xcf57644443caeebb3d096eb2b62f248a680952be,0,0,[],0,[]
673,0xcf579422328138b6e99ba8b2635aed8921358bbd,0,0,[],0,[]
674,0xcf579c8b2b2aafbecbdcbf63796e6d6a19c58d4b,0,0,[],0,[]
675,0xcf57d7f27c6b2ed9bc8d31a5aec587f47b077e3b,0,0,[],0,[]
676,0xcf57efea83c68ef06533b4b8800311fd97429a5f,0,0,[],0,[]
677,0xcf57f32afae9a897cddaf17d4c727fe52294484e,0,0,[],0,[]
678,0xcf5805e3d957c1f9267b712913053934f785f09b,0,0,[],0,[]
679,0xcf584789fcc87431863151f74590dc887900dde0,0,0,[],0,[]
680,0xcf584f09ee8462c7591b7d1987ad47037ca76175,0,0,[],0,[]
681,0xcf58593ed06bccd3896c1a32bbf3ce5171558eef,0,0,[],0,[]
682,0xcf587f9b3950683b8f939e1988a754d9d55c0f6b,0,0,[],0,[]
683,0xcf58820a4c4890427754a1954b6924876ae157d8,0,0,[],0,[]
684,0xcf589e99a35e63a1ac4a94c2effb45703b83f8dc,0,0,[],0,[]
685,0xcf58e137486b0292759252ab0009ed4382e14be0,0,0,[],0,[]
686,0xcf58eac3c7d16796aea617a7e2461c99cacdff1d,0,0,[],0,[]
687,0xcf58fb158a272d7a279985f92097b2c0db0c383e,0,0,[],0,[]
688,0xcf5944718d43bd614d9a7e92502ee22035c7b6f4,0,0,[],0,[]
689,0xcf5991646bff19e0494d179250e4dde26a88ce13,0,0,[],0,[]
690,0xcf59a7fc1654425a0ec8eb74c48c2375086d8ef1,0,0,[],0,[]
691,0xcf5a1cf8ecc521c61f530afe9d6b885d67ce48c7,0,0,[],0,[]
692,0xcf5a9ddecca3d23c4928114ab353b0e3eaffd618,0,0,[],0,[]
693,0xcf5a9fb2bcaa691e3dce26c8310cf046fb10e922,0,0,[],0,[]
694,0xcf5bb817fe57ace7802c9d84362cdd694b0f83a4,0,0,[],0,[]
695,0xcf5bbeed85cff3e0ae1a9aa727b762ef92586e53,0,0,[],0,[]
696,0xcf5bebc184415c3a2feb851c5ff624ebc494fce8,0,0,[],0,[]
697,0xcf5bfd393d0a4cca49656ed488a720d662cb518b,0,0,[],0,[]
698,0xcf5c2857d7be9bed04e7124e31566bb46429a835,0,0,[],0,[]
699,0xcf5c41a3dead60408920ccc033c11f573d6bfad0,0,0,[],0,[]
700,0xcf5c46478af5cadae89cc25e81c01704ecda4976,0,0,[],0,[]
701,0xcf5c721af046e378c5e64064c5b9fb46b7cca55f,0,0,[],0,[]
702,0xcf5cb2a39741289ebfece357bf08845e7b3e63f8,0,0,[],0,[]
703,0xcf5cc24793cc12696a9d4d155b6e40b45d380fec,0,0,[],0,[]
704,0xcf5d1aba69f9a482093111e112d7434397fd9bfc,0,0,[],0,[]
705,0xcf5d1badc055ae644ac632382b5e2acbbe0327d7,0,0,[],0,[]
706,0xcf5d2a1b52e3c779415f59a884b3ef2b25b55194,0,0,[],0,[]
707,0xcf5d5af2b6bbb43db210b00471ee92892f2afd4b,0,0,[],0,[]
708,0xcf5d665f6e1bc72669d6aebfbf6136396abfdd31,0,0,[],0,[]
709,0xcf5d6bfe38b77e95696894c499c678c6805502e1,0,0,[],0,[]
710,0xcf5d75c388c29cac31f4768d1f0d98079cd335c8,0,0,[],0,[]
711,0xcf5d75fb989bd6b0d779f1db5859558c5f3d8b26,0,0,[],0,[]
712,0xcf5d8bf97e5bdb3e8c362d89db24c1bda2e2c0ea,0,0,[],0,[]
713,0xcf5d8d8c792f47552d9c29bbac7c3762408cafd2,0,0,[],0,[]
714,0xcf5ddb9b05faacf8d141d759394d2293f40eacdd,0,0,[],0,[]
715,0xcf5de75cc7a6fa72fb75b8c91b1b0a446e37fa7b,0,0,[],0,[]
716,0xcf5e0d10206a087f64ccfb6bddb9c4979db59259,0,0,[],0,[]
717,0xcf5e3adfa3e16da4ca8eae81f7edd3adfe8fe257,0,0,[],0,[]
718,0xcf5e5ecc916308bf8f599c02201cb87b0e73ed60,0,0,[],0,[]
719,0xcf5ee1d3888e82173e074bedcfea87826f396c13,0,0,[],0,[]
720,0xcf5f0e9431fdc401688a51823d2f61eabd268cb3,0,0,[],0,[]
721,0xcf5f4a4cc62df398e5fc87d5fbfa0e73b7328807,0,0,[],0,[]
722,0xcf5f55da2f633fff51da11b527c65fdeb63f4e5b,0,0,[],0,[]
723,0xcf5f7975ac1c0708dd157ac23e90e527ff126d31,0,0,[],0,[]
724,0xcf5fe812b44696f35344f3c212e8c665efc0cab6,0,0,[],0,[]
725,0xcf60089b9e4ca657a3563149071dd62653f6d701,0,0,[],0,[]
726,0xcf60100293d0a4e3d6fb68b4dd55d701367a4da1,0,0,[],0,[]
727,0xcf6010ef070bf4c075bd82b7567611aeff203847,0,0,[],0,[]
728,0xcf602f67adc24e983395b43930153ee747595df2,0,0,[],0,[]
729,0xcf603a4b0d42337dd9fde4998c092adc9c6c7fdb,0,2,[{'id': '0xcf603a4b0d42337dd9fde4998c092adc9c6c7fdb'}],1,[]
730,0xcf6057a8575854d0d38cf6e3cb94f7fa5786c006,0,0,[],0,[]
731,0xcf6059fb483e52e4910768db3ea5afc663cb14e4,0,0,[],0,[]
732,0xcf6085bafe0b91b688f769bfd9bd176f9c1de20c,0,0,[],0,[]
733,0xcf608cad48a7c26b0a51c95bd1f70ed692a9dcc8,0,0,[],0,[]
734,0xcf60b586a6b8aa7aeecf2a172350d45c5f6cdd04,0,0,[],0,[]
735,0xcf60bacf92cc0fe62c3448be154888e6793e766c,0,0,[],0,[]
736,0xcf60cdc07f50124504b9953a354be39f70e80933,0,0,[],0,[]
737,0xcf60e1d079aef8ab3b68bdb1c2c38605b26a96d9,0,0,[],0,[]
738,0xcf611ac8ce1063db30995c76ba2a4bf1ff5dc132,0,0,[],0,[]
739,0xcf615eaaeef746d2ab0fe12bbfa245a5ed90c293,0,0,[],0,[]
740,0xcf6163eebeafbde16e0db06057b18e8e1b211663,0,0,[],0,[]
741,0xcf61b6de27aa0a5fef3979a16e955a251ec784d5,0,0,[],0,[]
742,0xcf61dd2c6d8aecf3e9927aef383dc2b95d6cb4b9,0,0,[],0,[]
743,0xcf620f03781d2bc002e40bb78a895391ac3c4664,0,0,[],0,[]
744,0xcf626f5a70489e9b575c9caf2e612e77c0ccc63c,0,0,[],0,[]
745,0xcf627066157dc3683c14b925911a381b2edaf06e,0,0,[],0,[]
746,0xcf627cd68066dc42eaacf84082de454b10b5b001,0,0,[],0,[]
747,0xcf627ea2cec629c10089b02482b138f038751b06,0,0,[],0,[]
748,0xcf6308082608924c87ed3c529ccb7f0dba51f03f,0,0,[],0,[]
749,0xcf63303066914c038174c99f75872277d61dacd1,0,0,[],0,[]
750,0xcf6350d66349c0831fcfefa3266324fe1b9a907e,0,0,[],0,[]
751,0xcf63564f2a2ea315a74b4cb2840f43373e6cea12,0,0,[],0,[]
752,0xcf6380d7ec1d3d32046caeee1f5c56fa9dd2a9b5,0,0,[],0,[]
753,0xcf63e1c31805254b6fb3ed7829206c2b2505e3a7,0,0,[],0,[]
754,0xcf64e627b9349b37c5355a7e5f9dd1ed102fa641,0,0,[],0,[]
755,0xcf65350ea9ecd525c7dcc34cd1f28c2fc98b4b58,0,0,[],0,[]
756,0xcf65f2db8081b165cbeb8fd2dd2a91965780c67d,0,0,[],0,[]
757,0xcf661be26f463cadeef5b4b4d44db88ae101aca8,0,0,[],0,[]
758,0xcf663134298b37881d76cf185bf6776b57505ec5,0,0,[],0,[]
759,0xcf6646cea3018f33f757c95d3de3e6516b118c7e,0,0,[],0,[]
760,0xcf6666748f251fd855d90ab8a7c7651a58837200,0,0,[],0,[]
761,0xcf66d3c101b067584a8611d904e9bde9c59cf255,0,0,[],0,[]
762,0xcf66d9c9453d03e5d26331956651c5b5a98b7aa4,0,0,[],0,[]
763,0xcf676ceb273fd57482bbc9fbdcf15c53b833a327,0,0,[],0,[]
764,0xcf67e7792a8bd28dd3e5d35bc8c6176ec61eeb16,0,0,[],0,[]
765,0xcf67f239ea32fbdd28e03af4955908ef885cfb04,0,0,[],0,[]
766,0xcf681fb5ebbf5bce4c4310409c3bb71f3f1b32ec,0,0,[],0,[]
767,0xcf682fea812adfbe4020735d2097d819aa1b7de0,0,0,[],0,[]
768,0xcf68335f24779ebf153e3341ade37992b707abb5,0,0,[],0,[]
769,0xcf68ed21d241a1b51eb0e5909abe507b23d3121a,0,0,[],0,[]
770,0xcf690e9f5b556914b6e871dfb5e12664a74046f7,0,0,[],0,[]
771,0xcf691cb06d6f7c294373239307265a838a25af24,0,0,[],0,[]
772,0xcf694ca1450a31e2c03c8624e66eb6090dd62ede,0,0,[],0,[]
773,0xcf69735a7b28c6c6723833e79aa6248b1f9e6668,0,0,[],0,[]
774,0xcf69822c6d6b2c2cd40d483ce267710183580c62,0,0,[],0,[]
775,0xcf699dc8d7ed4d6f9b9a5ce05927b0841545f8b8,0,0,[],0,[]
776,0xcf6a25fc6ea699ff5f972110b0171a595bef74b4,0,0,[],0,[]
777,0xcf6a3e6f7a42e36b9daf666181f08c292aafe6cf,0,0,[],0,[]
778,0xcf6a83c5d142b90bc42f95b98224e6d6464fd4c6,0,0,[],0,[]
779,0xcf6a8f7158732d37fe4d2ae9bc9604711c2182c4,0,0,[],0,[]
780,0xcf6a9537955f851433294111a9093a882fe7aa4d,0,0,[],0,[]
781,0xcf6aa89c3ffb99f5e784336f941cb06974a746ea,0,0,[],0,[]
782,0xcf6abae8c1a1aa8ec96db8129ca7f7ad5c3b0289,0,0,[],0,[]
783,0xcf6ae5a412274ce09cd899b1e09844f4414af0c1,0,0,[],0,[]
784,0xcf6af71e495d4fc8adb0edc6b3b0eccde6550138,0,0,[],0,[]
785,0xcf6b8a78f5ddf39312d98aa138ea2a29e5ad851f,0,0,[],0,[]
786,0xcf6b8e428b5dbb59e5918e8bcf86c5fff4f11c4e,0,0,[],0,[]
787,0xcf6bbe648c53f69b2ca926805544b2d1edae38c3,0,0,[],0,[]
788,0xcf6c67936668c26e79ac6e8df8e8fad1b590f3d9,0,0,[],0,[]
789,0xcf6cc2fc2dff916839dd097070f5e953a2a1c2b2,0,0,[],0,[]
790,0xcf6ce1174b7ad8b57876b1fc1f2979a63af76aca,0,0,[],0,[]
791,0xcf6cedc20e1fc8004bc4eb7b1a9e665f8a52add8,0,0,[],0,[]
792,0xcf6d3c1d83daa6cfc4117406f1321d1e2d84dd5e,0,0,[],0,[]
793,0xcf6d3e8032c955dd6824780ee6135b342d702ddb,0,0,[],0,[]
794,0xcf6d5060f2e0f43f584ff6ada1720c11702c7bda,0,0,[],0,[]
795,0xcf6d58e90fd01be3f84e850de64517b8bd9c9143,0,0,[],0,[]
796,0xcf6d86bbda371fdb667bfbfe3e9cd5fa4e00e520,0,0,[],0,[]
797,0xcf6d8fb320d4931a9f7c1b047bb4174ed1edbefa,0,0,[],0,[]
798,0xcf6dafa1e5c71bb87107629b16bf7e65c6f03895,0,0,[],0,[]
799,0xcf6df9664fe5184d5d69c08a49af16d8391c0905,0,0,[],0,[]
800,0xcf6e1099ddd2a622fdfba9f789675798dff33323,0,0,[],0,[]
801,0xcf6e835de39a0a47fe2ff40ab7e467f2ba37b864,0,0,[],0,[]
802,0xcf6e95edbad6d7871e4d646b09a65dde386f533a,0,0,[],0,[]
803,0xcf6f086ddd555e5778c5d720c0778e082d61c54d,0,0,[],0,[]
804,0xcf6f0a109b5f98f99d722275c64776fa159cd236,0,0,[],0,[]
805,0xcf6f347f5f02eba3226f4c7be75eba0405076539,0,0,[],0,[]
806,0xcf6f66f289a396e2c009c93c6ea1997c00f3f16e,0,0,[],0,[]
807,0xcf6ffc5486d038a1a819878f2bb19475214ab4a5,0,0,[],0,[]
808,0xcf701308663a495637f4131f7d3644372e170e5b,0,0,[],0,[]
809,0xcf70609ded14db5dad7d0dae1bb22ddea8cea7c5,0,0,[],0,[]
810,0xcf7084d7e3866484440b52be8b5a287215d2ad79,0,0,[],0,[]
811,0xcf70f19970b70bf52dda8972dbf8fd55709a9fb4,0,0,[],0,[]
812,0xcf71e37c4b8b9c84aad74c036186f80f018bd828,0,0,[],0,[]
813,0xcf722f3f3e6d0549608e616c20ec04baadbba818,0,0,[],0,[]
814,0xcf725e4d4f9a141c982498754085d14f0997ee26,0,0,[],0,[]
815,0xcf726c054999b581ad95afb22d3859583bd6ba3b,0,0,[],0,[]
816,0xcf72c60cf25e8148bd46ae47415da75803cc1d51,0,0,[],0,[]
817,0xcf72ddfe2b22172d3b1814ab4e58fcacc97bc560,0,0,[],0,[]
818,0xcf72fb636a69bf3068d9884a5e9d6a6975254ca6,0,0,[],0,[]
819,0xcf732d379b8a1767813ba4c1638b3a2441f6038d,0,0,[],0,[]
820,0xcf7360c38e1abd4ce053bbe71dc57c7059253117,0,0,[],0,[]
821,0xcf745fa479cd7efa58f418c533c77a4d2bdf66e0,0,0,[],0,[]
822,0xcf7493558461be6d66d7f8c7599b904105a06c15,0,0,[],0,[]
823,0xcf74a0be0a6d1ebf2ff86db99bc77bf9b87c0dc9,0,0,[],0,[]
824,0xcf74bb00cb7925a809616567370ab4bd206e88b9,0,0,[],0,[]
825,0xcf753867705aa61652c6b00c361e8b99b7f2417d,0,0,[],0,[]
826,0xcf75680d798585e641535073d6aac51c142d75cd,0,0,[],0,[]
827,0xcf75c970f5a9adb15a3778dcc2350c86d34f148d,0,0,[],0,[]
828,0xcf760a9d8de5cd2a6a22f0c04e069c972c1444c0,0,0,[],0,[]
829,0xcf763f8d53ae199ce87ffe3a28e81a35075f94cf,0,0,[],0,[]
830,0xcf766ab341243f73959af9fc954d500993d3269d,0,0,[],0,[]
831,0xcf767602813d7c3f99af6783044b3c542083869b,0,0,[],0,[]
832,0xcf769154eb6e9976a5d8ee2edd293c5657fb89a1,0,0,[],0,[]
833,0xcf7695475a694dcc32ec7716f00967701bff5ef8,0,0,[],0,[]
834,0xcf76bd7766e3d77fc2d6166138b34e16bf4129f7,0,0,[],0,[]
835,0xcf76c82245075b665a74cb8c28055587fe069d93,0,0,[],0,[]
836,0xcf76cf6f8b97e5da51ad81fcdf6f553f112d2c0f,0,0,[],1,[]
837,0xcf770d73ffe6703df20febb540484e23af1b1278,0,0,[],0,[]
838,0xcf771271d85c1e77624e390cb77c133750288091,0,0,[],0,[]
839,0xcf7717b9ece3526b47646930e02ad85793ab41b4,0,0,[],0,[]
840,0xcf774051e063c5b7fcf501793b0297442c743f9b,0,0,[],0,[]
841,0xcf775710918519a49a71eb77462874497898565f,0,0,[],0,[]
842,0xcf778e06fc8aab30938341fb6a1f435c7ba862ec,0,0,[],0,[]
843,0xcf7791cbdbd56dc4a87f9ea64ac7588cec440f1f,0,0,[],0,[]
844,0xcf77dbf1bfd19aac5e57fddb1b9543c8fd6dbc9d,0,0,[],0,[]
845,0xcf78138ec058c8a3d5e3889c82e130e9947328ba,0,0,[],0,[]
846,0xcf781e25430b72875d3a32744ca79f40779e4876,0,0,[],0,[]
847,0xcf78238480108b16a61dd1b8d9e72db36e6b2a91,0,0,[],0,[]
848,0xcf783c8e61f27dcfe1e5381cdb0ed046b9201b3e,0,0,[],0,[]
849,0xcf7860049a24d547eacda8ae085794b01c6676f7,0,0,[],0,[]
850,0xcf7865a11ada573be237dcdee04debda5fe51bc4,0,0,[],0,[]
851,0xcf78b841a98ffc377b29889f1569b4e029d29ec8,0,0,[],0,[]
852,0xcf78c1d0555e8e94a7c30a3b557a037413fd9a0e,0,0,[],0,[]
853,0xcf78ed0eeb4f40fd7d0452ec50a2498d51a61231,0,0,[],0,[]
854,0xcf791e9eeb70072069626898af0d79965b1753ef,0,0,[],0,[]
855,0xcf791fe5c367d7ebe2d1f62ac4daeed21a1fe651,0,0,[],0,[]
856,0xcf7958f1d700567a5e54a7111af4bd4c58c9392d,0,0,[],0,[]
857,0xcf79b1dad58fead2d056889bbb556746b78ad11b,0,0,[],0,[]
858,0xcf7a5947aa939f547898c0e9fe542240d34f4fb2,0,0,[],0,[]
859,0xcf7ab8606c3c9ac378b0a19d2584840fc31ad430,0,0,[],0,[]
860,0xcf7b36abd307d6216555d494980c2710c7401b9e,0,0,[],0,[]
861,0xcf7b5835af9470a3b42d91a4779e82e0d6e5ac11,0,0,[],0,[]
862,0xcf7b6fc26e974ab350236a08a6e73077fbace098,0,0,[],0,[]
863,0xcf7b8977b733d3690fe3f50619a5df412d0491ac,0,0,[],0,[]
864,0xcf7be879d9334d6bbe847e6037057af7a217b840,0,0,[],0,[]
865,0xcf7c5184a73c0774b1c6309e643dbe3d1ef57987,0,0,[],0,[]
866,0xcf7c871214045ab8b6a6a9185a3daf025b85e7c7,0,0,[],0,[]
867,0xcf7c9516f33ae32ea6531d29e106e6f5584120d3,0,0,[],0,[]
868,0xcf7ca4399513bf19b295f4a39ac7ec8f33c31b14,0,0,[],0,[]
869,0xcf7cdbce30fe9315c2e682b03bd98e956d8bfc47,0,0,[],0,[]
870,0xcf7ce62bae5a454cd3a2eb33cb0013d9d784ca5b,0,0,[],0,[]
871,0xcf7cedd053b640e7b2ee2e44840edff351a32e9b,0,0,[],0,[]
872,0xcf7d1ae7ab356d781aab3b70f452956a64744f25,0,0,[],0,[]
873,0xcf7d4b75b7bccdb8b4f992fe05970680e2ee1a02,0,0,[],0,[]
874,0xcf7d961333621f544a054d9f484f2b1957e17e7d,0,0,[],0,[]
875,0xcf7dc35c7968c53a5618983cf14dd1ac984faf64,0,0,[],0,[]
876,0xcf7dd46a3fa900703234307da4a1739b6018994f,0,0,[],0,[]
877,0xcf7e3106023a1e485fd1324cbfea37c8ee5ef8c6,0,0,[],0,[]
878,0xcf7eeda601423e3c0800b19d90e5d29dbba68953,0,0,[],0,[]
879,0xcf7f2f19b71354475adc2125d92f10dbca63ba87,0,0,[],0,[]
880,0xcf7f6849937d6619fedb3af219a742a9c3858005,0,0,[],0,[]
881,0xcf7f7ed59ec1fc040a1c8bb41710e8d1ae303bdf,0,0,[],0,[]
882,0xcf7faaf4e801206512e661a770e6f494b9d2729c,0,0,[],0,[]
883,0xcf8004a63ff413c7e0a752ce60ab2e307f081f96,0,0,[],0,[]
884,0xcf80056bedb2ed5991e312d823e98706fec875be,0,0,[],0,[]
885,0xcf80cad27b8261ea42a2931ab331002330c93504,0,0,[],0,[]
886,0xcf80f578e577a00d46306afa7aac37e487eb4123,0,0,[],0,[]
887,0xcf811f4439a3d884a9ff71edfc05a46126d668c0,0,0,[],0,[]
888,0xcf8145789f72ee3f8351dbec19dbce0fbe3457ec,0,0,[],0,[]
889,0xcf8164727a257d21bfa604c1bd82c847edae929e,0,0,[],0,[]
890,0xcf8182b3442419f9f71133511b3c2afacc5cddeb,0,0,[],0,[]
891,0xcf81ce2b843efb4b256e476af74fbc05feb7a895,0,0,[],0,[]
892,0xcf81ddc75c1afa46eeed5f6dea31ff352c0d3d2f,0,0,[],0,[]
893,0xcf81fae5a507f334c38b992c829b2ae9dcf6a2a2,0,0,[],0,[]
894,0xcf8222f8cf13b52cd41b5a2ca8e5e90d671235c7,0,0,[],0,[]
895,0xcf8247d451707ee4ef3cc2f266e4218589473590,0,0,[],0,[]
896,0xcf8272328a39546dbc033db2a53ac641d8170318,0,0,[],0,[]
897,0xcf82ab2d5c03d564e4fc1357987a92124304fc26,0,0,[],0,[]
898,0xcf82d19b1a06f336e5e8393606fd1b65b242fbd3,0,0,[],0,[]
899,0xcf82eb40ed1a64f6d7dcec0104ace66b0dad35f1,0,0,[],0,[]
900,0xcf82f91d8cff0a8a5f32f32c9b870d472165619b,0,0,[],0,[]
901,0xcf830a1df7030e4f6a945abd1605646ab7461466,0,0,[],0,[]
902,0xcf83343e1b2140c5f95e48659347890b2e70d3e8,0,0,[],0,[]
903,0xcf8391de24d57eb2d1045607c5e643a9c26e5ac5,0,0,[],0,[]
904,0xcf839ad6d292e54453ed0b089edf9fa0874b9b62,0,0,[],0,[]
905,0xcf83abbd31facbb189bc21e34a4b61af357ef424,0,0,[],0,[]
906,0xcf8408eba5f117d7c991bcc48f4481a62d6adf41,0,0,[],0,[]
907,0xcf8436f6224d6d5bcb02d08d6c6dac97137d50c3,0,0,[],0,[]
908,0xcf8454bb261267f7db78a4a10bcc14b0b7d79fd1,0,0,[],0,[]
909,0xcf846d48e649f371d2cf21c17b3d462a5ca01a5d,0,0,[],0,[]
910,0xcf8470f28616985c41e3fbe3f341b06425611dc7,0,0,[],0,[]
911,0xcf84762eeabf2b3ec362c7814d4db09c50f890ad,0,0,[],0,[]
912,0xcf849cd7cf2a008ae03e60207ae6256b69e74e9f,0,0,[],0,[]
913,0xcf84a61b5bbdbc3d1afacee852a46f39b132ff01,0,0,[],0,[]
914,0xcf851f18ae976a18abf30c0ac7429eb96e048f72,0,0,[],0,[]
915,0xcf85546603343f28f9bcb38ce44ffb5ce77fecd9,0,0,[],0,[]
916,0xcf8555f7eaaf40c48326250c98ec0f7ffbc03fec,0,0,[],0,[]
917,0xcf855d2c0f08d8cf2c6f5f122e37b26078686b54,0,0,[],0,[]
918,0xcf85b48c377daf1a812b947e9f7a65ebece618c4,0,0,[],0,[]
919,0xcf85ca850808839808b936dc700dc5b8991032c1,0,0,[],0,[]
920,0xcf85def56e9ca17fb6016b3051ab6388df73ac7b,0,0,[],0,[]
921,0xcf8629e6defe7132010ede5ee45e57eb94e7bf4c,0,0,[],0,[]
922,0xcf864afdf5ba4b7a0ad06f56d1106bf0fff14fe1,0,0,[],0,[]
923,0xcf865b37dc17a372dc7d8ac71873ebc5d572ddd9,0,0,[],0,[]
924,0xcf86a99f96f71170bc2e62b810d915e5de47f052,0,0,[],0,[]
925,0xcf86c6056b412ed69c4b53d4f18d091a284d7b9b,0,0,[],0,[]
926,0xcf86c75d739ba122a3a5ab2a7bcf40dc037bbe69,0,0,[],0,[]
927,0xcf86d0af5020dd8a6eae494a125ea70176a50296,0,0,[],0,[]
928,0xcf8705ae61cab05847103b826f61ef1a535b757c,0,0,[],0,[]
929,0xcf871b505297c204b5c403f052e3ac66431a96d4,0,0,[],0,[]
930,0xcf8726fbfa38b7c2e79a268318386ecd58a95a6e,0,0,[],0,[]
931,0xcf8731ad0e66e931bc65b6ec54e7109c929de0e7,0,0,[],0,[]
932,0xcf873e761506dfd3c04a6e5ca2da5f368ebc99e8,0,0,[],0,[]
933,0xcf87499d9c1fe0c209849019edf2efaeb71a6f62,0,0,[],0,[]
934,0xcf876306234654f40e74d6a1ba109d2aa250c0c9,0,0,[],0,[]
935,0xcf877c70a73e01387cdacbe3b86188815a885f7c,0,0,[],0,[]
936,0xcf8780fbd3572eae4f480880de50a12e7ebcf66e,0,0,[],0,[]
937,0xcf87ad335696f57e47ea93d5e1a40a57d6b41372,0,0,[],0,[]
938,0xcf88209d8c34254a6859cab20f79a24613ad5c9c,0,0,[],0,[]
939,0xcf88228543ad11ee590e4f3d95496d4ec6007e88,0,0,[],0,[]
940,0xcf8834ab9be3f8855885d817e012b53a6784b4db,0,0,[],0,[]
941,0xcf884b22de44d9f1f278630ac618f606553319f4,0,0,[],0,[]
942,0xcf88bb22de0fd554b0715c7d772801d1b4fdb557,0,0,[],0,[]
943,0xcf88e6fc03f7e12f2947776a308e010b18838aa0,0,0,[],0,[]
944,0xcf88fa6ee6d111b04be9b06ef6fad6bd6691b88c,0,0,[],1,[]
945,0xcf89102efdf8e471c9b0eb4d58239e42dfadc878,0,0,[],0,[]
946,0xcf8951dbf37a1e2a76267b4dbaeb1b1eb1e1c9b0,0,0,[],0,[]
947,0xcf897ac2364abf7dcf64d068d47815588ba392d1,0,0,[],0,[]
948,0xcf898b18776da89b5b0b6b00fcf2f85523ef257d,0,0,[],0,[]
949,0xcf89abd5cb8a3b1b0bcc49cfb2a739fe6e50dba9,0,0,[],0,[]
950,0xcf89b9051f8e6428c8286ccd696f9055c02e9ce0,0,0,[],0,[]
951,0xcf89da4c87b76056e877df5789fd2a33875b3f14,0,0,[],0,[]
952,0xcf8a0c4d1dcfeef7d0029cf8fcb7d1447792551e,0,0,[],0,[]
953,0xcf8a2a1f291bf2fbb656389e62a616621cda48ac,0,0,[],0,[]
954,0xcf8a3e07a3dec27edd54d0e7d547f5339a9b15bf,0,0,[],0,[]
955,0xcf8a6a0304da3003726478f4f24c7ee88be874c3,0,0,[],0,[]
956,0xcf8ac0ea9e2d9675aa95f65cc13aad1ab9077d03,0,0,[],0,[]
957,0xcf8ae2134c26c25dfe85296652762ba61529fc98,0,0,[],0,[]
958,0xcf8af28d647d752a6960fd86c40b64d6a71c8914,0,0,[],0,[]
959,0xcf8b2eea0f5406445f1e8c0b74ac212f6337867f,0,0,[],0,[]
960,0xcf8b787072237c295884ee8d30f8f918f83e126d,0,0,[],0,[]
961,0xcf8b9183c0b109cd577645e6b8cdd666b7bd365b,0,0,[],0,[]
962,0xcf8ba87d2bd99ba8118d0f4e27cbc550290b2ae2,0,0,[],0,[]
963,0xcf8bb7d94097bef57a01c82ed7073c765244f680,0,0,[],0,[]
964,0xcf8c0a6864e9f6cbaa921a28d7530a8263b90310,0,0,[],0,[]
965,0xcf8c2ffee5038ef8083ba30f4093f647d4ff74f6,0,0,[],0,[]
966,0xcf8c7d56b2ce34f70b980b2c1e2d0d89ad581bfa,0,0,[],0,[]
967,0xcf8cfb24d925cbf302deaa271e3f8735d58c597f,0,0,[],0,[]
968,0xcf8d0bf760c4405b64575f1431e07ad9d39361f2,0,0,[],0,[]
969,0xcf8d32509eedc9d76a98c5bd6897bb3d2d95e195,0,0,[],0,[]
970,0xcf8d4041b69b22a417f445d36cd81c037895da09,0,0,[],0,[]
971,0xcf8d47b55ecb6d5caaa03353a71af84f1cdccae4,0,0,[],0,[]
972,0xcf8d7187fbadb897d96895dfd9f6122eacc54633,0,0,[],0,[]
973,0xcf8d89a84025433889b5f8ada033ad813ee8ae87,0,0,[],0,[]
974,0xcf8db111298f847f6b39e7572dc19dd79e81347b,0,0,[],0,[]
975,0xcf8db6d2216da845ce4ce3db1861f23727559650,0,0,[],0,[]
976,0xcf8dd8dc7daa6a376961c9f0a2f05d392df10242,0,0,[],0,[]
977,0xcf8df411375862fc7954144d2e35028688924fe5,0,0,[],0,[]
978,0xcf8e181767f28961cc7c0889d12a6f8f78dbc098,0,0,[],0,[]
979,0xcf8e24538e6e8c6d7ca711f84539aeac0892e28b,0,0,[],3,[]
980,0xcf8e30271234b4a3313fc2fc34bea65545f2abda,0,0,[],0,[]
981,0xcf8e7573894cb97d2589efdaf04cf65b8ad94cd9,0,0,[],0,[]
982,0xcf8e9660a53429dfb0a5cc44ed618807b1266309,0,0,[],0,[]
983,0xcf8eb324ab9bb32787df7b9c4f5ec579edcc8f3c,0,0,[],0,[]
984,0xcf8eb81c7275189f3ab747ec2f4edb6e5dd272d7,0,0,[],0,[]
985,0xcf8ec634b58148889aa46c1cf67d830b351e751e,0,0,[],0,[]
986,0xcf8f1afc9c07943979904a0048481c52986b39cf,0,0,[],0,[]
987,0xcf8f1f82d5939b90d5e7aab528adb7e65de51669,0,0,[],0,[]
988,0xcf8f6735116ef122a3bf77ffce84714ab1a92190,0,0,[],0,[]
989,0xcf8f79ca57bae470837ce7dcb2fd2dea12b22846,0,0,[],0,[]
990,0xcf8fa4b8db0f3754650c8afe9d6ae42054f145e2,0,0,[],0,[]
991,0xcf8fb8f8b543236374d05253b191e6666b915bc7,0,0,[],0,[]
992,0xcf901915099ba5a80fd07368760dd814d5c0ed93,0,0,[],0,[]
993,0xcf909eff4ec76f79b64b510939cc71524f91d8b7,0,0,[],0,[]
994,0xcf909ffd2f5f776cf05b287f0de275fe25428b65,0,0,[],0,[]
995,0xcf90fa9092e5ee3254982cc12c49ab5bffe8b21a,0,0,[],0,[]
996,0xcf910f9bb95d09d3ee97c861c1de9905597caea1,0,0,[],0,[]
997,0xcf911d4da9b5c4a3a54984c91493fdd41d5fb547,0,0,[],0,[]
998,0xcf9134f5d50b08a7503fcd54a0f450ec8e2be009,0,0,[],0,[]
999,0xcf9137c0e3a47f1aa444aad96f8803df6b650ef0,0,0,[],0,[]
