txnHash,source,value
0x0031cec0bbd4e541fb62103878738983f9c5a03817657e7696f13c8c30fb9cb4,"['dvpc', 'transfer']","[nan, '620628035148735348645']"
0x01d14c74bf155ad4dc5e7930872924009c9ae826ec607197ffdc97e82447e6c1,"['dvpc', 'transfer']","[nan, '82007251389312974733730']"
0x03223250df2529553942b39a1ddcee5ef601e6fcbfe26bf54a2d014af8e9348e,"['dvpc', 'transfer']","[nan, '300000000000000000000000']"
0x037204a333d7bf9b8424120f5da2e22ca174c275aa75f66064053680af052dba,"['dvpc', 'transfer']","[nan, '2400000000000000000000000']"
0x03b1551ed454b0b085e5f39d4fe18ef6197068ec3939f1041d4552808839bbaa,"['dvpc', 'transfer']","[nan, '899699000000000000']"
0x048060b5b5ef8d55f727b626b43e191dca0ad5f85fdb2e5a3fc1044515bb4b9d,"['dvpc', 'dvpc', 'transfer', 'transfer']","[nan, nan, '3000000000000000000000000', '3000000000000000000000000']"
0x05799c1b2683b61b71f2dd0bac3d90310cbd247a10d9692dde3ac286ca323145,"['dvpc', 'transfer']","[nan, '382700310043983027000']"
0x0605ed504b274f7a2ec76399df06b8331f293093120b8effde665d89756509c7,"['dvpc', 'transfer']","[nan, '200000000000000000000000']"
0x08583a10ededd1aca522ccb56db0ab9534891967184b14a364c0a788c3a2d52b,"['dvpc', 'transfer']","[nan, '278523399348645142618']"
0x092b1e0a37fd38959f1d97df4650ba67b0f88245b19e17bd7d6369a11f93868a,"['dvpc', 'transfer']","[nan, '99138730000000000000000']"
0x0a01cf2d8f63256bcb40450d1c6599f46bf6e44845bb5ef7c7bff5e59b43e705,"['dvpc', 'transfer']","[nan, '844404458532905642668']"
0x0a1c2aadc4bcd916ad9c7a8452e28cdde410686d5e0d45e8fe45cc4b45d7a473,"['dvpc', 'transfer']","[nan, '5000000000000000000']"
0x0aa20ad29954aff5e306e2c348c38e94f58c56fba4c6dd36bbfa2c92acbb486a,"['dvpc', 'dvpc', 'transfer', 'transfer']","[nan, nan, '142079432401488246237105', '142079432401488246237105']"
0x0aac3f24be9971f674119223cf12fac2b7c7d8635404877c4debfa3ee0a003c3,"['dvpc', 'dvpc', 'transfer', 'transfer']","[nan, nan, '400000000000000000000000', '400000000000000000000000']"
0x0b996886ccfc447369d24a1d7c6ce4874a6fd9b7a481165291544c70c813f320,"['dvpc', 'transfer']","[nan, '26431421701574749177531']"
0x0bc65f1ccf94b182f8ca3dd90f6fed4a7fb5c1f82178a9c643600c23253196b1,"['dvpc', 'transfer']","[nan, '1000000000000000000000000']"
0x0c67a7c1534289aafbcadae5a10082669d8e1fb3faa005848e8d0c75270d8931,"['dvpc', 'transfer']","[nan, '1112920548441777105990']"
0x0d1383be6e6327a425e28c1b37e6b135933b832203b1e9076ede3f3dfb2ffc78,"['dvpc', 'transfer']","[nan, '777282580413202111571']"
0x0d2065ea3276f7611c15760326141fb6011c5832e95ed1300720ab2f3819055b,"['dvpc', 'transfer']","[nan, '65398000000000000000000']"
0x0d7e801e61ffca6de856be046379db118d5f6a4c4d3057d5969447a56de7034a,"['dvpc', 'transfer']","[nan, '27957300000000000000000']"
0x0e2b05bb76d37ac140e9ec603f9f16fc075a52b82ca6f9e4c4e65b85c1130563,"['dvpc', 'transfer']","[nan, '330000000000000000000000']"
0x0ec75b9cba0b01b833043117ec7c39f0eb6b5ee355c49cc2707e398f5dca4c98,"['dvpc', 'transfer']","[nan, '23950000000000000000000']"
0x0eef3da3d6eaffac4716f6b591a667bb451e923ee97567e6eb96091000a30e6d,['dc'],[nan]
0x1034f2c48d17615a03725f2ffd947f5dbafdf15ae79e7f5347874fad5df44bf1,"['dvpc', 'transfer']","[nan, '3000000000000000000000000']"
0x11d275f92f23f08e336f882dd9520ffee659ab513f25c5d9656ec1c168ac890d,"['dvpc', 'transfer']","[nan, '31877104626068647101757']"
0x12e1a9deba2ca6681cd098948da15064d579edced763ae977409fcb8487621ea,"['dvpc', 'dc']","[nan, nan]"
0x136534bbc9b72165702bcde2b6ba4f50a33aaee4071e9a0024adf638f1bd42b5,"['dvpc', 'dvpc', 'transfer', 'transfer']","[nan, nan, '200000000000000000000000', '200000000000000000000000']"
0x13eaf6bad8d663e92b1d53ba8b5bbe6462f1939ed9579040e160c1286a19504b,"['dvpc', 'transfer']","[nan, '77282157466382754475068']"
0x14552df2540446292705061e0faf5b5f0b138ac08337e0026c059d6b5d319c39,"['dvpc', 'dc']","[nan, nan]"
0x14ba8074cba9c8a6f5f79ff560a5f1677b2d5391ca199512744f3e2f33b292f4,"['dvpc', 'dc']","[nan, nan]"
0x150622e3b0cf9c4e6a17e162d1363fddba0bb9f34b8f85078edb13e78a3dc943,"['dvpc', 'transfer']","[nan, '69262860000000000000000']"
0x1589391ab372f810c494ef9c46be06b011224e57a94ecf2cece77b40a30773f5,"['dvpc', 'transfer']","[nan, '564960579398325387209']"
0x1643ae81a18bf7781c8afcff5d6f5ae9183daa31ace1765c1ebc072912be68b5,"['dvpc', 'dvpc', 'dvpc', 'dvpc', 'transfer', 'transfer', 'transfer', 'transfer']","[nan, nan, nan, nan, '954000000000000000000', '954000000000000000000', '954000000000000000000', '954000000000000000000']"
0x16b53b07d083f261af67712977cdf0814fe0fc39bb94882dd1a646e028d9048d,"['dvpc', 'dc']","[nan, nan]"
0x171aa11f4eacbfdbb5396197925e341387a6f50f329b78da816ef92402ca3105,"['dvpc', 'transfer']","[nan, '1550000000000000000000000']"
0x179ac7575ab0758d1267d6bab5b24f3a4d7a6da9877733f96ff50b9652f3a2d1,"['dvpc', 'transfer']","[nan, '164440849601081919147208']"
0x18e135a84fb7db6950190dd21b3a73cba0a5ff8447b1d54229dff6c5e1cc4640,"['dvpc', 'dc']","[nan, nan]"
0x198ac2c70f2c9fbfbea6df54e6a5b9d4ef3a30c225d83a36346d8db011245e3a,"['dvpc', 'transfer']","[nan, '348723435384516598376']"
0x19934968bd7ab53d41231215b63bd49dcc5f28d682c3afa264c18c465bada4e9,"['dvpc', 'transfer']","[nan, '160674747840261088952336']"
0x1a585a63727f267f971d349f038f918d4e53a4320d6c2ca4b25b4d3d5ebda552,"['dvpc', 'transfer']","[nan, '100000000000000000000000']"
0x1b7775d45b44022ad4008c489509a7aa0304e24a04c641dcda5d90a683270f00,"['dvpc', 'transfer']","[nan, '184529578608665717130789']"
0x1ba34007659b733c2c87f261050ed307921a70c547b9b8a9bb4b314dd64bbbea,"['dvpc', 'transfer']","[nan, '23754150119623455583649']"
0x1c7abbbf9b5e99dd667d82627ec600668dedf0049732ba805568350174aea04f,"['dvpc', 'transfer']","[nan, '1014905187721968543886352']"
0x1cb6645a892a98bb99c37031b6e4d32a3359f5bb0952a7ef9ef2584408421228,"['dvpc', 'transfer']","[nan, '915340600000000000000000']"
0x1daff22297faedd606293aa4ef317bbad44acd034ef84a175bf784c0a7b0a612,"['dvpc', 'transfer']","[nan, '1643525388973448334178927']"
0x1de5e18bd88024319fbdec6324ec5f190e4baca2ab45237fb39b68f4f70e3c8b,"['dvpc', 'transfer']","[nan, '12499999000000000000000000']"
0x1ee539e8063b672f94cd0ac001f15955e87bd7059096737e453791a8747a73ab,"['dvpc', 'dc']","[nan, nan]"
0x1f008a47f4cf42ae028243f53fc4a1f716d2c228bd3cd0de9c2af5de91925709,"['dvpc', 'transfer']","[nan, '854523930323017081007949']"
0x1ff62d78d4e9ef51a490b67e1aa659ee802c91f822ebde0f878cf11c27989cbb,"['dvpc', 'transfer']","[nan, '1914747695755115846440047']"
0x2006be8330386dfa7a26d47765e922b8a438b2936d00f721cc4b575eb0a9eaed,"['dvpc', 'transfer']","[nan, '1100000000000000000000000']"
0x203159c8b5d4822ba99a386e0b26b0b610c678f417ef34ccc20e8e2cc4520aa7,"['dvpc', 'transfer']","[nan, '1159713346519865590893']"
0x203d89576f6f15743375f937ebaeb2c0353246cacaf41bf72ad0e830212544fb,"['dvpc', 'transfer']","[nan, '841298304583121934720108']"
0x224d5f82618e1cc89f2fd1dfd9a94d353627056961e4a0215af808a6b5e1a722,"['dvpc', 'transfer']","[nan, '110900782150674155883']"
0x22c54f3bd38e14ce1d782eab0e5d054fcc37a7e4f6452c3ef006187594d95017,"['dvpc', 'transfer']","[nan, '42722170000000000000000']"
0x2321aba3d409a5f2601cfd5953d785ef098d2c2c8276dfe018a89dfe2fc0020b,"['dvpc', 'transfer']","[nan, '50000000000000000000000']"
0x236b93de01dc942bb4e42e2f43b572da770e702726434ec3eac162cd4f1c2b64,"['dvpc', 'dc']","[nan, nan]"
0x23d85e2f4ec60932198a8ffa9c162467a2d1d58a112be275b17ff003b18a01d8,"['dvpc', 'transfer']","[nan, '1087405947346900699069']"
0x23fbd49ad73d00540f6c77740bb0b6b2983e97c4578d97ff0b5c5e329a039b99,"['dvpc', 'dc']","[nan, nan]"
0x2428624b484dd140d5427bbc1d67e91111c20d5e48b826c55e5f5979b8360e7f,"['dvpc', 'dvpc', 'transfer', 'transfer']","[nan, nan, '130000000000000000000000', '130000000000000000000000']"
0x24733539d1bcdb917525de522380b63c5415df8162298f281d80777d0804dc06,"['dvpc', 'transfer']","[nan, '1000000000000000000']"
0x259d010dfc2c7951a7f10afff28a93d629a2750eec405d46181b3744108402a4,"['dvpc', 'transfer']","[nan, '200000000000000000000000']"
0x25fb7961f501a7c4ad4bb0d690de367b44c338438c1ca61fa0df67aafdf162ed,"['dvpc', 'transfer']","[nan, '250000000000000000000000']"
0x261961d0e5c8ae4fe3d40825d3a7dbb7dbc7d0e2124970cca0144cbdc401a513,"['dvpc', 'transfer']","[nan, '2211991586335193641129714']"
0x26e5d2839469ebaa8d10b66e9f8e5a400a7799fbcd9f9a3d2365de6e083079d0,"['dvpc', 'transfer']","[nan, '242079422458988669034331']"
0x27f9f5c4fc1b2c1b16c2b7b6fba4476512ce71d90f51eb4b170c6b46a5ec660d,"['dvpc', 'transfer']","[nan, '165329280000000000000000']"
0x280e7d68628160271e7518c88d5879fcbf0a31e6dda031155aad46dccee52e93,"['dvpc', 'dc']","[nan, nan]"
0x28853aba4a19942e777b925e911c122e0af64b8bdbc8a2c95f5b95975a56370b,"['dvpc', 'transfer']","[nan, '1000000000000000000000000']"
0x28ce7b149f519ef1bc9a8260cb560f89d22e4e5c68ed43be56159092bf5b8f2a,"['dvpc', 'transfer']","[nan, '49424467275494672754946']"
0x2a849b1162f7a89e082d3f7f7f54a72b743891b10d019eccfaca141a2e1d0439,"['dvpc', 'transfer']","[nan, '277419073219585470000000']"
0x2b599b25ac7cc10f2c64f99f1dd812330f8b6c3ace621bc183621982dd1bf430,"['dvpc', 'transfer']","[nan, '38215283490378177751241']"
0x2c8984211f6aef8fb9e815abd4c4ec524a39f3b67a78e4ad8eddcffdca45665d,"['dvpc', 'transfer']","[nan, '900000000000000000000000']"
0x2cac448ddad9cea307389c9b6fcfd902ee8d9bcff7dfd093a6e96a6a247e2f51,"['dvpc', 'dvpc', 'transfer', 'transfer']","[nan, nan, '30800000000000000000000', '30800000000000000000000']"
0x2d0f46a5285cd3e4c17d433f80c781bc21b580c1121fbcab38317a0e9fb9d09f,"['dvpc', 'transfer']","[nan, '167533721773691484706712']"
0x2e540420fd39cc9961fa1df59f0b7d05ad30e68b7238b2ea5014631798893427,"['dvpc', 'transfer']","[nan, '1600388973448334178927787']"
0x2e9227e1deac8885bb8c1aae79c81b673d790a078068c6c110cfc7387632ab85,"['dvpc', 'transfer']","[nan, '200000000000000000000000']"
0x2e9a70ec77b08cdeb0215e6b7dc1fc157b8beabe7f8262768f6a08892192eebb,"['dvpc', 'transfer']","[nan, '200000000000000000000000']"
0x30cbbdb5b06a955b6011de8a73d21d3e88c543e8815085217bdda2dcbb948d32,"['dvpc', 'transfer']","[nan, '87862538000000000000000']"
0x3188831198de9e1f93bea6d90fb171dacb00075223e046c685a023033198c05e,"['dvpc', 'transfer']","[nan, '152416679989355545761451']"
0x3188f30f3e0a5967e60303b09edb2f2d37a905fae9e9fc666abc3db05e0ad7fa,"['dvpc', 'transfer']","[nan, '1017680498527320357336']"
0x32252808e503b224c6115ba43e017518c86e538d44085be1fa9fd4bc9e7a00d4,"['dvpc', 'transfer']","[nan, '22816114651174187510917']"
0x325c4ef4ffc741f8a031990a2f23846b723d88945255908efd4cc6378d8ef92f,"['dvpc', 'transfer']","[nan, '184681484831674607035']"
0x32a20935a2d6a50fb4eea21724b16a98f0818fb6102c74c2cd9de8bf282b820b,"['dvpc', 'transfer']","[nan, '494199166874204446457']"
0x330a19364fe352dbd7856e2925c79b5e717b9274153cd5b29ffb0bf55ed181a2,"['dvpc', 'transfer']","[nan, '1000000000000000000']"
0x33a51a6f26fa73c5175702604d420374ffe2dbca826fd6f09e0ea7d6ab4a15ae,"['dvpc', 'transfer']","[nan, '1000000000000000000000000']"
0x34505fd747ad74e85c8e4e297d5574c42cfebb4c0b665784fbf14c351b3da403,"['dvpc', 'transfer']","[nan, '114396700000000000000000']"
0x34a76c49ae53d68a5aae53a16bcdc8081bc175bfb131b3fe657791d4ace7649d,['dc'],[nan]
0x34bf739666ca6c33649a961989f1819aa2479546e240f95b51b782b921e3e7ca,"['dvpc', 'transfer']","[nan, '800000000000000000000000']"
0x356a68aceb0cd0e3af559af75f775a04bb98edba7bc575766020f4ffa233fb37,"['dvpc', 'dc']","[nan, nan]"
0x3616e0eb45308c8811924c620ebe42ee89a0cd61e7383d76a753e5e24967eb21,"['dvpc', 'transfer']","[nan, '200000000000000000000000']"
0x361bb9e8474c9f71a5bafaa2741ca95f21ddd527d920e1453e83652c83f2c6cf,"['dvpc', 'dc']","[nan, nan]"
0x36352d174d5115e73618c88a5a04dd10c339e80c531972f5e5831be39eff5409,['dc'],[nan]
0x36fbe9e2f51810c70e9825569b7956416f0150bd912495f086c6d22c95e7242f,"['dvpc', 'dc']","[nan, nan]"
0x37485644f52251180fb8ff043201cfbf40f926cb2d95386a41f593b628420f64,"['dvpc', 'dvpc', 'transfer', 'transfer']","[nan, nan, '34769880000000000000000', '34769880000000000000000']"
0x377bb1771e4a03d3fee8bc2d8a73ca6c98f4f648ba5e33559cee425afde3bb45,"['dvpc', 'transfer']","[nan, '137230833425381367630']"
0x3824d564fa251166d98d12ee9b6170ed69459d6fcf7934602c146a428be2e311,"['dvpc', 'transfer']","[nan, '200000000000000000000000']"
0x3865de381b6024ec077e18573ef579a72a42817d69da54ba54eb060dc73c36d3,"['dvpc', 'transfer']","[nan, '69104296141006533547389']"
0x38c15388260c8dde1844bf3f3c215a3a3214bf2732b60558b0bfab6551af3e4f,"['dvpc', 'transfer']","[nan, '7000000000000000000000']"
0x38ff30012dc4fbb2a17b60d239c72762d8c863ba58b5680dca300749fa30af22,"['dvpc', 'dc']","[nan, nan]"
0x3996de25d65861eddedd13b52cf3e67379b8c2823c98c6e3666bc0ca102c4ee6,"['dvpc', 'transfer']","[nan, '370215209161364826108896']"
0x3ac50dc0f615a2f28df1312d348e4261ecd30ea70db6205b6fed6130045fafee,"['dvpc', 'transfer']","[nan, '418429924144045141268']"
0x3acdd0f0519c378fa2fb980e46bf8db60f09a416ce2965b660af30056a8bbc47,"['dvpc', 'transfer']","[nan, '259988883631243919461955']"
0x3b96c4acb89a62f27949e94a383b67756ef7ebd62cbf4f50965639c8a119b6da,"['dvpc', 'transfer']","[nan, '1000000000000000000000000']"
0x3badc751756d8f874bf10976966a0b2bd5fb3679395b7d4b87061102822f3026,"['dvpc', 'transfer']","[nan, '262047185635377874516504']"
0x3bb5f3c2178bd4572249e7bf20b0c4fa6ba81d22a261d0772c8fe7f2ac782fa4,"['dvpc', 'transfer']","[nan, '181481488268770206636051']"
0x3c3a1389daf9f943e7472cf592d3e62dac2ed2dc2fa85cdde320e8cf3800b746,"['dvpc', 'transfer']","[nan, '1329335919957386831144']"
0x3c9f790d5c647f48fb6d9b8bed6b8766b28d0bca17ada8c5d057bbb59ca1d2ed,['dc'],[nan]
0x3cd12fb34e9fd53e10a2a55cca758ee0caa0af887a6d401dbb8d0bcd0fafab41,"['dvpc', 'transfer']","[nan, '100000000000000000000']"
0x3d3392c48cfa27937c6967d29ef965a924ada486701579f77c9bd25b59ef5a6c,"['dvpc', 'transfer']","[nan, '150000000000000000000000']"
0x3e86f66bfe58cbbd678d3eb6d93f7e57a3d2aa8c3db91b6383e6a7c86b5360a9,"['dvpc', 'transfer']","[nan, '32329942207470787302616']"
0x3ed18522b19e3c801b19eae891760d17fa575417a448ff85d000a05d1c51e3d2,"['dvpc', 'transfer']","[nan, '875299880719043519107']"
0x3f3c7c9a945c60d3b83d88eb21ff0800d77d06a54bc16ecd048c07c5fc94ce88,"['dvpc', 'transfer']","[nan, '360847919837645865043125']"
0x401d07a5bbd62f86ec673120b15f233002f0498cc87d95419b412518b13176bc,"['dvpc', 'transfer']","[nan, '1002054794520547945205479']"
0x40c084518ec13d370fb7677b932e9cc0afb5448944a75e5e199ec647232c7853,"['dvpc', 'transfer']","[nan, '94732746665524748761864']"
0x40c655fa9562169f219ad4772a4ade91d0fdfd3aec93225ef46cc653b0c0ed7e,"['dvpc', 'dvpc', 'transfer', 'transfer']","[nan, nan, '200000000000000000000000', '200000000000000000000000']"
0x42c77eca172ea78dbf20343f8a31303e6fede38c9fe24747d8c5f1c07642b3c7,"['dvpc', 'transfer']","[nan, '45971613394216133942161']"
0x43106e58efa72ce9b05287f32e8da35c6d02847263a95150fcd69d9aeb2132e2,"['dvpc', 'transfer']","[nan, '100000000000000000000000']"
0x44911f4600349e555ba69811500fbd53bdb05fa016ef4b351b93d9b586b22b1c,"['dvpc', 'dvpc', 'transfer', 'transfer']","[nan, nan, '28240000000000000000000', '28240000000000000000000']"
0x449baf4376dc7da8f87ac0bda671dfb80a3fea331f47cabd7a465c3eca08e49c,['dc'],[nan]
0x44ef43cf4011bf03dc8ddd989ef4621f1be59f7196b6dada79b8ac7a1714b8a8,"['dvpc', 'transfer']","[nan, '200000000000000000000000']"
0x452118ca211ad0148a3db22957e772e13ab47cd35450790214cefda744fbdb65,"['dvpc', 'transfer']","[nan, '199312893101867348330911']"
0x45f84ff0e7d96476415a50514c00ff33e4c202e08ca1377f8e614204fee9782c,"['dvpc', 'transfer']","[nan, '12499999000000000000000000']"
0x465fa26ca9e8a3c94fc503dd5ff6621c60871535848e0603359872a662061796,"['dvpc', 'transfer']","[nan, '159952560000000000000000']"
0x46b1b1117007f1bfe3111633ee0809548037d613c3d9b51ff4095bacdfed7fed,"['dvpc', 'transfer']","[nan, '5214238454830696580183']"
0x4781d2f0f7b8e639744c783cc006b8ec1b576146ac66b7bf4c7161d00f23b34c,"['dvpc', 'transfer']","[nan, '1460000000000000000']"
0x487030ecb758ff1d1ce5b0c245494c5367921b6566f04a7ac18f0ec12f2e6f36,"['dvpc', 'dc']","[nan, nan]"
0x490436f4452b71c937e29721dd58a1df3e384efea94cea26467a06e0be3d4db5,['dc'],[nan]
0x4a5b6dc06737b6135e00a9a5e2c43aaf0f042c21545299d4917d89c13625d741,"['dvpc', 'transfer']","[nan, '100000000000000000000000']"
0x4a879f5532d1462a8123121241d46b088c14ac1c3a2141b5a789433a8dfb9de1,"['dvpc', 'transfer']","[nan, '46190153877337765525194']"
0x4ac6640cb0c4b715242184268c10c96718a70d2f72ae5916b6987db9664363cf,"['dvpc', 'dvpc', 'transfer', 'transfer']","[nan, nan, '28000000000000000000000', '28000000000000000000000']"
0x4adf72504d9790cb6762e9df1b8588e187f0a0811c9ab14e3ceb02ff6b447421,"['dvpc', 'transfer']","[nan, '97321028493353900000000']"
0x4b048d09604b4104c121ff3bca12d8daaef42d95d3361e5a0a1143e32056a6e3,"['dvpc', 'transfer']","[nan, '187009720000000000000000']"
0x4d5bcda537ab3d457fa245f3f79f4f8746f6d4b1f65a0e41317feb47e585c2b2,"['dvpc', 'transfer']","[nan, '1000000000000000000000000']"
0x4d94db4e9c7c0974ed4560ce09c6978f20843df20a0565ef88299cc4f1064f39,"['dvpc', 'dc']","[nan, nan]"
0x50525bc324bbb84f85b4e7530dc1bdf959b57e9679f3739df71eb62123ff1e52,"['dvpc', 'transfer']","[nan, '4267283759691865381363098']"
0x516601298c6edaff6045456dfd878cf5412b5fc77d1cddf328721e778a635e2e,"['dvpc', 'transfer']","[nan, '56921002434574715410999']"
0x535b6aa03213f98ef9abb71ff52195705c5bea5518e399674d8e1bfde326d120,"['dvpc', 'transfer']","[nan, '50000000000000000000000']"
0x5411d048ff177382a0a305b17798e8a5ce0dd37b894ebe805230ec526573ebcd,"['dvpc', 'transfer']","[nan, '17963813000000000000000000']"
0x54a491c21cc6fddf7e77c1a69c88a6c2db80b78fbdeb8cfc5c3a61658147e9e5,"['dvpc', 'transfer']","[nan, '880315972180520969199501']"
0x5526aa8c9f58c69e6f3c9b4520578e1c439ddf34514c16d8ca26520b97fd59da,"['dvpc', 'transfer']","[nan, '200000000000000000000000']"
0x55987928351fd74f83909ef9aa5f235d55e1e5f4526062b67710efd9798dcede,['dc'],[nan]
0x56de8d9b075ca4c9e23b8650b8575e7bd3c603c8957a8ea065f82afaa9bbfa81,"['dvpc', 'transfer']","[nan, '200000000000000000000000']"
0x5828782f91bca9f4e1905b10b26a7af398b30f2684d55e9d878d1e42b3d3c2f5,"['dvpc', 'dc']","[nan, nan]"
0x58ed9d648689b1dd37c398f3422e10e5e970eee9f9f847b34eb5ea86421c3ada,"['dvpc', 'transfer']","[nan, '1311840436326737696600710']"
0x593e59564117a4a1a5ac5ec69f41e4aba4786b296a6da90f00f37a1e296420fd,"['dvpc', 'transfer']","[nan, '200000000000000000000000']"
0x5ab3c5c4efb1e301abb7f82071784174f7e3797db051fe4271e4415726fbcebd,"['dvpc', 'transfer']","[nan, '44150904559368145026192']"
0x5be5c0f25fa4234041884bd86ca768ab8889238ad8917f2ebb9a47f42f3b5d99,"['dvpc', 'dvpc', 'transfer', 'transfer']","[nan, nan, '30000000000000000000000', '30000000000000000000000']"
0x5c31a57b775dca330d3ef60a163cc4dc1c5802b25ba005f9a33088aacd142b2f,"['dvpc', 'transfer']","[nan, '172722179942499577202774']"
0x5d264fd66774323a0d5d477453b5163483e4b10ea846d72b100045ed9e4075ac,"['dvpc', 'transfer']","[nan, '129220380000000000000000']"
0x5d32f07c1dd23ee07804181db03e74cb4820221f4f16a6f0bfbccbec66882c0b,"['dvpc', 'transfer']","[nan, '24669274084670947561771']"
0x5e96da5de431c652b1e2b46481944978ded0011351f207b1a0ee984bf16afa9d,"['dvpc', 'transfer']","[nan, '82868219171519983892228']"
0x5e9a797ae02da4d1556278ca1177e67fcc4dce3ff70b6642f6f1efa817dd9327,"['dvpc', 'transfer']","[nan, '7059129785014730432']"
0x5ea4c112a20b5bb2ec26de3632295579f2dc621af021370f3afe1bc3da466b14,"['dvpc', 'transfer']","[nan, '25162387874052007712975']"
0x5eda24e955e340ca2022fdf374bcbd7a7e689cdd68c172a5329b739412ae190a,"['dvpc', 'transfer']","[nan, '1322983047602205360128']"
0x5fa4ac6ab35ffdab7c572dcf3fd6599f14e147c889fec356f0dd6e1e7658b6c4,"['dvpc', 'transfer']","[nan, '50000000000000000000000']"
0x6028e90a4d68ff7e7e13ee02621028868548dcce1b944c9648a2db7b31fba3d9,"['dvpc', 'transfer']","[nan, '500000000000000000000000']"
0x6038cc191396d639285968b7dd30bad4d8e3e093dca36c48451f49de45e58711,"['dvpc', 'transfer']","[nan, '4000000000000000000000']"
0x60b1bbc0ddb24f463087c0206445acdd0a5c5d95f793d10e677c84815db871bb,"['dvpc', 'transfer']","[nan, '102521907473892138558263']"
0x6138f43736ff7529b794d40a1ae42ac0a418ecc304fec02c91f19a5c6fb52e70,"['dvpc', 'transfer']","[nan, '1098458904109589041095891']"
0x6553978298aa1e7958675fe78403de8832461d25eb5848db404267f6591aaabd,"['dvpc', 'transfer']","[nan, '275506047455579737121']"
0x669cf7185263aa7e7a58ff62fc858370cfa69ccb60c8fcefd932362d9dd59077,"['dvpc', 'dvpc', 'transfer', 'transfer']","[nan, nan, '506307890409427648413653', '506307890409427648413653']"
0x676f3b4d31813df94d191b4d88c55f5a2222b6dde129cf60a6ff95ff71869e02,"['dvpc', 'transfer']","[nan, '150000000000000000000000']"
0x6862286d62de14031b8edecc5504dfb2b3e1c5f5530738596d9cc5a804251c0f,"['dvpc', 'transfer']","[nan, '76144723490613901572805']"
0x688e53510c4666cf56d1e008f174bed220fb0c6f2dedc8c8f3051737462a5fe2,"['dvpc', 'transfer']","[nan, '195427116962091855306328']"
0x69c2d8fc46bf371a197a066b66efe6252940679a51dd0ab1987c4a1dc4a7ef96,"['dvpc', 'transfer']","[nan, '86111420419758273595988']"
0x6a87a0f2323752ae617329472dd075f01621b45ddfe227443c9b9a7c7b0f9a85,"['dvpc', 'transfer']","[nan, '304240370000000000000000']"
0x6b36bad9d6ee1698101eb2dbea9fd304424d53df7f6dd518d243e2d1426829a2,"['dvpc', 'transfer']","[nan, '152776705976261858386678']"
0x6b4a294c07374320b7eb0f918a27ce3295a4f668193585025a4bc8eb9d2517ec,"['dvpc', 'transfer']","[nan, '268040000000000000000000']"
0x6b55a472325dea8415e429fd5e3b4d2dd6cfbdbf253295fd5bc85ee13c31a513,"['dvpc', 'transfer']","[nan, '27370396185633490709074']"
0x6b8a5eb3ff13a9a0535c3cecbb274dcb5d91c02c25b0ed06fe22c7e2c513fb31,"['dvpc', 'transfer']","[nan, '250000000000000000000000']"
0x6c0fe417cf76ee839e3b356a6efcbaf78e4624c5927d68cde03841653754444e,"['dvpc', 'transfer']","[nan, '200000000000000000000000']"
0x6d9f1e18e226dbfab14983f174e7add4128417a5856eedb24834aec32d53af2c,"['dvpc', 'transfer']","[nan, '50000000000000000000000']"
0x6e359fad12cbe944aaa098c0fdf07a0098d59cf0535e73e032b6a02696417d27,"['dvpc', 'transfer']","[nan, '2200000000000000000000000']"
0x6ed422202fa89095ddbbefed5c852ae3b7a7b86bc648d5dad801e015c702c88c,"['dvpc', 'transfer']","[nan, '165597426206308795962751']"
0x6ee8ea25d1859963765aefb2ee168fef13cf287723f656f19e75fee2bbaef379,"['dvpc', 'transfer']","[nan, '254320669457215357471']"
0x6f7448bed967a1cb8841c333a8686c313e59732149a72ce5f015a82eb085827a,"['dvpc', 'transfer']","[nan, '1000000000000000000']"
0x70c694571f9150e88eecede34e3e8d080becc947e96856b23751ab494af6c612,"['dvpc', 'transfer']","[nan, '36792674654122802851245']"
0x72fc25f4570953d8b26d664b273d7e0e90b5e4efd11415a4a6f39267812be0db,"['dvpc', 'transfer']","[nan, '500000000000000000000000']"
0x730223c5da6bc7878f10817b5a83b60bcd80d5188ede8ad7153ebf2b2d53e826,"['dvpc', 'transfer']","[nan, '5402790461694571283612380']"
0x7333311e268036b73df302f45e55f7957fe307e76e0dbb340e70660f636cf71f,"['dvpc', 'transfer']","[nan, '68509575752275925988254']"
0x73e7ae87eac14b05a67f4329160a6c6deafb97b87ed1f6650a2a64416b9c001f,"['dvpc', 'transfer']","[nan, '638032196008794182310164']"
0x73fd13302147bf81fe3574f0b0117db8508de57d7ba350b2f488c9acb5dd3aec,"['dvpc', 'dvpc', 'dvpc', 'dvpc', 'transfer', 'transfer', 'transfer', 'transfer']","[nan, nan, nan, nan, '190171906977282757336418', '190171906977282757336418', '190171906977282757336418', '190171906977282757336418']"
0x74d192f077b2eadae54e2318e1fa98ae4ea389caab6cb6d7a02cf5ba749b2c2b,"['dvpc', 'transfer']","[nan, '86912552156769141771438']"
0x74f7524a2da531c042f5224f4f4007be73f9db295b489f7d3c595f6f2e364405,"['dvpc', 'transfer']","[nan, '144888868966466819648']"
0x75aa7f475f85a11c937ccdf36b434905b5474b743b5274b6834a71537e8d628b,"['dvpc', 'transfer']","[nan, '112976711493252959811005']"
0x763d63e572261789c8f0be510e05b502755764f747e15c1e791c53d99835061d,"['dvpc', 'transfer']","[nan, '13391707508505623759848']"
0x7647206142c00bdb5ffec9df2ccadc40a7b931f017009341cb1b7f8efaf1e127,"['dvpc', 'transfer']","[nan, '95718815610459416761']"
0x767d53d62fc7115020116063febb0ca04a726eb2cf711f43d0f86562fac03f9c,"['dvpc', 'transfer']","[nan, '21501626555226503673762']"
0x77587dbb8f0856ee5564e50901ed3ef430c67fdf8eaf4172918f2dd4a613e3c3,"['dvpc', 'transfer']","[nan, '61753896369896734218573']"
0x77960d3cb21ff7440d4075cd3ebea0fb6f96cd2338640931746d4dc9514aceed,"['dvpc', 'transfer']","[nan, '206627801668251833665846']"
0x77dd928193734ab0a71576280d51c92e8029d3e690fb5dfe6c800bf8595e830d,"['dvpc', 'transfer']","[nan, '529088449179773380686622']"
0x77fdf1d247b2fb00453158d6bfbf9378a1b304837e2580c01166c15d952cc105,"['dvpc', 'dvpc', 'dvpc', 'dvpc', 'transfer', 'transfer', 'transfer', 'transfer']","[nan, nan, nan, nan, '160945620840161783664568', '160945620840161783664568', '160945620840161783664568', '160945620840161783664568']"
0x793deaba68082bb32b9bb894126101e8d414d418c95ebef50622ee18d51f5908,"['dvpc', 'dc']","[nan, nan]"
0x7a99e05f3135ab1e56033779f74cfbbc39d9ded7537f7658f5de860730c4fd70,"['dvpc', 'transfer']","[nan, '200000000000000000000000']"
0x7aa07ea9499f6f36bd4c5ecedbf032489575a135a0d26e56b31f5b0ad1f60fbc,['dc'],[nan]
0x7b5319aebda1935621a2352731be7a012c195c8fef70a4152f7a06cdcd3978db,"['dvpc', 'transfer']","[nan, '500000000000000000000000']"
0x7b5cc5924f3fdec7d65b89a3fbe2903de7d64b53cabd52d4b99ec8f3512e9138,"['dvpc', 'transfer']","[nan, '10000000000000000000000']"
0x7b6579cc807cea8161f2065b4f709fc20efe5d2de5a5fb682120b7cc41829e8b,"['dvpc', 'transfer']","[nan, '1990000000000000000']"
0x7bd8b3b5e3f6f777c64b71c6e98f0f2c6022df5dfedc68d6c0bba4a5cc27abcf,"['dvpc', 'dc']","[nan, nan]"
0x7c8f71699985fc9912518f835a71b44e2bcc2b9772e92979fdc3fb6ca82100da,"['dvpc', 'transfer']","[nan, '196276572511995825264355']"
0x7d40348c2b2ee26a605ea805cfdbbf25064abef683d77db222db8de5b929875b,"['dvpc', 'dc']","[nan, nan]"
0x7d6e303715d29a540c6375f9c341376b7b894e619f74914bba7577298f1bfa81,"['dvpc', 'transfer']","[nan, '511060211043978695556']"
0x7ddddb28aad0ed1f582034d0beefd4fbc36d7faa00131a2a2f8e83d7807806c4,"['dvpc', 'transfer']","[nan, '33988086815792663765']"
0x7de8140a4e1273d7660b3d724fa3ac97ac78071f29d03bc3faa8996bb2e36168,"['dvpc', 'transfer']","[nan, '600000000000000000000000']"
0x7e85452844abbac53ca57ad26998026f23746d590df1c40204025d9a5d034bea,"['dvpc', 'transfer']","[nan, '405935016066294605107391']"
0x7efc0527e381b51c3f2629f69ecf37a4ad435f0e656dff09a533c386b8612006,"['dvpc', 'transfer']","[nan, '13675791146387918163353']"
0x7f9b77ddf2b64d28d1302a564c6d4de1294b2f3357b7e1cdc624bea732da4a8e,"['dvpc', 'transfer']","[nan, '37596840023479747431604']"
0x8048a280d0d4fa84033c67b556562de1859eaf95ae1dfa43b2fd95ee08779513,"['dvpc', 'transfer']","[nan, '115575819262352985349676']"
0x80574464ecccd02ba1a03736c32e618f590941fddd6a1bd203101ccb3a3a264d,"['dvpc', 'transfer']","[nan, '6000000000000000000000000']"
0x817dafa254bfb3e5571e1452fd3f8a033269f3b327e0a9c5f31416efb388343c,"['dvpc', 'transfer']","[nan, '7777449300000000000000000']"
0x818b6125396795a78e8f55da2f2f89eaa9a0c3f25d06194b0b84d67d164e380a,"['dvpc', 'transfer']","[nan, '111777777777777777777777']"
0x81ae71bac47aaeef3f3def6083d8c291c39d61ae3af98ce86b518db470466787,"['dvpc', 'transfer']","[nan, '10000000000000000000000']"
0x821718c881e175671d64aeecc8aaa0b472faf46ad9c3ca564c85a6a73abe956f,"['dvpc', 'transfer']","[nan, '36792674654122802851249']"
0x82a7e1212bff84e2379344daedc24318d025dd432dbdd4c2fe34c85208f2721e,"['dvpc', 'transfer']","[nan, '80000000000000000']"
0x83694a2edaf9491c964395381b411a61aab8208d0f995f7929d568498b9f833e,"['dvpc', 'transfer']","[nan, '334001859494006728365982']"
0x83a67e62e7ebf7ad188d216c2bd634383f7d41babf0ce96f7a7a2c17ef627741,"['dvpc', 'transfer']","[nan, '24305011952080301572440']"
0x84173de4097a7c8f4ada96d49093ed4a7250457064e97e3db401dee679dfd0fe,"['dvpc', 'transfer']","[nan, '1000000000000000000000000']"
0x84aacd99b3c67f706eff23457cd5dd4043f0ed5d83494ccfac5b761bfba7eb34,"['dvpc', 'transfer']","[nan, '364655263701799129998']"
0x84bdb45f2934cdb0e092022ee6a2d136cad4ca5e81020aeaf1877975cf1dee86,"['dvpc', 'transfer']","[nan, '1000000000000000000']"
0x85721a9570b45a354454dc06f5de9cceef50abd4bd55183ffd018b8d715d7080,"['dvpc', 'dc']","[nan, nan]"
0x8591d7e228c7e5bb9cb4e0687a1152d85b10f809ae25eca4635073bea306c35e,"['dvpc', 'transfer']","[nan, '166897243175667980192569']"
0x8617e004c724cb30a93052e3adefcc9b8e64241b48a810052b9273fff290fc8f,"['dvpc', 'dvpc', 'transfer', 'transfer']","[nan, nan, '500150093015389819042787', '500150093015389819042787']"
0x865464723fc070d8685f1a6540370998904397e19cda7f0cc10f1b37290e1114,"['dvpc', 'dvpc', 'transfer', 'transfer']","[nan, nan, '2400000000000000000000000', '2400000000000000000000000']"
0x86e4e737ca0bd3ba85b9e9a005ec8f2278d2e20a38fe46b2b02e42fffaae110b,"['dvpc', 'transfer']","[nan, '50000000000000000000000']"
0x87eaa73e81fbaa57f6c2b51a8b3c222ac95ea0d0c61732bef9b0800f17b3656c,"['dvpc', 'transfer']","[nan, '100000000000000000000000']"
0x88eeeb07b19f2fc41f0d3d55ce5b9ea6c073be941bfb22972f7421bc0b791e11,"['dvpc', 'transfer']","[nan, '1435782234156891251408']"
0x894ecde6392122bc70694995aae73935b38ab39763122fbc836bb1ac88ed055b,"['dvpc', 'transfer']","[nan, '761124762709310047509']"
0x8acdfdbb521278e0be9e2e701c9ca8309d0e35ee630f9419f555412c1e484be5,"['dvpc', 'transfer']","[nan, '1276946981227803145611365']"
0x8ee6ab490ea56f10d58bc39efa5d72122c8a28f5ed44e0bd51c481ca1fc7a862,"['dvpc', 'transfer']","[nan, '1152120101559857314621']"
0x8fdced5d2a483f587ef062d5abde1b03d31327fdec736c756cb81bd8ed9a8034,"['dvpc', 'dc']","[nan, nan]"
0x914a5091659a3e3915af60fb67aae0561a7e3838c16df26451e7c9d4e2157a15,"['dvpc', 'transfer']","[nan, '200000000000000000000000']"
0x92af77e6fe9f6d811f458508a765c2f9c482cfcd711587fd8bfe0f62e296be86,"['dvpc', 'transfer']","[nan, '211962757302026948225']"
0x94135621b1bc8145eedfef316fd105413f57e8e2a46e695afc1553fa06f56ada,"['dvpc', 'dvpc', 'transfer', 'transfer']","[nan, nan, '16000000000000000000000', '16000000000000000000000']"
0x94ed31ef3d561edb1cd0372e8db06ab918d8dba7beacbd5cc9e78538c75f80b4,"['dvpc', 'transfer']","[nan, '435971458000000000000000']"
0x953dd809c1d59664453d8723006e16f95c4f09d55b29e63a36b5eeec9f248b7c,"['dvpc', 'transfer']","[nan, '117650198714696431591409']"
0x9540b48b93c2107daa7fb807cb937d712e277c0fab418ef78e35b624861c6d8c,"['dvpc', 'transfer']","[nan, '29231922220875073085712']"
0x962698853fa4697f69640f8bd9bcb8a6e28efd570fc89045f193b7229005ab0a,"['dvpc', 'transfer']","[nan, '79554202088756978270034']"
0x964d3aa21ede936dd23552e9613f3410ff4700ce6508b582c4f5a92dd29dbfad,"['dvpc', 'transfer']","[nan, '171619200000000000000000']"
0x96ee970df9eb9723c938cc78f176414f3f0ca6ac5c38baadca9cb3dd73ac6c72,"['dvpc', 'transfer']","[nan, '200000000000000000000000']"
0x975713fd2bbe8ef531f5bde724ce119f98d99f6173f152ff699b33a10a1fb564,"['dvpc', 'transfer']","[nan, '19518461355606477804630']"
0x97589c63bac35cadf674076a3d8b64bb5716fadb0569f9579378e667e3e98e49,"['dvpc', 'transfer']","[nan, '326382208606981034137']"
0x975efaf196a60d6d4773a3e2e36994bca22aa14aa256fc6e562c340c688fff51,"['dvpc', 'transfer']","[nan, '115963563378078246499060']"
0x99ff84ff43d33a682787facd6174d908dfb95db4b595d77d5b844f8cf6dd29b5,"['dvpc', 'dc']","[nan, nan]"
0x9ad60b111668be744c9409d28312aaff56f541aea0ff0335d1560e38eb0941fc,"['dvpc', 'dc']","[nan, nan]"
0x9b2e760a31cd6341a5aeba7f6b3384d8476c0c3cab8601fe66775e9fdd665471,"['dvpc', 'transfer']","[nan, '10000000000000000000']"
0x9b4cea0f86ab20e838918d6de6171a32a0a3ab95d8161d8bf47aece6e68a8ce3,"['dvpc', 'dvpc', 'dvpc', 'dvpc', 'dvpc', 'dvpc', 'transfer', 'transfer', 'transfer', 'transfer', 'transfer', 'transfer']","[nan, nan, nan, nan, nan, nan, '54000000000000000000', '54000000000000000000', '54000000000000000000', '54000000000000000000', '54000000000000000000', '54000000000000000000']"
0x9ba002a4de0e16bd0923609d49ffb33fbca35762b671998dc40662aa4b89d476,"['dvpc', 'transfer']","[nan, '200000000000000000000000']"
0x9c37f76b873ddc4b5222ae36fb6acb901a334f572953d60b9e3363f4d6731dfc,"['dvpc', 'transfer']","[nan, '200000000000000000000000']"
0x9e60e0f4b2b7459b75478a103455ed19202efd3563c72f4a814a048e269f5f75,"['dvpc', 'transfer']","[nan, '280508519364112971418907']"
0x9f7c66cad3204143ad6567e1370b0bb9a08b6f2f01be44894c6320434962ccc3,"['dvpc', 'transfer']","[nan, '21110928133538847888369']"
0x9fb7b156fd1bb1ca5f813888d900cd9e14f170163804bd8dda9fd811a5cf50e1,"['dvpc', 'transfer']","[nan, '50000000000000000000000000']"
0x9fcc18137728e2f40d006bc755b3bed2a523988dba40e442ff94b19d9a79583b,"['dvpc', 'transfer']","[nan, '50000000000000000000000']"
0xa0294da87381059cb442d0a8a45aa51f518951718a8d25a51432d220c59f45c0,"['dvpc', 'transfer']","[nan, '58535566655296127952567']"
0xa14b6c1618234f59303b8fad30e968232f6cbe2edfca3435e91bba9ac1411e13,"['dvpc', 'transfer']","[nan, '10000000000000000000000']"
0xa1a8942eeb20d02f6e0bb3fe3e53b90ff978598e4d5e8c54fc36d77435b1f199,"['dvpc', 'transfer']","[nan, '140467604166113']"
0xa1dad2ace9a96512059a097051205ee17fd0fc776d74fa158215f4f34f841979,"['dvpc', 'transfer']","[nan, '500000000000000000000000']"
0xa21b088ec244b5f4312ae29ae6e74210f39cb2c6e3fe7312b33602bf64924825,"['dvpc', 'transfer']","[nan, '1008786592396893183686']"
0xa30737115c0f71caaa764d2d0dd7e45ecf337eaee7fc9ba406250c6c7cffdfd1,"['dvpc', 'transfer']","[nan, '227644068154912903771352']"
0xa422bf1a49bde004301034853b6bf574f91917761865d38dd0774ceab8bcc8bd,"['dvpc', 'transfer']","[nan, '382875262441837667042']"
0xa46c6cbc92bc9d0d3be5c76ec8a3ed8eccb27e43f2720eceed3db5e2c90ccf55,"['dvpc', 'transfer']","[nan, '22000000000000000000000']"
0xa49c33a6972d7865bbec92d44899a0a24d265c52d2830ff9106f9f35efac2df3,"['dvpc', 'transfer']","[nan, '45771539649491025557555']"
0xa535fbdd085be2f4d4de0cba4ea765fb17f902c3a14391c43fb72024ecc11c7f,"['dvpc', 'transfer']","[nan, '1056127203415138113378']"
0xa65a0ddda72da795172ac5f3216b5607248a1d257177ef4fc3c788e6e7d3a28c,"['dvpc', 'transfer']","[nan, '2650252092846270928462710']"
0xa704bfcf69095a861240a1168dc017480817662431d596fb8c0bf884be134538,"['dvpc', 'transfer']","[nan, '333891079310004862002']"
0xa86ad384aed38a4290f2c56af5c102a3c5b7a8131d330e829459fb612cb40195,"['dvpc', 'transfer']","[nan, '713533329867507217801']"
0xa8cdf5c5047671f2b13adc2660ac0690ddec365bbe8831d1e4fab42bd4e31fbf,"['dvpc', 'transfer']","[nan, '50278729043266472087017']"
0xa8d6f1a9dd2e148895d6310b93f4ef8434234909f84f89c45acc1acb94dd6606,"['dvpc', 'transfer']","[nan, '181853006426122785796528']"
0xa919d3b58155aee3b42f729ef5932844a57b3eb1f23e6ba7b2251f3b1263039d,"['dvpc', 'transfer']","[nan, '63337022744199199475152']"
0xaa067b4861338248321ca283b095221f4d11bb3796a1a5599fa5ef588482a531,"['dvpc', 'transfer']","[nan, '78032280707984394209786']"
0xaa9e7adb592ee92e10133d3910b0edfdfe4620d28b823623f0787ddcce2ca740,"['dvpc', 'transfer']","[nan, '115745740000000000000000']"
0xaaa5eb21a263fc414b4cdd612f92d6c3c66b81bf423969df6cdc4fefff3e6de7,['dc'],[nan]
0xabb3d30396cbbd404d222a8c5231fd30886b886d2bfa536970d86365293eec6e,"['dvpc', 'transfer']","[nan, '50000000000000000000000000']"
0xac8ce272e071bc7d72107e6bc078bdeb0689dfd81e2107b8451f19db0fd45b50,"['dvpc', 'dc']","[nan, nan]"
0xae776d092fc18f5317b8470f8b4cff8fac82955f6578aa7751c29ba1a46f7886,"['dvpc', 'transfer']","[nan, '268000000000000000000000']"
0xaef4536166414074b3f87fb6b57e7376be76cf9de9f4b3ee663b9d16be887373,"['dvpc', 'transfer']","[nan, '20252753606252929567']"
0xaf0f194db135a9dcc9527483a4ea91de65fdf2ef53a58a2a60ecbb675febe0d3,"['dvpc', 'transfer']","[nan, '2000000000000000000000000']"
0xaf847b173437099d69ea6b0614591279613c2a3b75ab0b3c3226be2cdf93f559,"['dvpc', 'transfer']","[nan, '5900746839328263141801']"
0xafba4f17ee01dbcdbfb73e65ed3f661052153936284d2c970ddc280c0e9fcc3c,"['dvpc', 'dvpc', 'dvpc', 'dvpc', 'dvpc', 'dvpc', 'transfer', 'transfer', 'transfer', 'transfer', 'transfer', 'transfer']","[nan, nan, nan, nan, nan, nan, '475000000000000000000', '475000000000000000000', '475000000000000000000', '475000000000000000000', '475000000000000000000', '475000000000000000000']"
0xb01ef0fc0fcb4aea246599774aadefc853b6782f049eff4d86bf7525b032c714,"['dvpc', 'transfer']","[nan, '14129505053048878557544']"
0xb0ba5ff3f73c5d849fd54608ee4c38d2fa4a6018281fa0c624267737f4330b52,"['dvpc', 'dvpc', 'transfer', 'transfer']","[nan, nan, '34000000000000000000000', '34000000000000000000000']"
0xb11b76a791e3983c2c016fbb11c490a02a5dfdc3abeb80c1290b5cd73a960c41,"['dvpc', 'transfer']","[nan, '54121850000000000000000']"
0xb126c08c700e4ed4efe3a18868b4fdfd360d3db97679f15db27bff5fbe4e6bd4,"['dvpc', 'transfer']","[nan, '192031544762545167586486']"
0xb14fb0223fd5c6764cec47bb6beccacf182785a9c12108cbedafd86b7b092769,"['dvpc', 'transfer']","[nan, '15000000000000000000000']"
0xb1c84aeb48396695ad28e03b7d131243b1a6da127dc2ee08fd81d9db52e9e375,"['dvpc', 'transfer']","[nan, '500000000000000000000000']"
0xb2a15fa55551640acf04a2bf43bd94a8a0349718ef36264ffe8b4e421beb18a4,"['dvpc', 'transfer']","[nan, '7777449310000000000000000']"
0xb30bb5baff919eb9092880e10994bebb1bcdc1db214957450b69709bc77a0744,"['dvpc', 'transfer']","[nan, '686698102029095126759']"
0xb401666320ccec9d6bdf111e2ea378876cf446245c9e64dd2cfe9fdf4dd607bc,"['dvpc', 'transfer']","[nan, '57996923355752793898959']"
0xb4059483d31f93caafeba57fb16d04d195c9b42a91c4646030d9c10b89e56c47,"['dvpc', 'transfer']","[nan, '50000000000000000000000']"
0xb43bf097f4655429468d85b4df40835ce148ea84f7472b6899b2ee2b09e23727,"['dvpc', 'transfer']","[nan, '150000000000000000000000']"
0xb469e6808f5b46dc926e0837a437802750cf2d5fcf020ae10ce052a36121a093,"['dvpc', 'transfer']","[nan, '2363263857702021033145']"
0xb56d30bd3a39bf777a2045cea78b04424851a3f39515cde9fe4d20f91f9b689c,['dc'],[nan]
0xb5b73b99728131f253c9b922715fdb9e44eaf80503d9427a569d437684c9c3cf,"['dvpc', 'transfer']","[nan, '209162700000000000000000']"
0xb5defb144675e7b636e4990d278030388f49737d73ea654d5da301293c6d1d43,"['dvpc', 'transfer']","[nan, '21110928133538847888369']"
0xb85d3f9a25a89e2c944e8de3ac1f4ebd527c335c3cb9af701b6b208af132cb32,"['dvpc', 'transfer']","[nan, '39875626530180000000000']"
0xb8cb668c5199f9609aea39729af36501db2dc647e7c1bd2edf783c32cad36412,"['dvpc', 'transfer']","[nan, '10000000000000000000000']"
0xba9a87022cd7d903f07572f597efa6b0e50d6dee1a944efe674a94bcf669dbad,"['dvpc', 'transfer']","[nan, '55656149585658718078809']"
0xbae5c2f95530f01537a70b63f4688b22289a4ac738465ff313810415efa2faa5,"['dvpc', 'transfer']","[nan, '100000000000000000000000']"
0xbb0062af18ae5d8912c9ea1bcbac3450fcfbe730d4fb0eeae92be2f8f74ec240,"['dvpc', 'transfer']","[nan, '2000000000000000000000000']"
0xbb8f30e3420e2125f2ad4904a2a9912b8195a28c25782dddea5a17fbbfb4c57b,"['dvpc', 'transfer']","[nan, '26069799609358308846659']"
0xbb9811d6e3f9fee7586a952979515852b0ade116693b816f723183f8674afd46,"['dvpc', 'transfer']","[nan, '742272526089742174566']"
0xbc15ed1318fd9f99fdabf5819ca5c7abd80d984274c57b9d562fd3d57bd892f4,"['dvpc', 'transfer']","[nan, '200000000000000000000000']"
0xbc8889b957d1700ee3967cb50a71d62286d5bf77322edd7c182607803d7fd060,"['dvpc', 'transfer']","[nan, '23468277832472463737902']"
0xbd2afd0d77696d5431c5c0d797b89771e7e3ceea61b52467f6658d3d4550633b,"['dvpc', 'transfer']","[nan, '1000000000000000000000']"
0xbd4063097783c080c98a359490bcdc91e8d7132b7413f199eb9e06ba22a99e6a,"['dvpc', 'transfer']","[nan, '1276509914594960257060714']"
0xbd84f08e7924b5486ac75c554981fcf33d1ce0079a9d1578612843fd084ce9db,"['dvpc', 'transfer']","[nan, '301372140000000000000000']"
0xbd8b63daaf297cb458ff01b8d0521b5f532a5f602269d6f7d93c78d202edd171,"['dvpc', 'transfer']","[nan, '10000000000000000000000']"
0xbee205216298b6e42c38076adce88f9c158b267542cfd1a86fb2dd28a9678137,"['dvpc', 'transfer']","[nan, '1761071276335193641129714']"
0xc2c4c3495e35f8a9cf52091cd334c8847ab58d236ea187fe6271247ad22801c6,"['dvpc', 'transfer']","[nan, '24444909720265416330747']"
0xc3c405b72ed9f3fb543957776dc8e681ed75235388d7a552d4c8c5111993ad34,"['dvpc', 'transfer']","[nan, '24601327124697949821827']"
0xc3e733cf73dc36215e510234f87cd7ce3c0ae61e45fbb7082ec06a1e1b93d025,"['dvpc', 'transfer']","[nan, '800000000000000000000000']"
0xc4d736887f32f56d1edc0beb94aaabefbe3186494d3f4bdc9d6dbb1d3e7a9d46,"['dvpc', 'transfer']","[nan, '10000000000000000000000']"
0xc4fa4ff6a353035268b391fa4ea62de8bf05b5f8ff98c7c3eb267acebda27500,"['dvpc', 'transfer']","[nan, '1722710024522239134111280']"
0xc568457eeff102b1c53edddf8bd0794330b9524ac20c3abae3851f9c3c2ece66,"['dvpc', 'transfer']","[nan, '1300000000000000000000000']"
0xc5c78a6c0121a3c2368a753af5b7f7e2d641632d0fc8d8c9f1e786841085e911,"['dvpc', 'transfer']","[nan, '1772447893276515774859']"
0xc698235c57e3fde9d242272f5763e0d0e2681b11cbc3b8358584c1eb3a59faae,"['dvpc', 'transfer']","[nan, '100920310000000000000000']"
0xc750d300b197eaab3bbb81bf32b211e97f197a2b986732916e06c8b920dd6247,"['dvpc', 'transfer']","[nan, '200000000000000000000000']"
0xc7b0b20c71cfd13039a2c27f11aa51fc2446e1098fb88517156be71f4f3d7043,"['dvpc', 'transfer']","[nan, '991548501998004148582']"
0xc841cb1ea2191b92132740cf9d707ca6e1a282f21741e8f8082548ee9e87078c,"['dvpc', 'dvpc', 'transfer', 'transfer']","[nan, nan, '28000000000000000000000', '28000000000000000000000']"
0xc88e6e26d328d6576dd3b94ff19b48e3d8dee15ea09f4c92c6edfee73aa53462,"['dvpc', 'dc']","[nan, nan]"
0xc8af15548024b2b302aeb22e4638026262d64d4b2dd1995c5dda54e55992e057,"['dvpc', 'transfer']","[nan, '2073631447662972158224']"
0xc9c148b1ed2de0f021732aa390b208c0c39f419cce9c27f8d540e36302def47b,"['dvpc', 'transfer']","[nan, '229276641142137045800']"
0xc9c546161b433a797885cae9ff0df577fbba2d01dc89b7d31222bad9b0962f8f,"['dvpc', 'transfer']","[nan, '387330269309623445197']"
0xcb3cffce42206765b27c5e088a24db0338a7f359e11c7548fd299f6875fcd09c,"['dvpc', 'transfer']","[nan, '1000000000000000000000']"
0xcb5d114a98f5c83a7cf001b57f9ab5b6ea7a3699c91342deda1afe7380804359,"['dvpc', 'transfer']","[nan, '1000000000000000000']"
0xcba66b36d545a55c0e4f2bd40f15fe120605250857a2bc6d8d48de49adc57377,"['dvpc', 'transfer']","[nan, '45230497977593203077941']"
0xcc44c9643b4ce93a01c7ea81caa4c365c3bbd4908e4c79ecdf79fbdac6483655,"['dvpc', 'transfer']","[nan, '93922261857313355327670']"
0xcd0a837d8373a8e8f7380c1b5c7dcae145d98fedb8c8246be3befd34942d6d97,"['dvpc', 'transfer']","[nan, '500000000000000000000000']"
0xd05c69d703abc8917de381254137030ba94ab48fe4f6921fe25532feb4446fe7,"['dvpc', 'transfer']","[nan, '10000000000']"
0xd08ce9e63715a6642855243de91b09dced1a217cf2537322329867ccff74443d,"['dvpc', 'transfer']","[nan, '597567858954845256215119']"
0xd0c97a96f3ef42bc54415ccbaf6efe1033ccd3d1767655d35f7dcb325d9e2b84,"['dvpc', 'transfer']","[nan, '100000000000000000000000']"
0xd12881396f9b6456bce8f8d42068a310618f76ccf155594dc3e555c430a93399,"['dvpc', 'dvpc', 'transfer', 'transfer']","[nan, nan, '200000000000000000000000', '200000000000000000000000']"
0xd29d56386b32e1995107b05cc8c0f11189410ae64a17c5790f243a2c89a03a22,"['dvpc', 'transfer']","[nan, '230760150000000000000000']"
0xd3a3baa083447302450b706c78288d729f7429e07a94482e86ea5084657ca093,"['dvpc', 'transfer']","[nan, '200000000000000000000000']"
0xd529f2b66824c94838a70f4cee38f36cb4fb0d4401dc1d3324114e9a4b1c776a,"['dvpc', 'transfer']","[nan, '815183365361668990998']"
0xd56149fb1610779eae3358e6e134015156b106100d64c408b5eeebd0e4b70a6a,"['dvpc', 'transfer']","[nan, '1139578048368002705902250']"
0xd57bf938e11353d31ee24f84796b44656926c9e2b4937712189fdbe593d0c04f,"['dvpc', 'transfer']","[nan, '1313849251648909183155758']"
0xd7848a0401c1e2754947f992e62f19b20b9cad68bc50a1fba9ecd23985560d89,"['dvpc', 'transfer']","[nan, '1711563513823069979331']"
0xd9e3b5b107523977160acec05a289eaa27b81c2fba2297086df0f19f78159d63,"['dvpc', 'transfer']","[nan, '14409427373088652753897']"
0xda1d479debcf3ababaf806c06643f18e801eeafdb9b09d03bd2761e47887bc8b,"['dvpc', 'transfer']","[nan, '35982686453576864535768']"
0xda57d1a0026ac566ab64d2d257c4a94138b0c55491e40a154bb0b8315a04db85,"['dvpc', 'dvpc', 'transfer', 'transfer']","[nan, nan, '14000000000000000000000', '14000000000000000000000']"
0xdb2bfb126ac1d0cddfeda9ebd04d73ca4b1e6e4e4508886edfd06ad048ac3a72,"['dvpc', 'transfer']","[nan, '44814348855462367360824']"
0xdb661a4e6eab419a7168e1d9a29eb4ba626760fa14d5bc6a48f7cecf2a0f17a5,"['dvpc', 'transfer']","[nan, '11666175400000000000000000']"
0xdde51e569ebc9571371e15eddbf50f8e2c84a829a108fd13ea2987b41199c35c,"['dvpc', 'transfer']","[nan, '95000000000000000000000']"
0xddf56b1c42128fa5b72da13b2e4ae89ca488abf9c2d61dcae6b7b6d1b5df7f8a,"['dvpc', 'dvpc', 'dc']","[nan, nan, nan]"
0xde754769077424135225700cccd5c47744b7f03edf516fedf9fb8f1bb04ab78c,"['dvpc', 'dc']","[nan, nan]"
0xe0769153801bd0cc05256bd2609cd195afdcb3bd89f7db93af1ef62817450fff,"['dvpc', 'dvpc', 'transfer', 'transfer']","[nan, nan, '166666666000000000000000', '166666666000000000000000']"
0xe0b6c4f00aeb200b408b7cacc55a250357e0d3a829978f716d2e590d11df25cd,"['dvpc', 'transfer']","[nan, '101640154137158332284735']"
0xe1cf88527c41eb86d0db2075f72900419467f81fdc183f3a1bc5dc11b1ceb960,"['dvpc', 'transfer']","[nan, '13643726410830131169907']"
0xe20b3ce2bb0bbe022e454d22224b88c0b977914d3f67a7c1ce01a52ace7465b0,"['dvpc', 'transfer']","[nan, '960000000000000000000000']"
0xe3d913b253b223650013e9bd8026ee4a99994d6889486c9685ea476d664cdf91,"['dvpc', 'transfer']","[nan, '64351508356967061962865']"
0xe4ed6fb6fb9df6a89d8eb7cfd7733736a0dc057c9032ea868a8b56038f5a50bb,"['dvpc', 'dvpc', 'transfer', 'transfer']","[nan, nan, '6898500408705511854524', '6898500408705511854524']"
0xe654652b30d75b1d3d5cf12570a8ade763ba2fbbb43d691e9c600b5809e413fa,"['dvpc', 'dc']","[nan, nan]"
0xe7095dcc01289113594a80fb490e18c4218c9b085abc129763047f1127358528,"['dvpc', 'transfer']","[nan, '2000000000000000000000000']"
0xe735c1d31643f046c21ea09b8060cb6d4cc35c3ae2c01f25b00b652bbe98d8d2,"['dvpc', 'transfer']","[nan, '1900000000000000000']"
0xe7390650482d74cc865ad236be271b6c16c5502e67c5d4aca11556ec478de88c,"['dvpc', 'transfer']","[nan, '3600000000000000000000000']"
0xe75d62e486cbaca859f95f1ffe9439fe1db6a3db2fe45649c8a3cb05902d298e,"['dvpc', 'transfer']","[nan, '46000000000000000000000']"
0xe8270a8a84e2a0ada241639aa7d097fa26f040a80a61501459490dc5b8ff799f,"['dvpc', 'transfer']","[nan, '366488204383599101933187']"
0xea9d4813654ba23fcfd0c6dd6e005af2736a3ea93358758bfa6df8da54714160,"['dvpc', 'transfer']","[nan, '548534303658702842461']"
0xebddf636b52dadca454cecd514383a076bcf0b9bc2e252ffbf443c4f32c64f55,"['dvpc', 'transfer']","[nan, '271158188777982444456']"
0xec391a0a79aaa2a19e75b9c137151f4449a427bd23c092b0f761e98537ce754a,"['dvpc', 'transfer']","[nan, '1000000000000000000000000']"
0xed6b9939bb64a9275b674210cbc31400f11428a1f27d853150a3f88ff66909bb,"['dvpc', 'transfer']","[nan, '314721799424995772027735']"
0xed868a5d3205df3d6f34e8ba63d3933ab46ad39ce2cff150335e31826b755c25,"['dvpc', 'transfer']","[nan, '109991000000000000000']"
0xee708e7cc1b1a62403da0b77c06ced1112c795d96409d4120ea0af088cbc22a9,"['dvpc', 'transfer']","[nan, '2000000000000000000000000']"
0xee7e0f65c0d78704aa7ab12dd32a1af84bcfe29bb25205c3babaa3c641224ce4,"['dvpc', 'transfer']","[nan, '500000000000000000000000']"
0xeeeec0b7b5b09a7923fb4f220b18f7d55ba20b7d161d6fd59378fa2070877d17,"['dvpc', 'transfer']","[nan, '2006337592766948895910']"
0xefef7b0ee4def4c9ea7c2d256c3adfba0a16c33cf7bcb0682d0da6a2e9ab287b,"['dvpc', 'transfer']","[nan, '336776517577083615645106']"
0xeff93a2cbdff6b3238375fe79d71a26e8d057a502d0b2b1821ebe321a80a70f5,"['dvpc', 'transfer']","[nan, '300000000000000000000000']"
0xf543d9a8c796119fb7cb5ff8138107bb4f1913fa1c11298a16316e5a4f841eca,"['dvpc', 'transfer']","[nan, '1600000000000000000000000']"
0xf58d57e40e313d1421abd3aca58161510419d338d230a79e6865284e60d685fd,"['dvpc', 'transfer']","[nan, '150000000000000000000000']"
0xf5bdfd4ae557a98407598ed03269621d2f51df3a3773baa6d82222fd3a9da8d6,"['dvpc', 'transfer']","[nan, '3600000000000000000000000']"
0xf652179163d4191325bcd5ad08e28ed0a7b3f47c88a71f018f8365df42de53dd,"['dvpc', 'transfer']","[nan, '1000000000000000000000000']"
0xf6e6f418c62a45e4aad9e0c48bdbc1584407d003f3d762ce966102d4b57ddbd5,"['dvpc', 'transfer']","[nan, '183108184648705035820812']"
0xf82fcf6366fbb0ab5f62cb29e8c9b0a868b3534bfd52aa71ea5d8115dec20979,"['dvpc', 'transfer']","[nan, '200000000000000000000000']"
0xf8b39761fad0a8341481cf14f48d820712ac2b4999ade1bdd11292eb8f42e9db,"['dvpc', 'transfer']","[nan, '500000000000000000000000']"
0xfb5fac2395c7cdd341d8bac1d72c6209407f1c59f134893854aec2e3d62e7410,"['dvpc', 'transfer']","[nan, '576038169116858242272']"
0xfb722a7223de0d5efb53a7f80e2a67c9ea127dda785633064b76ad67c130568a,"['dvpc', 'transfer']","[nan, '50000000000000000000000']"
0xfd531afc2d8e8fae1b7c26d2763807b05057749d13909a1426a5a47a60b31bb7,"['dvpc', 'transfer']","[nan, '257121895952851741221']"
0xfda745571d3bb43dd7ad67e9372b4634a303499cd904afdf1ef74599b2951b4a,"['dvpc', 'transfer']","[nan, '4544037502113986132250972']"
0xfe7e5cb74ce5c189cc4237cee6e3a2278bd3d8522b4decc24aa3e30ad34f6c2c,"['dvpc', 'transfer']","[nan, '519641573651276847623880']"
