,id,delegatedVotesRaw,tokenHoldersRepresentedAmount,tokenHoldersRepresented,numberVotes,proposals
0,0x107d1c9ef7a2ddb6a4aecfdcd6658355c7435a43,10001628492981176983580351,15,"[{'id': '0x1220e9da36b810aa15479b1fe1b9e50e370462f0'}, {'id': '0x12abe44ca3698a5d94d83645c8424052aec19471'}, {'id': '0x1b092004f299454eb549bee3d4801448aca66bae'}, {'id': '0x2f05954b0a41d0c2899c1bbb63615aadcb3f14b4'}, {'id': '0x37f40a3fd419af9d73c0046695acdb644ab8773a'}, {'id': '0x59a0229d44e270d9079a9643fd2ace4e08ea240c'}, {'id': '0x83d20a4b84380e62956e38452533f86d298dbc24'}, {'id': '0xb5baffb036576b46f45544174208faa5b7dc1cfb'}, {'id': '0xb91105f277a6b5046cf5faf3e8033ea31d4a0023'}, {'id': '0xd55ef4e514202fd5b8234112bbc458d12dd675da'}, {'id': '0xdc6b04b4e40fde7c0e9ee1171f913febdbb4b88b'}, {'id': '0xe6a6ee4196d361ec4f6d587c7ebe20c50667fb39'}, {'id': '0xf123f854f32fb3a03089c2a343c094b716629c59'}]",4,[]
1,0x114b8d7ab033e650003fa3fc72c5ba2d0fd18345,524000000000000000000000,2,"[{'id': '0x20280096501f76e1c97fe6301edf38c928ef64af'}, {'id': '0xd8d23c17a0c0e4d0633cd7891d6e88ac3063c328'}]",0,[]
2,0x1161f84e66fd7e810f0bd81c9d17d19007b13dc9,177265929438863593634,4,"[{'id': '0x1161f84e66fd7e810f0bd81c9d17d19007b13dc9'}, {'id': '0x331e5d9c3f48a73a46ad73c4d998c182a7f461e6'}, {'id': '0x5ca0f638674eb60b1a4f07d9abb502af8ef187fb'}, {'id': '0xae97e1f3a3ab3ce1198d94202c16292ad449ad2a'}]",0,[]
3,0x152ac2bc1821c5c9eca56d1f35d8b0d8b61187f5,1000000000000000000000000,3,"[{'id': '0x152ac2bc1821c5c9eca56d1f35d8b0d8b61187f5'}, {'id': '0x1b3c1b6bab5c57f3a3850d3fde4de06af6efa730'}, {'id': '0xd7f9f6bbc6d0ac90262d241042a4f1ed1a5f548f'}]",5,[]
4,0x16d5ea048d1b1746a2a44e99ada2a0efdc99a18f,3110102507657891362708,2,[{'id': '0x16d5ea048d1b1746a2a44e99ada2a0efdc99a18f'}],0,[]
5,0x19b570af5dddb8f0f5a15c83d07a1c5153865188,15000000000000000000,11,"[{'id': '0x19b570af5dddb8f0f5a15c83d07a1c5153865188'}, {'id': '0x40555cb54453fe31a51d9d980f802d8ece43a3e4'}, {'id': '0x4bb8905416bb3c5096052300dafac516e5bdf758'}, {'id': '0x60ab7a5534f4868027df1d06a336103f8909d45a'}, {'id': '0x6203af490feb5e5d66cf0c26bfb888e957563585'}, {'id': '0x89d3aa6304fd41bd5c3379b3d8b9f77c84bd6cf9'}, {'id': '0x922d745a071ade1f31e554d81056f111e938eb67'}, {'id': '0xc54c2ff7023b8a414b277528ee9c1c14a65baa99'}, {'id': '0xd9df03411978ac98916be074ad05dde787b69608'}, {'id': '0xde61b99bc59f1c9d3d91c4d96503b3b882335e85'}, {'id': '0xeca533c2184f11f76d4761e79fc2b465f678cdbb'}]",0,[]
6,0x1bbe64e1c584948a7e146817d8ab85c70694d66f,1000000000000000000,2,[{'id': '0x1bbe64e1c584948a7e146817d8ab85c70694d66f'}],1,[]
7,0x1f4e3a44c43df58452964cc7507ee793bf83a631,10000000000000000000,2,[{'id': '0x1f4e3a44c43df58452964cc7507ee793bf83a631'}],0,[]
8,0x1f84ca2c0a406b32e083e4e41032fd148364df48,2167553275600106895432359,2,[{'id': '0x1f84ca2c0a406b32e083e4e41032fd148364df48'}],1,[]
9,0x30043aabbcebbd887437ec4f0cfe6d4c0eb5cc64,709200771044352442345,2,[{'id': '0x30043aabbcebbd887437ec4f0cfe6d4c0eb5cc64'}],0,[]
10,0x3490590e79b84553495b2f3f04a9c1ee7ee60e90,420690000000000000000000,3,"[{'id': '0x19f99f2b085adf38ea5c4d9c7df6f582629bf9d9'}, {'id': '0x5051c0dfc005c947736a362e890346c9980ab7d1'}, {'id': '0xf0b285aa01c7606842bd3e3e50fe9e2ab1ef4cfc'}]",7,[]
11,0x431ad3cf940cf01a690148af725c70bc28c5d633,39595458337895956844982,3,[{'id': '0x431ad3cf940cf01a690148af725c70bc28c5d633'}],2,[]
12,0x4636650a4be0f6bfa226c31b537349e9d43df6c0,21009160462951543999811,8,"[{'id': '0x30fe0d8d2d81ea568ff60b6e28ab74eb7e548cb0'}, {'id': '0x459e43485750a64e694a41db89f49a10b3b4225e'}, {'id': '0x4636650a4be0f6bfa226c31b537349e9d43df6c0'}, {'id': '0x5157f7e2b349383802ef1244aeffb1c3e693e4da'}, {'id': '0x5f3cb9dc91394d5a9441cf6c753589ff753cbbf7'}, {'id': '0x8c242d39b4fbd89d371b4e25c96774ae1fbed4f0'}, {'id': '0x99c84a29040146f13a0f061d7a98c3122da3e29e'}, {'id': '0xf4275a9964a438e0b435579c1a48151e2b10b0d1'}]",0,[]
13,0x47c125dee6898b6cb2379bcbafc823ff3f614770,1000000000000000000000000,3,"[{'id': '0x3d698e1d6578ef7a86802d0766e12b69f817ad9e'}, {'id': '0x713b00522698d7f2d3bc25cd5d0c21fa66dce001'}, {'id': '0x747b2c6b14d81e6429d806fa830444ef26578f53'}]",3,[]
14,0x47f7ea0dd4418aa1cec00786f5c47623ac37ba42,737037234017279351345665,3,[{'id': '0x47f7ea0dd4418aa1cec00786f5c47623ac37ba42'}],2,[]
15,0x486c33760ad3f6d9cf4a63493773e2b69635d602,10001188262364746290019029,9,"[{'id': '0x1e8ee48d0621289297693fc98914da2efdce1477'}, {'id': '0x32791bbc7ddc9d0e6bd914f3b7f73747132a3a5b'}, {'id': '0x4900ab2593bc24148aad07f965741a26df0b4b13'}, {'id': '0x4f6b7cb9b37f7b6deeb8135125acbf67d3f9fdc9'}, {'id': '0x523423b4613bd0801d45e1f229093415e59c48b1'}, {'id': '0x5a3c1249d03488f53bbc30b5a833a390372095ae'}, {'id': '0x63749fd1b46422b7e6420caf7f85e8663810e27f'}, {'id': '0x6cf1e4dfa2eb98bd7496ed241891850e4231c96f'}, {'id': '0x7421c1ed16b400e4868ce696452c3c985f8cd04d'}]",0,[]
16,0x529408a6962bae6ca5328874d633738116b89b05,466895786426520681,2,[{'id': '0x529408a6962bae6ca5328874d633738116b89b05'}],1,[]
17,0x5315a1c257fd6266f9608f31ac9b6501c98c5750,1000000000000000000,2,[{'id': '0x5315a1c257fd6266f9608f31ac9b6501c98c5750'}],0,[]
18,0x617371b61ebf67edb2253c466c0833dcbf424e96,14000072733756,2,[{'id': '0x617371b61ebf67edb2253c466c0833dcbf424e96'}],0,[]
19,0x6271add46dcbb4b4ef5b32f18704bdd716bd9be9,214179265138969151593121,2,[{'id': '0x6271add46dcbb4b4ef5b32f18704bdd716bd9be9'}],0,[]
20,0x66b9d411e14fbc86424367b67933945fd7e40b11,5006209744405515272523107,3,"[{'id': '0x4682f0ccc7bd7cd668bc319fce8497a6b35277e3'}, {'id': '0x53e788cbde025ae8c85a5fd19ff4397f8e44cee1'}, {'id': '0xeccc484dd4093f62fc24c4725800013fbc2c1d15'}]",38,[]
21,0x67a94f8e0b813f494540824aedbfa84cbea3948a,655944931964905161678788,2,"[{'id': '0x67a94f8e0b813f494540824aedbfa84cbea3948a'}, {'id': '0xa0356fe7f024ced2e54b0c7da29d64a4e3e3c573'}]",0,[]
22,0x6b227b3f11cf28a7c5feb47be9b3ba8493d77381,2500000000000000000000000,4,"[{'id': '0x6b227b3f11cf28a7c5feb47be9b3ba8493d77381'}, {'id': '0xb788672aa76f24fd2a9ec4f2aefcd78e9de356e2'}]",10,[]
23,0x6ef71ca9cd708883e129559f5edbfb9d9d5c6148,3000000000000000000000000,4,"[{'id': '0x6ef71ca9cd708883e129559f5edbfb9d9d5c6148'}, {'id': '0xbbc8165facb311c8913f42262e2f3d11893c25f6'}, {'id': '0xf55c682083d8e0cb3eb2cc40c42a81e2ebff899d'}, {'id': '0xf5b44d8adf51dedd0019c75c7c7e21257d371b26'}]",26,"[{'id': '38813827748657927688712449919303464603881921173152703694284146936644184242456'}, {'id': '42252633381525796377407696085248355994722597040719506134401876309524117642013'}, {'id': '55654538222395827191607660917819591808474733789381871039360955987605220089189'}, {'id': '60649349177415559308001893280824389445205655928095685943458446188306724711052'}, {'id': '66387424290527766319246378276944871673079695361385426438708140159094641378888'}, {'id': '66667349112851224683580888438687783361640656155642227132655133290875788452872'}, {'id': '69735027602527924842253936836766902646166984300134193529060263948046226490388'}, {'id': '73485618643971795717112481006319668453253357499719729532595075539568233811807'}, {'id': '87826688077109544627455919689171468086510709288951532806614764057386281054211'}, {'id': '96878812628470911023702581630125349233242346155539595475676732711023423682214'}, {'id': '97558006352520212767452555065898087343621076729035438010328514230878177582951'}]"
24,0x6f90dd610539cec95ac4093479cb6357bd4e4d84,2500000000000000000000000,2,"[{'id': '0x6f90dd610539cec95ac4093479cb6357bd4e4d84'}, {'id': '0x829d025e88abc90b8c8beaa29d76aab72f4dfc8c'}]",7,[]
25,0x70b6ab736be7672c917a1ab11e67b5bc9fddeca9,5114000000000000000000000,2,"[{'id': '0x1244b1a95cd9fcf8ab6749f0aaa384335f7daae6'}, {'id': '0xccd72bea12f3927063be3d8798a4b74082713cb5'}]",13,[]
26,0x79293291cd70edf2663190783e0a69dacf42cf92,211611684631312171008,2,[{'id': '0x79293291cd70edf2663190783e0a69dacf42cf92'}],1,[]
27,0x7a67928bb379974768668d50ab991eefb5f08c0e,100000000000000000,2,[{'id': '0x7a67928bb379974768668d50ab991eefb5f08c0e'}],4,[]
28,0x7e743dfc9472ae3b6c060b85f2dedfcccd6001d2,2500000000000000000000000,2,"[{'id': '0x6d1da8d6c9eec52657566808acbcfed4087005a0'}, {'id': '0x7e743dfc9472ae3b6c060b85f2dedfcccd6001d2'}]",38,[]
29,0x819bc7bd534edb2dba22c022ee8560e30641c82d,200000000000000000,2,[{'id': '0x819bc7bd534edb2dba22c022ee8560e30641c82d'}],0,[]
30,0x8537f7aefa8e3ab9a20330a37ecfba2b021e335f,2000000000000000000000000,3,"[{'id': '0x1d0d42c083ec7b10ed53956d3d5dc02d202fc665'}, {'id': '0x8537f7aefa8e3ab9a20330a37ecfba2b021e335f'}, {'id': '0xc4f1a1cf21020ff3980aacad3c2a0268cf63cde5'}]",2,[]
31,0x8639f60e8f9b984eaf62b0bd89f62d6161e182f9,2500000000000000097766454,2,"[{'id': '0x708a4272c922384b8c8964672d9c096de2964903'}, {'id': '0x759a159d78342340ebacffb027c05910c093f430'}]",11,[]
32,0x88b4997a59c22492014d8798cda29a2416b911ac,134721525712832707211,4,"[{'id': '0x87a3f0474ee9ae83ee223ffd5a47cba66d1e593f'}, {'id': '0x88b4997a59c22492014d8798cda29a2416b911ac'}, {'id': '0xb6c91b7e00b410a38943852d53c3a018e48b1ebb'}, {'id': '0xfa5986f5a1c80c6207327108ddf2b229f17f3b62'}]",0,[]
33,0x90300d66af91d5eab695a07c274e61e1563967c9,3922904920978712308605,2,"[{'id': '0x73ec506c810ad462f69eb1e4f552840cd02caeb0'}, {'id': '0x90300d66af91d5eab695a07c274e61e1563967c9'}]",3,[]
34,0x940214134c5e8d81dbd5e9015908c697dab5e0dd,72598297645495267276,3,[{'id': '0x940214134c5e8d81dbd5e9015908c697dab5e0dd'}],0,[]
35,0x961bcb93666e0ea73b6d88a03817cb36f93a6dd9,4012900449876067773419543,2,"[{'id': '0x034b7e1ae1c741fc54c6ec059aeae2dac93262a1'}, {'id': '0x1462f0c35a3e48027ad72bef4e3925aa4fb4a14d'}]",2,[]
36,0x9644baf6f07a165c7cb2f5d51d3d6fb911ec85ff,2816412415352431549054,2,[{'id': '0x9644baf6f07a165c7cb2f5d51d3d6fb911ec85ff'}],0,[]
37,0x9784620a618463465d03ab97f64dbd35bba30c75,1000000000000000000,2,[{'id': '0x9784620a618463465d03ab97f64dbd35bba30c75'}],0,[]
38,0x9c5083dd4838e120dbeac44c052179692aa5dac5,395597905074549678557,10,"[{'id': '0x4702d39c499236a43654c54783c3f24830e247dc'}, {'id': '0x5180db0237291a6449dda9ed33ad90a38787621c'}, {'id': '0x5efa253bfa8c626000393c6c654611267261d942'}, {'id': '0x66b870ddf78c975af5cd8edc6de25eca81791de1'}, {'id': '0x7b79c37bb80cc76fe6b758c7140228fecc7e2a2e'}, {'id': '0x9c5083dd4838e120dbeac44c052179692aa5dac5'}, {'id': '0xd19ad10aa71eed626ee75fcc46d11f736c9e6cb6'}, {'id': '0xfcf7ac816bed302829847dc03bc1c03ba53c5c96'}]",2,[]
39,0xa6d08774604d6da7c96684ca6c4f61f89c4e5b96,1000000000000000000000000,2,"[{'id': '0x6a5155372a72ddb0793173e4d319978583c95252'}, {'id': '0xa6d08774604d6da7c96684ca6c4f61f89c4e5b96'}]",6,[]
40,0xb160af41084478567b9e10936670895bb708100e,25000000000000000000,2,[{'id': '0xb160af41084478567b9e10936670895bb708100e'}],0,[]
41,0xb2be6d8e872c7b08085d9dce6afcbd0286c75b0a,3121914421644057629959,2,[{'id': '0xb2be6d8e872c7b08085d9dce6afcbd0286c75b0a'}],0,[]
42,0xb3a639757973ac341533344c78d457b934108c8d,100000000000000000,3,[{'id': '0xb3a639757973ac341533344c78d457b934108c8d'}],2,[]
43,0xb81cf4981ef648aaa73f07a18b03970f04d5d8bf,2500001000000000000000000,3,"[{'id': '0x84e1a242eb0000e2942e213e70639fddcbdd3ea8'}, {'id': '0xb81cf4981ef648aaa73f07a18b03970f04d5d8bf'}]",13,"[{'id': '100913008905461844936601668456794711523658459114127771687920359665569753117360'}, {'id': '114110038939654197374429334111955717306290796780942705117190274082864935809950'}, {'id': '1870820563141582985223184432053417653479644361393739157258847706466023919010'}, {'id': '37164767022177147567887349965873626787963830552931576465639237276464913143232'}, {'id': '45831881528379922616806142061461916183100149349131643570805444010998963551772'}, {'id': '50701005971734597725277027965074098883968098364001934028654602629041796353286'}, {'id': '54737972228715148291831450377954475770670423675395942151334883116464258243647'}, {'id': '64261917347004187717856849603604078951094261479941283877539420885432321926740'}, {'id': '91029981361606648885693306378308858841543598617836257600463077984671548586385'}, {'id': '93357291593194312261346499544567298679261704308288227159285002033190414845299'}]"
44,0xb8f482539f2d3ae2c9ea6076894df36d1f632775,50679308230984269434699030,43,"[{'id': '0x0653d6c69ced0880b8f5c91c5d37f3dedd7d20ec'}, {'id': '0x0eeeff44e8f65db5cc841e3a3d591499b74f85e6'}, {'id': '0x1c0e68b94a8c8bd16812c8e020ff92d2ae502ed7'}, {'id': '0x1d8eae1014bf33357e7a10b4428d57cfed07ddf8'}, {'id': '0x1dce25415d54e6bc694aafa6cd5e650d28bb786a'}, {'id': '0x1e903fd5be070c1a8056fc525346afb00219a59f'}, {'id': '0x1f79c98d52a43992dc3c7e372a2b1f3902eb974a'}, {'id': '0x2a7fc8a141428f145c43276909294ac8dc541e58'}, {'id': '0x2ca5be7cc487310ac462232ac905d59d07fde6ec'}, {'id': '0x2cf220803c2cf2dbe296f341b7112be1edd7ed3a'}, {'id': '0x2ed3a612ecf85e8914cc10e56d83c238b9bee1c7'}, {'id': '0x3109d1840d06ac286c2cc6c1d709049351b75744'}, {'id': '0x3813f881165db947efbe6254ab2a506fea8eb594'}, {'id': '0x3ae5f59d8813315e17eb3f2bec21c0e935cf0808'}, {'id': '0x3c19d20514a521255b14eedddba3be0ef06bb907'}, {'id': '0x48e5f5d962d75d6a2ef88b9b89a96189e8d018a7'}, {'id': '0x4dd6ebc4ee518bf5d4e338ad99a2609abb36560a'}, {'id': '0x5db83c7993eecb7083ef45c8fac31d851770ed94'}, {'id': '0x6bfb5845e869ec2d222bdf89b94c8e79ed5984e1'}, {'id': '0x6cd1a4e69f093b78f9d1de5b5d5cbc17ae965bcb'}, {'id': '0x8126809ecfbec13878f32c52db18ec70b9d7fcc4'}, {'id': '0x8225d430f7a34d47c14e95b279d75e940993a7bf'}, {'id': '0x877088766252db019a0083da0f1418019ae37eb2'}, {'id': '0x8999938863f37c05c4ebb1752ab9987aa565b3fd'}, {'id': '0x8f9be4310f9abb0e5843cc6363908c9b01dfeb3f'}, {'id': '0x9d3e4809f29ab2f5a9ed1391ede2d03c5256a0c3'}, {'id': '0xa4228088b7e0e8976b03e9e5f96347efa1628186'}, {'id': '0xab7269f0af64e287b9a5ff6824a5d3dcbeb26b8f'}, {'id': '0xb4f52cdb6ddf949816ee179e6254255f20a74127'}, {'id': '0xbcbf0f8a1bb37477bac24cf60399a4f0e483526e'}, {'id': '0xc411ed887ae13c9c6467be85a688459c5a4af3d5'}, {'id': '0xd4f8a1bbee54c1533cf0ef8c6f877ada4dadca1b'}, {'id': '0xd64c36ff379816dc40043ac64c7c83a360f2359c'}, {'id': '0xd834dba6181d0d17cfeb920fe7b9e3c28f0645de'}, {'id': '0xe1938a9f6cbbbb82fb098fede6634b57202bd86a'}, {'id': '0xe3f5e632d07d39b0ae46ab2538e5260e8be31e4e'}, {'id': '0xeb9dc47e1822302803cc7a583a6fb4a162f31ac1'}, {'id': '0xfa576ef44cb2a98f7d2d67deaf3c4be180482206'}, {'id': '0xff85baabcd5279c24f0a25ed5843f19171118790'}]",0,[]
45,0xbd3f90047b14e4f392d6877276d52d0ac59f4cf8,1000000000000000000,2,"[{'id': '0x1c43819cd7e7e5f9013ca4500053c823ca8a205e'}, {'id': '0xbd3f90047b14e4f392d6877276d52d0ac59f4cf8'}]",0,[]
46,0xc290cfb8d020c0615e9c63036f4319cc41717e68,1021051345531851851666003,2,"[{'id': '0x5124fcb6acb2b44a9416bf878c82361859d32086'}, {'id': '0xc290cfb8d020c0615e9c63036f4319cc41717e68'}]",12,[]
47,0xc64ed730e030bdcb66e9b5703798bb4275a5a484,2500003863256279679919926,2,"[{'id': '0x6f327bcf6d78d7b518944b0f983a29ee086b8a04'}, {'id': '0xc64ed730e030bdcb66e9b5703798bb4275a5a484'}]",7,[{'id': '38039661896169014369819991993248484742775907013190887874433267503357333663101'}]
48,0xc6d1cd12c8a6c1e3971dc623d198b36b75ead0ad,221573858931607423,2,[{'id': '0xc6d1cd12c8a6c1e3971dc623d198b36b75ead0ad'}],0,[]
49,0xc8eefb8b3d50ca87da7f99a661720148acf97efa,5003290359544775767407617,5,"[{'id': '0x7bb7a70d50b7e0c8ffb28b717728afb8c56087ae'}, {'id': '0xa5eacbdbbbbb1df3ff1df90082f176eb55647ec0'}, {'id': '0xbd1f7d88c76a86c60d41bddd4819fae404e7151e'}, {'id': '0xc8eefb8b3d50ca87da7f99a661720148acf97efa'}]",7,[]
50,0xd62b6f9130831ad0742783695bad534c6c64d013,500016791927323681888,3,[{'id': '0xd62b6f9130831ad0742783695bad534c6c64d013'}],5,[]
51,0xda3de2ebb36a65b48ac3a514e18c80a8ae82f18b,5116785094990697404696,3,[{'id': '0xda3de2ebb36a65b48ac3a514e18c80a8ae82f18b'}],0,[]
52,0xdb2b295e16e08616b25af1815c68112e69591915,68400000000000000000,38,"[{'id': '0x06671ea37e5d6140f1cd8cd21608a2e2b9252e66'}, {'id': '0x07e9fa0295d42a5605434916810d66e47c097b4f'}, {'id': '0x0b2ff7879449f69ba0a58a5777b86b6db7b52075'}, {'id': '0x0c293c13afe8b5509f33c04c174ff324b8543a38'}, {'id': '0x1536e2790b4676f0696a8c28d6ae0af0f13bcc9c'}, {'id': '0x21fb7a63c462850a3878012f15e6c1f2e1b9c728'}, {'id': '0x2f54006bd81e53ab7ca440b23c30ebfed6ff37eb'}, {'id': '0x2fb9b113ccc52080514555535d4334c5f63124f3'}, {'id': '0x34b347cdd156d1e37029caa42574b31fe157db36'}, {'id': '0x36ab12745fde15b34a799282545e6c736734df97'}, {'id': '0x40173af91e08a9e19551324ea6fc26b64da55bbb'}, {'id': '0x420e0a208f66dc764742db6bcd2734c1d4307a47'}, {'id': '0x4ec1b3bada92a18aa01e95c712ed434b8d3d84eb'}, {'id': '0x5b56ba3eeea5a90b93b49b26d5921c32f2d4ddb9'}, {'id': '0x5bbe129938d87c6c3e33d07525fc7c6ba3b8dace'}, {'id': '0x5c35cca8b9a216dca4d7d150d92606fbb833bd58'}, {'id': '0x5d3c5186546aa8fc57058396f96826b956fcd4b5'}, {'id': '0x5d5d1c39f19c2e06295ae9e591c2df28b1c8703c'}, {'id': '0x5dadc379863fd015b37ec68ebaea53e785947387'}, {'id': '0x7967c7967adf1ba0cb191166002083be96cee1a7'}, {'id': '0x7a70fbe832e9f115b3ef300364d21f9835ff4edc'}, {'id': '0x7c1ff689fc0700daa84b584e7913c2bc01eeec07'}, {'id': '0x8fa9909c48647d8fd9f48ec5a2445a98a5cbffaa'}, {'id': '0x918d832534e2c9fa75a670cc62a18d543a49599c'}, {'id': '0x96cf602ee3950b929fe7f02070a4257f691908b8'}, {'id': '0x985640f4e391c3e2bffe13fd7be41db234009801'}, {'id': '0x9c83eff0644efb4f74bed0519a2098f42e3d6df8'}, {'id': '0xb07e0ab74400f14fc12a4929887e539981450926'}, {'id': '0xb4435a4c8b9d15bc0346c689a1d2c68cd31f49d0'}, {'id': '0xb8c8890405baf008652d372ed374b04e8dd50196'}, {'id': '0xbded39c3e246e70de066d03466c78c6a01f6fef2'}, {'id': '0xbe5be0a2886db739500bbd428bb8651ee1f2a0ee'}, {'id': '0xbef6061f174c547824eaf5a1335e4fc76c5f956a'}, {'id': '0xc77f9b9a4ecc0e3024149966852f76c5bd939181'}, {'id': '0xcebaa7904ef686eff34d4c2faf709d02c8e4c73c'}, {'id': '0xd7c5262c2565c1ec8ba2b43164eb3bf20f09a408'}, {'id': '0xe69b52b65a3fc26bf68c75700e9afb15391d9db5'}, {'id': '0xea93df286c449133ad309ed47df2631bee7f2ceb'}]",0,[]
53,0xdd12083655180f8cd455d3e017f8e30907ab5188,10950579227866197471,4,[{'id': '0xdd12083655180f8cd455d3e017f8e30907ab5188'}],0,[]
54,0xe0ac4559739bd36f0913fb0a3f5bfc19bcbacd52,10092796451825925211891305,81,"[{'id': '0x0161d1cc10116bb2a073a0c293d5e4f1a97a00b6'}, {'id': '0x019edcb493bd91e2b25b70f26d5d9041fd7ef946'}, {'id': '0x01db881d4638d542d53d58b35a34557ce4e561c7'}, {'id': '0x041af697fbc93670b50bff73ec9617de5cb73d37'}, {'id': '0x094a9009fe93a85658e4b49604fd8177620f8cd8'}, {'id': '0x0a6615b6ce80e78d6d63944fca9b2ca2f6cd352f'}, {'id': '0x12bd2d5beffa87cac0019e5a8ba18dadc49b13dd'}, {'id': '0x1388882a3b1d1f539026d988312968c457729ff0'}, {'id': '0x143a91e4bf3601968256b4be70dfadd5eb036e4e'}, {'id': '0x1561896754698ed252f118ba5ad370af91f0a0fc'}, {'id': '0x1b366f42d0478aff04c77105b4e994fa574dadca'}, {'id': '0x1c175fdca70f2f1bbe04e3075aa9f968d35e6eb8'}, {'id': '0x21b13115e2c148d283378108095cdcc48e02c673'}, {'id': '0x26facd73d27b480e0923a4deb0143f104cf6fabd'}, {'id': '0x27331de0261a9513bfef4f8f3e3005c60cf80702'}, {'id': '0x27d79cd0865b35da45d274bf31d2db0094e8665b'}, {'id': '0x2f45724d7e384b38d5c97206e78470544304887f'}, {'id': '0x353667248112af748e3565a41ef101daf57ae02a'}, {'id': '0x378ee17b01d3fbd05942fabeba43a453cddf4c45'}, {'id': '0x3ecb103e9b4f3f2976e16154d9ecc6d802cef99d'}, {'id': '0x42b1aa4444887fea1f0ba5325107a82188a1269f'}, {'id': '0x48c767aadf1c5f6abf59053aa7c463ba8d921de3'}, {'id': '0x4f76e9634a55c66ab8d17f97165670c9c98b1bb8'}, {'id': '0x5296fb84c09d2a623ee3e8063b0e0da2595c3fe8'}, {'id': '0x59f8bf460b6a7c41f716139285db1ca9d029caf7'}, {'id': '0x5be876ed0a9655133226be302ca6f5503e3da569'}, {'id': '0x5dd39a3fc1c33e4411438e79bf86d4fab4f6932f'}, {'id': '0x653aebf53914c6faec96fa2d5fdd39d21999e952'}, {'id': '0x6772baa3f01e33b6e043aa6c85f1f5ee76182126'}, {'id': '0x67c14dbcea6b4e203639466f29ce804cf6325ec7'}, {'id': '0x70500f74c6b6cb53190fd62654e03207ee06176d'}, {'id': '0x744289c817bd78c09721b5335fddddae75986204'}, {'id': '0x76b20a25373250d1229070d8876c45a675e61d89'}, {'id': '0x77158dab6bacee69a66218fdd295c8fd3d78d79f'}, {'id': '0x7b9044d2862e1bcf5212f9d41583c291cd5419f6'}, {'id': '0x7bc277050216d582e3cc95375041a06fc5755181'}, {'id': '0x80fb6fe495072be0e80db9e60eafae9e38b3865c'}, {'id': '0x82e2f0ab1d77a862a93edf5a3e64065434fa64f1'}, {'id': '0x831f365ee19c48fb0c7f92e3c7bfbc95710b2f7f'}, {'id': '0x8a867ff9e8123b9d44f233a21d64d3f751bdc8a6'}, {'id': '0x8d470921050899284b451d6a65f4204eee4aaf8f'}, {'id': '0x9371a03a0f8343c34218f4130640081da75c4689'}, {'id': '0x9b71aebdacf133d13c64d49e5dbb815c355260af'}, {'id': '0x9f4b1c14c6d1e18c1c2bad473d116202980e425e'}, {'id': '0xa5949539c0e2bae52bb610d9a52c893994949953'}, {'id': '0xa7236878c2672b8aad38e9c0447d5d1f8e9c1182'}, {'id': '0xabb8ee2fc78cca642c22619736f7d091835fae20'}, {'id': '0xaf2e919b59734b8d99f6bc1f62dc63d6519d14bc'}, {'id': '0xb10be5cbbf9655ed3648184ade56d3b4d6cedd4f'}, {'id': '0xb3bd674309ba3fd345134b28326326a0f0b3c6ed'}, {'id': '0xb6da110659ef762a381cf2d6f601eb19b5f5d51e'}, {'id': '0xba750c8f68b394c2e823d988ecd583a977f5eb21'}, {'id': '0xbb13b42c5b1c0771c08a358e2c87c47013cd6ebf'}, {'id': '0xbc2fb310d12243bd15ce29d1a5b93411259c06d7'}, {'id': '0xbd6596f108554404e09f31ef3f637bcefcda60cd'}, {'id': '0xbe926cab94de15118fa54962f0b82bbf652d1540'}, {'id': '0xc1e36163263b89bb2e5d2d694d28e496f1881749'}, {'id': '0xc370d2a5920344aa6b7d8d11250e3e861434cbdd'}, {'id': '0xc50f5e9aaa05d20d177f0937ed853819b02dce87'}, {'id': '0xc9994bd78b04ee72b934d3058e680ed2d7650eb4'}, {'id': '0xd03f665cd2e0f88aa13b413bbe3a0f76b05e67a7'}, {'id': '0xd5d30cf0b6755db0c1b414bb288e0ac55bbc983b'}, {'id': '0xd69e1e0dfc87f60147dea04830d079d7f099bb84'}, {'id': '0xd6add4f38cd314103ab705955eeaf9bafa4f176a'}, {'id': '0xd92225b98dc357cfc5a7a47428cb8851eb4b37b7'}, {'id': '0xde7a324e9f585e15180d05ce265b9fbe30069eca'}, {'id': '0xdf4dd7f972926d7d82b8a3bb3feb5254c368045c'}, {'id': '0xe0113615721abe514931c59dee576d959b1adf95'}, {'id': '0xebce5f29ff5ca9aa330ebdf7ec6b5f474bff271e'}, {'id': '0xed11c993cae7fc4aab522c9e3986b233657efc66'}, {'id': '0xf2e563f6fbf25cf23dbe57d25287e10339ad3b6f'}, {'id': '0xf32fc1113f4769f59984d615e91a8e94548f2790'}, {'id': '0xf3f39a5d1f439d0a1a5bdc520177345fa0f331da'}, {'id': '0xf9f2abcc9df889794b60f0791a784f5a97d32920'}, {'id': '0xfc143f933badbefe4e769047745cc23e02de0e90'}]",33,"[{'id': '114739598341321203160532989014059220831750422753014326839069706349934087327191'}, {'id': '15812851838923579560813132538154057188122556009569708685901700070430672511861'}, {'id': '16779246986503816978738315753835013381253621222878725311433219240932837515859'}, {'id': '34638646315892385079872793749730636599124522875845156644522678006687715901369'}, {'id': '35352825965290593619963926287136976535992260019512232369033890490308293973890'}, {'id': '39581665112081986502802534892213316345924730709285669333491862723284653153838'}, {'id': '43407590995831662915282048897465653709943178565853877949427236368533375905097'}, {'id': '55323459672884043207729506423315162375718282702684529618388438242775627571878'}, {'id': '56484515157292971397383581728889398421262024139508201843000757329659735116057'}, {'id': '84356740098786997231319625469313413552258187040867061736975896223940314838571'}, {'id': '86144318441525143972537689438924309648738129590343253118574802309305843176049'}, {'id': '89339990585389536482916191562905097266208835553711777602261945889341192985936'}, {'id': '95350699291559233969894926874586064836554064299212547920320505748177226392479'}, {'id': '96686993103134327090567928241787967019835211231210745102174800470768691128710'}]"
55,0xe81343d89d8aedde316317bb74d3ed96764748d6,1000000000000000000000000,2,"[{'id': '0xce2107ae728bfaecb272933f224cb8c83d8621e8'}, {'id': '0xe81343d89d8aedde316317bb74d3ed96764748d6'}]",2,[]
56,0xe8d848debb3a3e12aa815b15900c8e020b863f31,344161061447223349116,2,[{'id': '0xe8d848debb3a3e12aa815b15900c8e020b863f31'}],1,[]
57,0xf74aeeb894803475128be43b057f67477928bed5,2000000000000000000000000,2,"[{'id': '0x6cc6734145b832e6b7e29a996c016e65d3159775'}, {'id': '0xd45c50b46dd4f13c52cc721b1f28c02538378a3c'}]",3,[]
